{"type": "FeatureCollection", "features": [{"type": "Feature", "properties": {"ADMIN": "Uzbekistan", "ROLE": "background", "ISO2": "UZ"}, "geometry": {"type": "MultiPolygon", "coordinates": [[[[70.946777, 42.248682], [70.979004, 42.266553], [71.036035, 42.284668], [71.12998, 42.25], [71.212695, 42.206445], [71.232324, 42.186279], [71.228516, 42.162891], [71.032227, 42.077783], [70.910352, 42.037988], [70.856641, 42.030811], [70.841895, 42.019629], [70.80332, 41.922656], [70.727734, 41.905225], [70.630859, 41.875488], [70.562891, 41.830811], [70.45498, 41.725049], [70.180957, 41.571436], [70.176953, 41.53999], [70.200879, 41.514453], [70.290039, 41.496826], [70.407813, 41.449561], [70.471387, 41.412646], [70.645898, 41.460352], [70.688867, 41.449805], [70.734375, 41.400537], [70.782422, 41.2625], [70.860449, 41.224902], [70.962598, 41.195996], [71.025977, 41.186572], [71.110742, 41.152637], [71.223438, 41.139941], [71.298828, 41.15249], [71.393066, 41.123389], [71.408398, 41.136035], [71.420898, 41.341895], [71.5, 41.307471], [71.545605, 41.308057], [71.585547, 41.333252], [71.60625, 41.367432], [71.619629, 41.435449], [71.602246, 41.503271], [71.6375, 41.53418], [71.664941, 41.541211], [71.685156, 41.533008], [71.697266, 41.515576], [71.700684, 41.454004], [71.757715, 41.428027], [71.79248, 41.413135], [71.825781, 41.361035], [71.858008, 41.311377], [71.878613, 41.19502], [71.958496, 41.187061], [72.052441, 41.164746], [72.11543, 41.186572], [72.164258, 41.17373], [72.180957, 41.118457], [72.180664, 41.066846], [72.187305, 41.025928], [72.213086, 41.014258], [72.294922, 41.039941], [72.364063, 41.043457], [72.427344, 41.018945], [72.505957, 40.981689], [72.62041, 40.883789], [72.658301, 40.869922], [72.830957, 40.862158], [72.866602, 40.842334], [72.925977, 40.842432], [72.990039, 40.860107], [73.132129, 40.828516], [73.136914, 40.810645], [73.112891, 40.786035], [72.773828, 40.650391], [72.748828, 40.608691], [72.67959, 40.555615], [72.604102, 40.525439], [72.56748, 40.524365], [72.402051, 40.578076], [72.382617, 40.565137], [72.369043, 40.543457], [72.369727, 40.519727], [72.405957, 40.463086], [72.389258, 40.427393], [72.357715, 40.40166], [72.254004, 40.424219], [72.234668, 40.438623], [72.232813, 40.454395], [72.192871, 40.454443], [72.13125, 40.438623], [72.012598, 40.340723], [71.971094, 40.289502], [71.955664, 40.258594], [71.902734, 40.240967], [71.84541, 40.234326], [71.772656, 40.188037], [71.69248, 40.152344], [71.666797, 40.178613], [71.650879, 40.208008], [71.629883, 40.217139], [71.580469, 40.210254], [71.52041, 40.208984], [71.457422, 40.241992], [71.376172, 40.275195], [71.304688, 40.286914], [71.094531, 40.27124], [70.990625, 40.254883], [70.958008, 40.238867], [70.899414, 40.23457], [70.653125, 40.201172], [70.602734, 40.21416], [70.56582, 40.267139], [70.533594, 40.324512], [70.469922, 40.345361], [70.398242, 40.361377], [70.371582, 40.384131], [70.369727, 40.412012], [70.377148, 40.439258], [70.382617, 40.453516], [70.548828, 40.562793], [70.69834, 40.661182], [70.712012, 40.669092], [70.725586, 40.687793], [70.751074, 40.721777], [70.750977, 40.7396], [70.63916, 40.778564], [70.634766, 40.796582], [70.657324, 40.815088], [70.657324, 40.839648], [70.578223, 40.911475], [70.441504, 41.023438], [70.401953, 41.035107], [70.372656, 41.027637], [70.318945, 40.919238], [70.29209, 40.891699], [70.136328, 40.82041], [70.005664, 40.771436], [69.773242, 40.684277], [69.712891, 40.656982], [69.670801, 40.661963], [69.628418, 40.679053], [69.498242, 40.76709], [69.413867, 40.797168], [69.357227, 40.767383], [69.309375, 40.723926], [69.313965, 40.634766], [69.259961, 40.587646], [69.20625, 40.566553], [69.304199, 40.327393], [69.294434, 40.296582], [69.219531, 40.288135], [69.274902, 40.198096], [69.22832, 40.187598], [69.110352, 40.20874], [68.951758, 40.222607], [68.652539, 40.182666], [68.630664, 40.16709], [68.622461, 40.147266], [68.639746, 40.129199], [68.78457, 40.1271], [68.926855, 40.136328], [68.966016, 40.11958], [68.97207, 40.089941], [68.955664, 40.071338], [68.908496, 40.068213], [68.804688, 40.050342], [68.792773, 40.031494], [68.789453, 40.01333], [68.824414, 39.960791], [68.863867, 39.927344], [68.86875, 39.907471], [68.852246, 39.890967], [68.832422, 39.884326], [68.797656, 39.909131], [68.777832, 39.904199], [68.767969, 39.881836], [68.758203, 39.855566], [68.735254, 39.83623], [68.686914, 39.846289], [68.638965, 39.838867], [68.610352, 39.743262], [68.586133, 39.634961], [68.506934, 39.562793], [68.463281, 39.536719], [68.399023, 39.528857], [68.303027, 39.537695], [68.244922, 39.548291], [68.077148, 39.56416], [67.908594, 39.593799], [67.719043, 39.621387], [67.54248, 39.557617], [67.491699, 39.51875], [67.45957, 39.482422], [67.426172, 39.465576], [67.349609, 39.24209], [67.357617, 39.216699], [67.400391, 39.19668], [67.616504, 39.150293], [67.64834, 39.131055], [67.667285, 39.10918], [67.676563, 39.008496], [67.694434, 38.994629], [67.768555, 38.982227], [67.875684, 38.983008], [67.95957, 38.99292], [68.044336, 38.983594], [68.103516, 38.962012], [68.13252, 38.927637], [68.148535, 38.890625], [68.047852, 38.669287], [68.055957, 38.588916], [68.087207, 38.473535], [68.144141, 38.383105], [68.251367, 38.294531], [68.333105, 38.237793], [68.350293, 38.211035], [68.354492, 38.169531], [68.341211, 38.116797], [68.294043, 38.03291], [68.236523, 37.959668], [68.174023, 37.928418], [68.087598, 37.835449], [68.010938, 37.720947], [67.863574, 37.570703], [67.814355, 37.487012], [67.798047, 37.244971], [67.758984, 37.172217], [67.75293, 37.199805], [67.7, 37.227246], [67.607422, 37.22251], [67.546484, 37.235645], [67.517285, 37.26665], [67.441699, 37.258008], [67.319727, 37.20957], [67.195508, 37.235205], [67.068848, 37.334814], [66.827734, 37.371289], [66.522266, 37.348486], [66.510645, 37.458691], [66.511328, 37.59917], [66.525586, 37.785742], [66.629297, 37.932031], [66.626367, 37.959863], [66.60625, 37.986719], [66.574512, 38.010791], [66.389746, 38.050928], [66.335352, 38.072168], [66.263672, 38.118066], [66.173145, 38.166699], [66.094824, 38.200146], [65.971191, 38.244238], [65.857129, 38.26875], [65.790234, 38.250049], [65.728516, 38.226367], [65.670898, 38.225732], [65.612891, 38.238574], [65.399609, 38.348828], [65.07666, 38.539453], [64.820703, 38.672461], [64.659961, 38.736035], [64.621875, 38.756445], [64.531641, 38.816211], [64.309961, 38.977295], [64.162793, 38.953613], [63.952539, 39.05835], [63.763672, 39.160547], [63.720801, 39.188135], [63.506055, 39.3771], [63.291895, 39.499512], [63.058105, 39.633154], [62.906836, 39.716797], [62.650684, 39.858496], [62.525488, 39.944092], [62.483203, 39.975635], [62.441602, 40.03623], [62.375, 40.33208], [62.298047, 40.46748], [62.188477, 40.541211], [62.09502, 40.683301], [62.017578, 40.893799], [61.953516, 41.030615], [61.902832, 41.093701], [61.799902, 41.163428], [61.644531, 41.239844], [61.496973, 41.276074], [61.443652, 41.274609], [61.417383, 41.265137], [61.3875, 41.252148], [61.328906, 41.195117], [61.242383, 41.189209], [61.179297, 41.190576], [61.119922, 41.210889], [60.933203, 41.229004], [60.867188, 41.248682], [60.754883, 41.245752], [60.513574, 41.216162], [60.45498, 41.221631], [60.2, 41.348975], [60.089648, 41.399414], [60.067383, 41.427344], [60.06875, 41.476221], [60.106055, 41.545215], [60.137988, 41.594141], [60.124023, 41.644971], [60.075586, 41.700537], [60.075586, 41.759668], [60.108594, 41.792676], [60.176367, 41.782275], [60.200781, 41.803125], [60.19209, 41.834424], [60.155566, 41.857031], [60.106934, 41.907422], [59.962598, 41.954395], [59.941797, 41.973535], [59.949316, 41.99541], [59.974121, 42.018799], [59.979199, 42.068066], [59.981641, 42.131738], [60.000781, 42.164746], [60.006055, 42.19082], [59.985156, 42.211719], [59.936523, 42.236035], [59.858301, 42.295166], [59.762598, 42.301562], [59.451074, 42.299512], [59.354297, 42.323291], [59.276563, 42.356152], [59.199121, 42.481689], [59.15957, 42.511426], [59.123145, 42.523779], [59.03584, 42.528125], [58.930859, 42.540283], [58.876953, 42.561475], [58.72998, 42.676172], [58.589063, 42.778467], [58.532324, 42.681934], [58.477148, 42.662842], [58.353125, 42.671729], [58.259668, 42.688086], [58.206445, 42.666309], [58.151563, 42.628076], [58.162012, 42.602979], [58.204102, 42.576367], [58.288672, 42.527295], [58.418164, 42.406689], [58.476953, 42.340137], [58.48584, 42.316846], [58.474414, 42.299365], [58.457031, 42.291797], [58.431445, 42.29209], [58.39707, 42.29248], [58.377148, 42.312451], [58.370508, 42.346777], [58.327246, 42.398926], [58.28291, 42.428857], [58.234082, 42.447705], [58.165625, 42.461572], [58.075488, 42.486523], [58.028906, 42.487646], [57.983496, 42.458789], [57.945703, 42.42002], [57.923438, 42.335205], [57.855957, 42.231055], [57.814258, 42.189844], [57.686133, 42.164795], [57.381738, 42.156299], [57.290625, 42.123779], [57.228809, 42.084473], [57.113574, 41.957129], [57.033691, 41.914844], [56.964063, 41.856543], [56.984863, 41.669336], [57.018164, 41.450586], [57.07666, 41.38999], [57.113867, 41.371777], [57.118848, 41.350293], [57.094824, 41.331299], [57.064258, 41.307275], [57.017969, 41.263477], [56.96582, 41.265137], [56.86084, 41.276123], [56.773633, 41.287988], [56.479883, 41.300635], [56.241992, 41.31084], [55.977441, 41.322217], [55.977344, 41.551758], [55.977148, 41.781348], [55.977051, 42.010889], [55.976953, 42.24043], [55.976855, 42.469971], [55.976758, 42.699512], [55.97666, 42.929053], [55.976562, 43.158594], [55.976465, 43.388086], [55.976367, 43.617627], [55.97627, 43.847217], [55.976172, 44.076758], [55.976074, 44.306299], [55.975977, 44.53584], [55.975781, 44.765381], [55.975684, 44.994922], [56.100488, 45.023389], [56.25791, 45.059326], [56.40918, 45.093799], [56.58877, 45.134766], [56.791895, 45.181055], [56.965039, 45.220605], [57.17168, 45.267725], [57.329297, 45.303662], [57.477344, 45.337451], [57.666699, 45.377441], [57.961035, 45.439697], [58.125195, 45.474365], [58.291113, 45.509424], [58.449414, 45.54292], [58.555273, 45.555371], [58.668945, 45.507568], [58.807031, 45.441797], [58.945117, 45.375977], [59.083398, 45.310205], [59.221484, 45.244434], [59.35957, 45.178613], [59.497852, 45.112842], [59.635938, 45.04707], [59.774023, 44.981299], [59.912207, 44.915576], [60.050293, 44.849756], [60.188477, 44.783984], [60.32666, 44.718213], [60.464746, 44.652441], [60.60293, 44.586621], [60.741113, 44.52085], [60.879199, 44.455078], [61.00791, 44.393799], [61.065332, 44.348389], [61.09707, 44.248242], [61.160742, 44.168604], [61.271484, 44.082275], [61.385059, 43.993945], [61.525879, 43.877197], [61.623633, 43.796191], [61.723242, 43.713574], [61.887598, 43.577246], [61.990234, 43.492139], [62.071973, 43.489355], [62.237891, 43.50957], [62.459375, 43.536621], [62.634473, 43.558008], [62.846191, 43.583887], [63.047656, 43.608496], [63.207031, 43.627979], [63.444824, 43.613232], [63.679688, 43.598633], [63.848145, 43.588135], [64.013281, 43.577832], [64.208789, 43.565723], [64.318164, 43.558936], [64.443164, 43.551172], [64.496094, 43.571631], [64.604102, 43.613477], [64.706055, 43.652979], [64.811816, 43.693945], [64.905469, 43.714697], [65.003125, 43.649072], [65.084863, 43.573682], [65.170898, 43.494189], [65.270508, 43.417529], [65.366504, 43.372021], [65.496191, 43.310547], [65.570703, 43.205176], [65.670215, 43.0646], [65.735645, 42.972119], [65.803027, 42.876953], [65.901074, 42.914502], [66.005664, 42.95459], [66.100293, 42.99082], [66.088867, 42.873389], [66.078516, 42.76665], [66.062695, 42.605176], [66.049805, 42.472754], [66.015527, 42.314795], [66.013184, 42.194482], [66.01123, 42.08877], [66.00957, 42.004883], [66.193164, 42.001123], [66.328809, 41.99834], [66.498633, 41.994873], [66.515039, 41.889404], [66.537891, 41.74126], [66.572559, 41.606982], [66.60166, 41.494336], [66.645313, 41.348633], [66.668652, 41.270752], [66.709668, 41.17915], [66.749805, 41.15708], [66.814258, 41.142383], [67.038672, 41.15332], [67.225, 41.162354], [67.371582, 41.169531], [67.528027, 41.177148], [67.735059, 41.187256], [67.805078, 41.163916], [67.865723, 41.180273], [67.935742, 41.196582], [67.991406, 41.130029], [68.019727, 41.09624], [68.059375, 41.061279], [68.113086, 41.028613], [68.090332, 40.960254], [68.057031, 40.860596], [68.047656, 40.809277], [68.112305, 40.754053], [68.160254, 40.721777], [68.291895, 40.656104], [68.415039, 40.619434], [68.495703, 40.608643], [68.572656, 40.622656], [68.600684, 40.659961], [68.593652, 40.711279], [68.556543, 40.765137], [68.559277, 40.829297], [68.584082, 40.87627], [68.662793, 40.961523], [68.737109, 41.041895], [68.851172, 41.123828], [68.986914, 41.205029], [69.043457, 41.264111], [69.064941, 41.366943], [69.153613, 41.425244], [69.249316, 41.460254], [69.368359, 41.490576], [69.400977, 41.541895], [69.565137, 41.629053], [69.663867, 41.672119], [69.788086, 41.697314], [69.959961, 41.754053], [70.095605, 41.820508], [70.225879, 41.945996], [70.328906, 42.027979], [70.416016, 42.078564], [70.489063, 42.080273], [70.540137, 42.039453], [70.584277, 42.036035], [70.613281, 42.054736], [70.6625, 42.107471], [70.715234, 42.168652], [70.764551, 42.194189], [70.860352, 42.207227], [70.946777, 42.248682]], [[70.652539, 40.936621], [70.649219, 40.96084], [70.618359, 41.00166], [70.57207, 41.024805], [70.55, 41.014893], [70.56875, 40.981836], [70.622754, 40.934424], [70.652539, 40.936621]]], [[[71.206152, 39.892578], [71.15625, 39.883447], [71.064258, 39.884912], [71.011719, 39.895117], [71.043652, 39.976318], [71.044824, 39.992529], [71.041016, 39.994922], [71.014453, 40.005762], [70.974414, 40.038867], [70.960645, 40.087988], [70.97627, 40.133252], [71.005469, 40.152295], [71.024121, 40.14917], [71.080371, 40.079883], [71.130273, 40.059668], [71.228711, 40.048145], [71.179297, 39.979834], [71.215625, 39.906787], [71.206152, 39.892578]]], [[[71.779688, 39.950244], [71.75293, 39.907129], [71.705859, 39.917432], [71.668945, 39.946094], [71.68125, 39.968652], [71.736523, 39.980957], [71.765332, 39.993262], [71.789941, 39.995312], [71.779688, 39.950244]]]]}}, {"type": "Feature", "properties": {"ADMIN": "Turkmenistan", "ROLE": "background", "ISO2": "TM"}, "geometry": {"type": "MultiPolygon", "coordinates": [[[[53.10957, 38.803076], [53.100195, 38.756152], [53.045898, 38.897217], [53.018555, 39.052734], [53.05332, 39.096582], [53.092188, 39.094092], [53.055176, 39.037939], [53.10957, 38.803076]]], [[[55.977441, 41.322217], [56.241992, 41.31084], [56.479883, 41.300635], [56.773633, 41.287988], [56.86084, 41.276123], [56.96582, 41.265137], [57.017969, 41.263477], [57.064258, 41.307275], [57.094824, 41.331299], [57.118848, 41.350293], [57.113867, 41.371777], [57.07666, 41.38999], [57.018164, 41.450586], [56.984863, 41.669336], [56.964063, 41.856543], [57.033691, 41.914844], [57.113574, 41.957129], [57.228809, 42.084473], [57.290625, 42.123779], [57.381738, 42.156299], [57.686133, 42.164795], [57.814258, 42.189844], [57.855957, 42.231055], [57.923438, 42.335205], [57.945703, 42.42002], [57.983496, 42.458789], [58.028906, 42.487646], [58.075488, 42.486523], [58.165625, 42.461572], [58.234082, 42.447705], [58.28291, 42.428857], [58.327246, 42.398926], [58.370508, 42.346777], [58.377148, 42.312451], [58.39707, 42.29248], [58.431445, 42.29209], [58.457031, 42.291797], [58.474414, 42.299365], [58.48584, 42.316846], [58.476953, 42.340137], [58.418164, 42.406689], [58.288672, 42.527295], [58.204102, 42.576367], [58.162012, 42.602979], [58.151563, 42.628076], [58.206445, 42.666309], [58.259668, 42.688086], [58.353125, 42.671729], [58.477148, 42.662842], [58.532324, 42.681934], [58.589063, 42.778467], [58.72998, 42.676172], [58.876953, 42.561475], [58.930859, 42.540283], [59.03584, 42.528125], [59.123145, 42.523779], [59.15957, 42.511426], [59.199121, 42.481689], [59.276563, 42.356152], [59.354297, 42.323291], [59.451074, 42.299512], [59.762598, 42.301562], [59.858301, 42.295166], [59.936523, 42.236035], [59.985156, 42.211719], [60.006055, 42.19082], [60.000781, 42.164746], [59.981641, 42.131738], [59.979199, 42.068066], [59.974121, 42.018799], [59.949316, 41.99541], [59.941797, 41.973535], [59.962598, 41.954395], [60.106934, 41.907422], [60.155566, 41.857031], [60.19209, 41.834424], [60.200781, 41.803125], [60.176367, 41.782275], [60.108594, 41.792676], [60.075586, 41.759668], [60.075586, 41.700537], [60.124023, 41.644971], [60.137988, 41.594141], [60.106055, 41.545215], [60.06875, 41.476221], [60.067383, 41.427344], [60.089648, 41.399414], [60.2, 41.348975], [60.45498, 41.221631], [60.513574, 41.216162], [60.754883, 41.245752], [60.867188, 41.248682], [60.933203, 41.229004], [61.119922, 41.210889], [61.179297, 41.190576], [61.242383, 41.189209], [61.328906, 41.195117], [61.3875, 41.252148], [61.417383, 41.265137], [61.443652, 41.274609], [61.496973, 41.276074], [61.644531, 41.239844], [61.799902, 41.163428], [61.902832, 41.093701], [61.953516, 41.030615], [62.017578, 40.893799], [62.09502, 40.683301], [62.188477, 40.541211], [62.298047, 40.46748], [62.375, 40.33208], [62.441602, 40.03623], [62.483203, 39.975635], [62.525488, 39.944092], [62.650684, 39.858496], [62.906836, 39.716797], [63.058105, 39.633154], [63.291895, 39.499512], [63.506055, 39.3771], [63.720801, 39.188135], [63.763672, 39.160547], [63.952539, 39.05835], [64.162793, 38.953613], [64.309961, 38.977295], [64.531641, 38.816211], [64.621875, 38.756445], [64.659961, 38.736035], [64.820703, 38.672461], [65.07666, 38.539453], [65.399609, 38.348828], [65.612891, 38.238574], [65.670898, 38.225732], [65.728516, 38.226367], [65.790234, 38.250049], [65.857129, 38.26875], [65.971191, 38.244238], [66.094824, 38.200146], [66.173145, 38.166699], [66.263672, 38.118066], [66.335352, 38.072168], [66.389746, 38.050928], [66.574512, 38.010791], [66.60625, 37.986719], [66.626367, 37.959863], [66.629297, 37.932031], [66.525586, 37.785742], [66.511328, 37.59917], [66.510645, 37.458691], [66.522266, 37.348486], [66.471875, 37.344727], [66.350293, 37.368164], [66.108398, 37.414746], [65.900684, 37.508105], [65.765039, 37.569141], [65.743848, 37.56084], [65.683008, 37.519141], [65.641211, 37.467822], [65.608008, 37.368408], [65.55498, 37.251172], [65.303613, 37.246777], [65.089648, 37.237939], [64.951563, 37.193555], [64.816309, 37.13208], [64.782422, 37.059277], [64.753125, 36.964795], [64.674316, 36.750195], [64.602539, 36.554541], [64.56582, 36.427588], [64.511035, 36.340674], [64.358008, 36.226074], [64.184375, 36.148926], [64.092188, 36.112695], [64.051367, 36.067627], [64.042383, 36.025098], [64.009668, 36.012109], [63.938086, 36.019727], [63.8625, 36.012354], [63.696582, 35.967822], [63.516992, 35.913135], [63.30166, 35.858398], [63.178906, 35.858447], [63.12998, 35.846191], [63.108594, 35.818701], [63.12998, 35.766748], [63.150781, 35.728271], [63.169727, 35.678125], [63.119336, 35.637549], [63.08418, 35.568066], [63.056641, 35.445801], [62.980273, 35.40918], [62.858008, 35.349658], [62.722656, 35.271338], [62.688086, 35.255322], [62.610547, 35.233154], [62.533105, 35.239893], [62.462891, 35.251367], [62.386621, 35.23125], [62.307813, 35.170801], [62.271191, 35.189111], [62.252832, 35.250244], [62.213086, 35.289941], [62.089648, 35.379687], [61.983887, 35.443701], [61.938086, 35.4479], [61.841016, 35.431494], [61.719727, 35.419434], [61.620996, 35.432324], [61.542773, 35.457861], [61.421777, 35.545801], [61.377734, 35.593115], [61.344727, 35.629492], [61.262012, 35.61958], [61.238867, 35.659277], [61.235547, 35.705566], [61.258691, 35.761816], [61.252148, 35.867627], [61.205859, 35.943701], [61.15293, 35.976758], [61.159473, 35.999902], [61.182617, 36.052832], [61.212402, 36.099121], [61.212012, 36.190527], [61.175098, 36.289697], [61.160352, 36.432715], [61.169922, 36.572266], [61.119629, 36.642578], [60.70791, 36.642969], [60.341309, 36.637646], [60.320703, 36.653564], [60.17832, 36.829443], [60.062793, 36.962891], [59.948633, 37.041602], [59.687207, 37.138477], [59.562207, 37.178906], [59.45498, 37.252832], [59.367383, 37.33374], [59.344727, 37.444727], [59.326953, 37.481152], [59.301758, 37.510645], [59.274121, 37.52373], [59.24082, 37.520752], [58.937207, 37.649658], [58.81543, 37.683496], [58.700781, 37.65625], [58.650195, 37.651562], [58.550488, 37.688184], [58.435742, 37.638525], [58.386719, 37.635352], [58.318164, 37.647217], [58.261621, 37.66582], [58.108789, 37.783057], [57.980566, 37.830469], [57.888184, 37.86084], [57.710547, 37.905273], [57.520996, 37.928467], [57.423828, 37.947705], [57.353711, 37.97334], [57.335742, 37.989941], [57.336719, 38.03291], [57.331445, 38.089307], [57.308105, 38.130371], [57.260156, 38.17959], [57.193555, 38.216406], [57.079004, 38.209961], [56.906641, 38.213037], [56.774609, 38.250049], [56.669922, 38.256641], [56.544043, 38.249609], [56.440625, 38.249414], [56.366895, 38.22251], [56.324121, 38.191113], [56.296973, 38.094824], [56.27207, 38.08042], [56.228809, 38.073389], [56.171191, 38.078369], [56.050293, 38.077539], [55.841309, 38.094629], [55.578418, 38.099756], [55.380859, 38.051123], [55.224707, 37.981348], [55.075586, 37.90249], [54.900098, 37.77793], [54.848633, 37.722656], [54.745215, 37.501904], [54.699414, 37.470166], [54.639648, 37.444727], [54.578906, 37.440234], [54.458691, 37.407568], [54.299805, 37.353613], [54.191602, 37.332471], [53.91416, 37.343555], [53.897852, 37.413574], [53.847852, 37.66958], [53.823535, 37.92793], [53.825195, 38.046924], [53.854102, 38.285645], [53.851855, 38.405908], [53.840039, 38.514941], [53.851562, 38.621777], [53.87373, 38.741943], [53.885352, 38.864062], [53.868652, 38.949268], [53.814941, 39.018018], [53.724121, 39.103076], [53.709766, 39.153418], [53.70459, 39.20957], [53.617578, 39.215967], [53.539453, 39.274072], [53.475, 39.305713], [53.336328, 39.34082], [53.266797, 39.342627], [53.20332, 39.316797], [53.156641, 39.26499], [53.124023, 39.34668], [53.124805, 39.43208], [53.235645, 39.608545], [53.30498, 39.55708], [53.389648, 39.536426], [53.497363, 39.533301], [53.603125, 39.546973], [53.582422, 39.607422], [53.533301, 39.641748], [53.472266, 39.668799], [53.450488, 39.748535], [53.458301, 39.831201], [53.487305, 39.909375], [53.454297, 39.940869], [53.404199, 39.960352], [53.288574, 39.958008], [53.138574, 39.978662], [52.9875, 39.987598], [52.952148, 39.895459], [53.035547, 39.774414], [52.964844, 39.833887], [52.898242, 39.9125], [52.804688, 40.054004], [52.744434, 40.219775], [52.733691, 40.39873], [52.784766, 40.546729], [52.849902, 40.685645], [52.889258, 40.863477], [52.943457, 41.038086], [52.997656, 40.959863], [53.05957, 40.889746], [53.145215, 40.824951], [53.191992, 40.809473], [53.33291, 40.782715], [53.423633, 40.792773], [53.520313, 40.831055], [53.615234, 40.818506], [53.69375, 40.746436], [53.76377, 40.665674], [53.87002, 40.648682], [54.088867, 40.70708], [54.192969, 40.72041], [54.283301, 40.693701], [54.329883, 40.68877], [54.377344, 40.693262], [54.33623, 40.764941], [54.319434, 40.83457], [54.374414, 40.871387], [54.54707, 40.832275], [54.657031, 40.85835], [54.685059, 40.873047], [54.710059, 40.891113], [54.723242, 40.95127], [54.717969, 41.012988], [54.703711, 41.071143], [54.671484, 41.122168], [54.592188, 41.193555], [54.28457, 41.363721], [54.181055, 41.431592], [54.094824, 41.519385], [54.039844, 41.643359], [53.995215, 41.772559], [53.953809, 41.868457], [53.846484, 42.091162], [53.804688, 42.117627], [53.752344, 42.129395], [53.624902, 42.136377], [53.495898, 42.120166], [53.284961, 42.081836], [53.16416, 42.093799], [53.108301, 42.070068], [52.97002, 41.976221], [52.905273, 41.895752], [52.814844, 41.711816], [52.883496, 41.652539], [52.882227, 41.613672], [52.830176, 41.341895], [52.861816, 41.210059], [52.850391, 41.200293], [52.825586, 41.230859], [52.747266, 41.36543], [52.609375, 41.529443], [52.493848, 41.780371], [52.696875, 41.944385], [52.870508, 42.060596], [53.0125, 42.130713], [53.055859, 42.147754], [53.250098, 42.205859], [53.500781, 42.258252], [53.685352, 42.296875], [53.926367, 42.329785], [54.005176, 42.335889], [54.120996, 42.335205], [54.214941, 42.304199], [54.271875, 42.27998], [54.472852, 42.180176], [54.67793, 42.078223], [54.853809, 41.965186], [54.903711, 41.919092], [54.931641, 41.864014], [54.952344, 41.81001], [55.101855, 41.638721], [55.162305, 41.560254], [55.249609, 41.458105], [55.319727, 41.408398], [55.388379, 41.346924], [55.434375, 41.296289], [55.487012, 41.272266], [55.545215, 41.262744], [55.678613, 41.278809], [55.839063, 41.310791], [55.934961, 41.324121], [55.977441, 41.322217]]]]}}, {"type": "Feature", "properties": {"ADMIN": "Tunisia", "ROLE": "background", "ISO2": "TN"}, "geometry": {"type": "MultiPolygon", "coordinates": [[[[11.50459, 33.181934], [11.502441, 33.155566], [11.467188, 32.965723], [11.45918, 32.897363], [11.453906, 32.781689], [11.453906, 32.642578], [11.533789, 32.524951], [11.535938, 32.47334], [11.50498, 32.413672], [11.358008, 32.345215], [11.168262, 32.256738], [11.005176, 32.172705], [10.826367, 32.080664], [10.771582, 32.021191], [10.683008, 31.975391], [10.608887, 31.929541], [10.595508, 31.885742], [10.543652, 31.802539], [10.475781, 31.736035], [10.306055, 31.704834], [10.274609, 31.684961], [10.195996, 31.585107], [10.159863, 31.545801], [10.114941, 31.46377], [10.172656, 31.250977], [10.243359, 31.032129], [10.257031, 30.94082], [10.256055, 30.864941], [10.216406, 30.783203], [10.125977, 30.665967], [10.059766, 30.580078], [9.93252, 30.425342], [9.89502, 30.387305], [9.807422, 30.342236], [9.637988, 30.282324], [9.51875, 30.229395], [9.458008, 30.465381], [9.406055, 30.666797], [9.363281, 30.83291], [9.287891, 31.125342], [9.224023, 31.373682], [9.160254, 31.621338], [9.102344, 31.846143], [9.044043, 32.072363], [9.018945, 32.105371], [8.844043, 32.212109], [8.68291, 32.310449], [8.515137, 32.422314], [8.333398, 32.543604], [8.304199, 32.696289], [8.210938, 32.926709], [8.1125, 33.055322], [8.075586, 33.089062], [7.877246, 33.172119], [7.762695, 33.233105], [7.731348, 33.268506], [7.70918, 33.362305], [7.627539, 33.548633], [7.534375, 33.71792], [7.500195, 33.832471], [7.495605, 33.976514], [7.513867, 34.080518], [7.554492, 34.125], [7.748535, 34.254492], [7.838281, 34.410303], [7.949414, 34.468701], [8.045605, 34.512695], [8.123438, 34.563916], [8.192773, 34.646289], [8.245605, 34.734082], [8.254688, 34.828955], [8.276855, 34.979492], [8.312109, 35.084619], [8.394238, 35.203857], [8.359863, 35.299609], [8.316406, 35.403125], [8.329004, 35.582227], [8.318066, 35.654932], [8.28291, 35.719287], [8.24707, 35.801807], [8.245703, 35.870557], [8.280273, 36.050977], [8.306738, 36.18877], [8.34873, 36.367969], [8.333984, 36.418164], [8.302734, 36.455615], [8.208789, 36.495117], [8.207617, 36.518945], [8.230762, 36.545264], [8.369629, 36.63252], [8.444238, 36.760742], [8.506738, 36.7875], [8.60127, 36.833936], [8.597656, 36.883887], [8.576563, 36.937207], [8.823535, 36.997607], [9.058887, 37.155859], [9.141992, 37.194629], [9.687988, 37.340381], [9.758887, 37.330273], [9.838477, 37.308984], [9.815527, 37.254639], [9.783984, 37.211426], [9.830273, 37.135352], [9.896387, 37.181641], [9.879395, 37.212842], [9.875586, 37.25415], [9.988086, 37.257764], [10.087402, 37.25127], [10.196387, 37.205859], [10.18877, 37.033887], [10.334082, 36.865381], [10.293262, 36.781494], [10.412305, 36.731836], [10.518164, 36.791357], [10.571289, 36.879443], [10.766211, 36.930273], [10.951367, 37.059277], [11.053906, 37.07251], [11.077051, 36.966699], [11.12666, 36.874072], [11.056543, 36.841455], [10.967188, 36.743018], [10.798145, 36.493115], [10.642383, 36.419629], [10.525684, 36.32334], [10.487988, 36.254883], [10.476562, 36.175146], [10.505762, 36.032422], [10.59082, 35.887256], [10.688965, 35.799512], [10.783691, 35.77207], [11.004297, 35.633838], [11.000684, 35.551611], [11.031543, 35.453857], [11.043262, 35.335107], [11.120117, 35.240283], [10.955859, 35.033643], [10.866211, 34.884326], [10.690918, 34.678467], [10.534863, 34.544727], [10.200391, 34.346045], [10.118359, 34.280078], [10.064844, 34.211621], [10.040039, 34.140332], [10.049023, 34.056299], [10.158984, 33.850049], [10.305273, 33.728271], [10.454297, 33.6625], [10.713184, 33.689014], [10.704297, 33.609668], [10.722754, 33.514404], [10.828125, 33.518896], [10.898438, 33.533691], [10.958008, 33.626318], [11.08457, 33.562891], [11.150293, 33.369238], [11.257422, 33.308838], [11.269922, 33.286328], [11.232129, 33.271582], [11.202637, 33.249219], [11.234277, 33.233594], [11.338086, 33.209473], [11.400586, 33.224902], [11.50459, 33.181934]]], [[[11.278027, 34.753809], [11.123633, 34.681689], [11.153027, 34.74458], [11.254883, 34.820312], [11.281055, 34.802197], [11.278027, 34.753809]]], [[[10.957617, 33.72207], [10.931348, 33.717432], [10.883008, 33.690186], [10.857422, 33.687158], [10.784766, 33.717676], [10.757031, 33.71748], [10.72207, 33.738916], [10.733887, 33.855615], [10.745215, 33.888672], [10.921973, 33.893115], [11.017871, 33.82334], [11.033594, 33.805029], [11.037598, 33.785059], [10.993066, 33.745947], [10.957617, 33.72207]]]]}}, {"type": "Feature", "properties": {"ADMIN": "Syria", "ROLE": "background", "ISO2": "SY"}, "geometry": {"type": "Polygon", "coordinates": [[[35.892676, 35.916553], [35.967578, 35.910059], [36.127344, 35.831445], [36.153613, 35.833887], [36.201953, 35.937549], [36.248828, 35.972705], [36.347559, 36.003516], [36.375391, 36.17124], [36.421484, 36.203467], [36.477051, 36.220703], [36.562402, 36.223926], [36.636719, 36.233984], [36.641406, 36.263525], [36.5375, 36.457422], [36.54668, 36.506348], [36.596875, 36.701367], [36.628418, 36.777686], [36.658594, 36.802539], [36.776563, 36.792676], [36.941797, 36.758398], [36.985352, 36.702393], [37.066211, 36.652637], [37.187402, 36.655908], [37.327051, 36.646582], [37.436328, 36.643311], [37.523535, 36.67832], [37.720313, 36.743701], [37.817969, 36.765576], [37.906641, 36.794629], [38.191699, 36.901562], [38.305859, 36.893359], [38.383984, 36.879248], [38.44375, 36.862256], [38.578027, 36.789111], [38.688867, 36.715088], [38.766602, 36.693115], [38.906445, 36.694678], [39.108398, 36.680566], [39.356641, 36.681592], [39.501465, 36.702246], [39.686523, 36.738623], [40.016406, 36.826074], [40.450391, 37.008887], [40.705664, 37.097705], [40.815625, 37.108154], [40.958887, 37.10918], [41.102148, 37.085889], [41.264648, 37.069336], [41.339551, 37.070801], [41.515527, 37.08916], [41.743555, 37.126123], [41.886816, 37.156396], [42.059863, 37.206055], [42.167871, 37.288623], [42.202734, 37.297266], [42.247559, 37.282227], [42.268555, 37.276562], [42.312891, 37.22959], [42.358984, 37.108594], [42.359082, 37.09502], [42.350098, 37.060596], [42.237305, 36.961133], [42.083984, 36.826025], [41.974023, 36.74082], [41.788574, 36.597168], [41.650195, 36.566406], [41.416797, 36.514648], [41.354199, 36.464404], [41.295996, 36.38335], [41.261816, 36.272461], [41.251758, 36.203027], [41.245605, 36.073389], [41.300195, 35.938965], [41.352637, 35.809961], [41.359375, 35.724609], [41.354102, 35.64043], [41.30332, 35.550635], [41.24834, 35.42749], [41.216406, 35.288184], [41.199609, 35.027393], [41.199219, 34.805322], [41.194727, 34.768994], [41.099023, 34.612305], [40.987012, 34.429053], [40.935059, 34.386572], [40.689453, 34.332031], [40.421484, 34.197754], [40.121973, 34.047656], [39.85, 33.911377], [39.564453, 33.768359], [39.268359, 33.62002], [39.056738, 33.514014], [38.773535, 33.372217], [38.515625, 33.236621], [38.254297, 33.099219], [38.055762, 32.994873], [37.754102, 32.829834], [37.577441, 32.733057], [37.317578, 32.590771], [37.088965, 32.465527], [36.818359, 32.317285], [36.479199, 32.361328], [36.37207, 32.386914], [36.284277, 32.457471], [36.219727, 32.495117], [36.059473, 32.533789], [35.956445, 32.666699], [35.894727, 32.71377], [35.787305, 32.734912], [35.833283, 32.820094], [35.841863, 32.875954], [35.887977, 32.944379], [35.859022, 32.989367], [35.84508, 33.084665], [35.824704, 33.108024], [35.817197, 33.133173], [35.833283, 33.163702], [35.826849, 33.195117], [35.808618, 33.208577], [35.800038, 33.256121], [35.785024, 33.291089], [35.792531, 33.334107], [35.816125, 33.361879], [35.840738, 33.415661], [35.869141, 33.431738], [35.914746, 33.465381], [35.926563, 33.500293], [35.967578, 33.53457], [36.022266, 33.5625], [36.034473, 33.585059], [36.02666, 33.597949], [35.97168, 33.623096], [35.942383, 33.667578], [35.968457, 33.732422], [35.986133, 33.752637], [36.018848, 33.783936], [36.092188, 33.831592], [36.149805, 33.839502], [36.199414, 33.839551], [36.283398, 33.835596], [36.348535, 33.827051], [36.365039, 33.839355], [36.362793, 33.855127], [36.282227, 33.894189], [36.277832, 33.925293], [36.297852, 33.958643], [36.354883, 34.011328], [36.422852, 34.049854], [36.45752, 34.056836], [36.535156, 34.134326], [36.584961, 34.22124], [36.504395, 34.432373], [36.455566, 34.466162], [36.376465, 34.495166], [36.329883, 34.499609], [36.32627, 34.51333], [36.388672, 34.566895], [36.433008, 34.613477], [36.383887, 34.65791], [36.296289, 34.678711], [36.263574, 34.632861], [36.151074, 34.628613], [35.97627, 34.629199], [35.899316, 34.8521], [35.887891, 34.948633], [35.889941, 35.060303], [35.943066, 35.223828], [35.918066, 35.299512], [35.916016, 35.350537], [35.902441, 35.420703], [35.764453, 35.571582], [35.839648, 35.849219], [35.892676, 35.916553]]]}}, {"type": "Feature", "properties": {"ADMIN": "Saudi Arabia", "ROLE": "background", "ISO2": "SA"}, "geometry": {"type": "MultiPolygon", "coordinates": [[[[36.90166, 25.383057], [36.875195, 25.383057], [36.805078, 25.450732], [36.763867, 25.500586], [36.72207, 25.534033], [36.530273, 25.601562], [36.504297, 25.645117], [36.533594, 25.688721], [36.554102, 25.645361], [36.58877, 25.619824], [36.747559, 25.55874], [36.924414, 25.425537], [36.954785, 25.414648], [36.90166, 25.383057]]], [[[41.987695, 16.715625], [42.065039, 16.710059], [42.033203, 16.741943], [42.026367, 16.757666], [42.059961, 16.803516], [42.17041, 16.708643], [42.167188, 16.596387], [42.157813, 16.570703], [42.127734, 16.594824], [42.108398, 16.618457], [42.102344, 16.643945], [42.071777, 16.671484], [41.96416, 16.653467], [41.897266, 16.684277], [41.801563, 16.77876], [41.776074, 16.846875], [41.816113, 16.860156], [41.858203, 16.89292], [41.884961, 16.946826], [41.860449, 17.002539], [41.917285, 16.993652], [41.947949, 16.936426], [41.953906, 16.80625], [41.9625, 16.778662], [41.94668, 16.748926], [41.987695, 16.715625]]], [[[51.977637, 18.996143], [51.742969, 18.964551], [51.514941, 18.933887], [51.258398, 18.899365], [50.95, 18.857861], [50.708203, 18.825293], [50.355273, 18.777783], [50.038965, 18.735254], [49.74209, 18.695312], [49.445117, 18.655322], [49.192383, 18.621338], [49.041992, 18.581787], [48.864844, 18.495215], [48.592969, 18.362402], [48.31582, 18.227051], [48.172168, 18.156934], [48.02168, 17.976953], [47.945508, 17.88584], [47.807813, 17.721094], [47.703711, 17.596826], [47.57959, 17.44834], [47.525391, 17.316113], [47.441797, 17.111865], [47.369629, 17.0604], [47.25127, 16.993945], [47.143555, 16.94668], [46.975684, 16.953467], [46.87998, 17.079004], [46.778516, 17.212109], [46.727637, 17.265576], [46.682031, 17.268555], [46.513477, 17.25166], [46.310352, 17.231299], [46.070801, 17.253174], [45.794434, 17.278418], [45.535352, 17.302051], [45.406543, 17.319775], [45.236621, 17.406201], [45.192773, 17.423389], [45.148047, 17.427441], [44.946484, 17.42959], [44.746777, 17.431689], [44.546484, 17.404346], [44.354688, 17.414355], [44.155957, 17.398535], [44.085938, 17.365527], [44.008203, 17.36748], [43.959668, 17.33833], [43.916992, 17.324707], [43.866406, 17.349609], [43.804297, 17.344141], [43.712988, 17.365527], [43.653418, 17.421875], [43.597266, 17.471436], [43.539258, 17.49873], [43.474219, 17.515918], [43.417969, 17.51626], [43.346094, 17.486035], [43.302148, 17.456787], [43.190918, 17.359375], [43.186328, 17.324707], [43.236914, 17.266455], [43.221387, 17.239258], [43.155957, 17.205029], [43.135938, 17.112988], [43.126172, 17.062451], [43.116504, 16.941992], [43.145605, 16.846777], [43.184473, 16.811816], [43.186328, 16.770996], [43.165039, 16.689404], [43.104785, 16.66416], [43.060742, 16.586621], [43.033594, 16.550391], [42.986328, 16.509082], [42.799316, 16.371777], [42.789844, 16.451562], [42.730664, 16.569824], [42.726367, 16.65332], [42.698828, 16.736963], [42.647461, 16.801367], [42.55293, 16.868457], [42.544141, 16.959668], [42.475, 17.049854], [42.383301, 17.122461], [42.332422, 17.256641], [42.293945, 17.434961], [42.052246, 17.669336], [41.75, 17.885742], [41.658008, 18.007666], [41.507617, 18.256104], [41.431738, 18.452441], [41.229492, 18.678418], [41.220801, 18.765234], [41.19082, 18.871191], [41.144141, 18.989063], [41.116016, 19.082178], [40.913281, 19.490137], [40.847852, 19.555273], [40.791602, 19.646387], [40.777051, 19.716895], [40.75918, 19.755469], [40.615918, 19.822363], [40.482227, 19.993457], [40.080664, 20.265918], [39.884082, 20.292969], [39.72832, 20.390332], [39.613672, 20.517676], [39.491211, 20.737012], [39.276074, 20.973975], [39.093555, 21.310352], [39.150684, 21.432764], [39.14707, 21.518994], [39.091016, 21.663965], [39.029785, 21.775977], [38.987891, 21.881738], [39.021191, 22.033447], [39.033984, 22.203369], [39.069922, 22.293652], [39.095898, 22.392773], [39.062012, 22.592187], [39.001367, 22.698975], [39.007422, 22.770068], [38.93877, 22.804785], [38.88291, 22.882031], [38.941113, 22.881836], [38.835547, 22.989063], [38.796875, 23.048584], [38.757031, 23.194287], [38.706055, 23.305518], [38.542285, 23.55791], [38.46416, 23.711865], [38.288867, 23.910986], [38.098633, 24.058008], [37.977832, 24.124561], [37.919727, 24.1854], [37.820996, 24.1875], [37.713379, 24.274414], [37.638184, 24.277734], [37.543066, 24.29165], [37.430957, 24.459033], [37.338477, 24.61582], [37.180859, 24.82002], [37.22041, 24.87334], [37.266309, 24.960059], [37.243457, 25.073437], [37.218359, 25.150684], [37.148828, 25.291113], [36.920703, 25.641162], [36.860156, 25.69248], [36.762695, 25.751318], [36.702539, 25.902881], [36.675195, 26.038867], [36.51875, 26.104883], [36.249609, 26.594775], [36.09375, 26.76582], [36.032031, 26.881006], [35.85166, 27.070459], [35.762988, 27.258789], [35.581348, 27.432471], [35.423828, 27.733789], [35.180469, 28.034863], [35.07832, 28.087012], [34.827539, 28.108594], [34.72207, 28.130664], [34.625, 28.064502], [34.616211, 28.14834], [34.683301, 28.264111], [34.779883, 28.507324], [34.799121, 28.720508], [34.950781, 29.353516], [35.16377, 29.320947], [35.33916, 29.294092], [35.595313, 29.254883], [35.860352, 29.214258], [36.01543, 29.190479], [36.068457, 29.200537], [36.282813, 29.355371], [36.476074, 29.495117], [36.591797, 29.666113], [36.703906, 29.831641], [36.755273, 29.866016], [36.927051, 29.89707], [37.199414, 29.946289], [37.469238, 29.995068], [37.490723, 30.011719], [37.553613, 30.14458], [37.633594, 30.313281], [37.649902, 30.330957], [37.669727, 30.348145], [37.862891, 30.442627], [37.980078, 30.5], [37.812988, 30.669287], [37.655469, 30.828955], [37.479004, 31.007764], [37.329492, 31.146826], [37.105273, 31.355176], [36.958594, 31.491504], [37.215625, 31.556104], [37.493359, 31.625879], [37.773828, 31.696338], [38.111426, 31.781152], [38.375488, 31.847461], [38.769629, 31.946484], [38.962305, 31.994922], [38.99707, 32.007471], [39.14541, 32.124512], [39.368652, 32.091748], [39.704102, 32.042529], [40.027832, 31.99502], [40.369336, 31.938965], [40.478906, 31.893359], [40.808398, 31.725439], [41.022461, 31.616357], [41.272461, 31.489014], [41.585059, 31.329736], [41.799707, 31.220361], [42.074414, 31.080371], [42.288574, 30.92041], [42.559766, 30.717773], [42.857715, 30.495215], [43.103125, 30.322217], [43.44082, 30.083984], [43.77373, 29.849219], [44.099609, 29.619336], [44.360742, 29.435254], [44.69082, 29.202344], [44.716504, 29.193604], [45.050293, 29.16709], [45.498926, 29.131543], [45.949707, 29.09585], [46.356445, 29.063672], [46.531445, 29.09624], [46.724805, 29.074609], [46.982227, 29.045654], [47.13877, 29.026172], [47.433203, 28.989551], [47.521289, 28.837842], [47.553223, 28.731543], [47.583105, 28.627979], [47.671289, 28.533154], [47.871973, 28.535449], [48.049609, 28.5375], [48.26875, 28.540527], [48.44248, 28.54292], [48.498535, 28.448877], [48.523047, 28.355029], [48.626367, 28.132568], [48.77373, 27.959082], [48.808984, 27.895898], [48.832813, 27.800684], [48.807227, 27.765283], [48.797168, 27.724316], [48.906445, 27.629053], [49.086914, 27.548584], [49.15752, 27.528223], [49.2375, 27.492725], [49.175098, 27.437646], [49.281543, 27.310498], [49.405273, 27.180957], [49.537695, 27.151758], [49.716504, 26.955859], [49.986133, 26.828906], [50.149805, 26.662646], [50.134668, 26.659521], [50.086621, 26.676416], [50.026367, 26.699219], [50.008105, 26.678516], [50.011328, 26.608789], [50.027344, 26.526855], [50.110742, 26.455957], [50.184961, 26.404932], [50.213867, 26.308496], [50.155469, 26.100537], [50.135254, 26.100684], [50.095996, 26.118701], [50.053906, 26.122852], [50.031641, 26.110986], [50.081055, 25.961377], [50.130273, 25.846631], [50.189648, 25.755811], [50.238965, 25.622852], [50.28125, 25.566113], [50.455176, 25.424805], [50.508496, 25.306689], [50.55791, 25.08667], [50.666895, 24.963818], [50.725586, 24.869385], [50.804395, 24.789258], [50.855664, 24.679639], [50.92832, 24.595117], [50.966016, 24.573926], [51.022754, 24.565234], [51.093359, 24.564648], [51.178027, 24.586719], [51.267969, 24.607227], [51.338477, 24.564355], [51.41123, 24.570801], [51.418359, 24.530957], [51.369922, 24.476904], [51.309863, 24.340381], [51.395215, 24.318848], [51.476758, 24.308203], [51.534766, 24.286328], [51.568359, 24.286182], [51.568359, 24.25791], [51.572168, 24.12832], [51.592578, 24.078857], [51.629297, 24.03501], [51.684375, 23.969531], [51.739355, 23.904004], [51.794336, 23.838477], [51.849414, 23.772998], [51.904395, 23.70752], [51.959473, 23.641992], [52.014453, 23.576465], [52.069434, 23.510986], [52.124512, 23.445459], [52.179492, 23.37998], [52.23457, 23.314453], [52.289551, 23.248975], [52.344531, 23.183496], [52.399609, 23.117969], [52.45459, 23.052441], [52.50957, 22.986963], [52.555078, 22.932812], [52.63916, 22.92251], [52.665918, 22.919287], [52.741602, 22.91001], [52.859277, 22.895605], [53.011914, 22.877002], [53.192383, 22.854932], [53.394043, 22.830322], [53.60957, 22.804004], [53.832129, 22.776807], [54.05459, 22.749658], [54.270117, 22.72334], [54.47168, 22.69873], [54.652246, 22.67666], [54.804883, 22.658008], [54.922461, 22.643652], [54.998242, 22.634375], [55.025, 22.631152], [55.104297, 22.621484], [55.119434, 22.623926], [55.18584, 22.704102], [55.259277, 22.590918], [55.320117, 22.496924], [55.403809, 22.367822], [55.492773, 22.230664], [55.577734, 22.099512], [55.641016, 22.001855], [55.607422, 21.900391], [55.570801, 21.789697], [55.53418, 21.679004], [55.497559, 21.568311], [55.460938, 21.457617], [55.424316, 21.346924], [55.387695, 21.23623], [55.351074, 21.125537], [55.314453, 21.014795], [55.27793, 20.904102], [55.241211, 20.793408], [55.20459, 20.682715], [55.168066, 20.572021], [55.131445, 20.461328], [55.094727, 20.350635], [55.058203, 20.239941], [55.021484, 20.129248], [54.977344, 19.995947], [54.871094, 19.960498], [54.699023, 19.903125], [54.527051, 19.845801], [54.35498, 19.788477], [54.183008, 19.731152], [54.010938, 19.673828], [53.838867, 19.616504], [53.666895, 19.559131], [53.494824, 19.501807], [53.322852, 19.444482], [53.150781, 19.387158], [52.978711, 19.329785], [52.806738, 19.272461], [52.634668, 19.215137], [52.462695, 19.157812], [52.290625, 19.100488], [52.118555, 19.043164], [51.977637, 18.996143]]], [[[36.595508, 25.712793], [36.586133, 25.699219], [36.543945, 25.734277], [36.546484, 25.811621], [36.582715, 25.855518], [36.579883, 25.79541], [36.595605, 25.734863], [36.595508, 25.712793]]]]}}, {"type": "Feature", "properties": {"ADMIN": "Russia", "ROLE": "override", "ISO2": "RU"}, "geometry": {"type": "MultiPolygon", "coordinates": [[[[145.881543, 43.459521], [145.895605, 43.454541], [145.913867, 43.455371], [145.931152, 43.457031], [145.941113, 43.445459], [145.943555, 43.426465], [145.931152, 43.425635], [145.907227, 43.422314], [145.893945, 43.419824], [145.886523, 43.433057], [145.881543, 43.443799], [145.869141, 43.450439], [145.869141, 43.457861], [145.881543, 43.459521]]], [[[146.358789, 43.625391], [146.332324, 43.619922], [146.288184, 43.625391], [146.273828, 43.629834], [146.283691, 43.638623], [146.310156, 43.651855], [146.333301, 43.647461], [146.349805, 43.644141], [146.358789, 43.625391]]], [[[146.045605, 43.409326], [146.032324, 43.407129], [146.028027, 43.420361], [146.048926, 43.433594], [146.088574, 43.449023], [146.100781, 43.440186], [146.086328, 43.429199], [146.069922, 43.421484], [146.045605, 43.409326]]], [[[137.178613, 55.100439], [137.055273, 54.926758], [136.969434, 54.923975], [136.902734, 54.960645], [136.765137, 54.946045], [136.714648, 54.956152], [136.795313, 55.009375], [136.995703, 55.092725], [137.077539, 55.091748], [137.156055, 55.107813], [137.178613, 55.100439]]], [[[150.589941, 59.01875], [150.511133, 59.007422], [150.471777, 59.034766], [150.470215, 59.054053], [150.59248, 59.097217], [150.666211, 59.160156], [150.712695, 59.122461], [150.727734, 59.095215], [150.589941, 59.01875]]], [[[120.261328, 73.089844], [120.00791, 73.044873], [119.79209, 73.04541], [119.64043, 73.124316], [119.761914, 73.155469], [119.964453, 73.167676], [120.078516, 73.156738], [120.236816, 73.107275], [120.261328, 73.089844]]], [[[124.542969, 73.850098], [124.481738, 73.8479], [124.366406, 73.874609], [124.335742, 73.910303], [124.336523, 73.928369], [124.429688, 73.943018], [124.547656, 73.933838], [124.636914, 73.900391], [124.65293, 73.888037], [124.542969, 73.850098]]], [[[106.27041, 78.206201], [106.151074, 78.198633], [106.023633, 78.220117], [106.058398, 78.264648], [106.350586, 78.272607], [106.456836, 78.340039], [106.64043, 78.33623], [106.691211, 78.31665], [106.719629, 78.294189], [106.718945, 78.26499], [106.679102, 78.26499], [106.504687, 78.26167], [106.472461, 78.24502], [106.27041, 78.206201]]], [[[107.414746, 77.242676], [107.302246, 77.241504], [107.269531, 77.289014], [107.366406, 77.346631], [107.486426, 77.347119], [107.593652, 77.330029], [107.629297, 77.319678], [107.664551, 77.299805], [107.679492, 77.268262], [107.414746, 77.242676]]], [[[97.588379, 76.599365], [97.535254, 76.584424], [97.430371, 76.590723], [97.341699, 76.628857], [97.310352, 76.6896], [97.381641, 76.706689], [97.588379, 76.599365]]], [[[96.853906, 76.19917], [96.797852, 76.188428], [96.754492, 76.195752], [96.739355, 76.206934], [96.740234, 76.257861], [96.83291, 76.32417], [96.835254, 76.344824], [96.87793, 76.355225], [96.990234, 76.343408], [97.045313, 76.315381], [97.053027, 76.302588], [96.974219, 76.236523], [96.853906, 76.19917]]], [[[100.135938, 79.614209], [99.91543, 79.601611], [99.942285, 79.671436], [99.955762, 79.690332], [100.068359, 79.701025], [100.141504, 79.683691], [100.300293, 79.670264], [100.135938, 79.614209]]], [[[76.756055, 73.445801], [76.659375, 73.439502], [76.234473, 73.476221], [76.083105, 73.523486], [76.139551, 73.554297], [76.250684, 73.555273], [76.756055, 73.445801]]], [[[82.709961, 74.090869], [82.612793, 74.056445], [82.478125, 74.075781], [82.381543, 74.099219], [82.329395, 74.131104], [82.382422, 74.149268], [82.525586, 74.161426], [82.611035, 74.148535], [82.688965, 74.11123], [82.709961, 74.090869]]], [[[84.758984, 74.459424], [84.710449, 74.399805], [84.428906, 74.430322], [84.389453, 74.454443], [84.540332, 74.49043], [84.679883, 74.512354], [84.872852, 74.515527], [84.758984, 74.459424]]], [[[86.653125, 74.981299], [86.737109, 74.962988], [87.000586, 74.991943], [87.052148, 74.982568], [87.124316, 74.939893], [87.011719, 74.861914], [86.927148, 74.830762], [86.691992, 74.848291], [86.390527, 74.850879], [86.258594, 74.893506], [86.330664, 74.938965], [86.504492, 74.965967], [86.605469, 74.992822], [86.653125, 74.981299]]], [[[59.313086, 81.305225], [59.096973, 81.292285], [58.719043, 81.313525], [58.610156, 81.337256], [58.634473, 81.360352], [58.880566, 81.391846], [59.075, 81.397705], [59.280859, 81.366113], [59.374609, 81.325049], [59.313086, 81.305225]]], [[[-179.798535, 68.94043], [-179.59541, 68.906494], [-179.514502, 68.917139], [-179.47085, 68.912402], [-179.355957, 68.852979], [-179.279297, 68.825195], [-178.873877, 68.754102], [-178.689307, 68.675146], [-178.538525, 68.585645], [-178.613672, 68.603076], [-178.751465, 68.660449], [-178.736523, 68.593018], [-178.692627, 68.545996], [-178.473926, 68.501758], [-178.244482, 68.46665], [-178.097461, 68.424805], [-178.048682, 68.388428], [-178.018701, 68.322754], [-178.055811, 68.264893], [-177.922412, 68.286523], [-177.796777, 68.337988], [-177.861816, 68.378223], [-178.284521, 68.518555], [-178.373047, 68.565674], [-178.249854, 68.541406], [-177.683203, 68.362793], [-177.527246, 68.294385], [-177.593213, 68.281152], [-177.639355, 68.241211], [-177.589209, 68.224219], [-177.520898, 68.236865], [-177.40752, 68.245166], [-177.297412, 68.22251], [-177.171826, 68.174658], [-176.907275, 68.119141], [-175.345215, 67.678076], [-175.309863, 67.602051], [-175.265918, 67.566504], [-175.239551, 67.521094], [-175.23252, 67.44668], [-175.374707, 67.357373], [-175.155078, 67.365381], [-175.122803, 67.376953], [-175.065625, 67.413428], [-175.002686, 67.4375], [-174.918066, 67.407568], [-174.849854, 67.348877], [-174.869922, 67.268506], [-174.93042, 67.203467], [-174.938135, 67.093018], [-174.885059, 67.000244], [-174.828711, 66.961377], [-174.783643, 66.916797], [-174.771191, 66.784326], [-174.870117, 66.724902], [-174.924902, 66.623145], [-174.864258, 66.613135], [-174.674658, 66.603418], [-174.612451, 66.5854], [-174.50376, 66.537939], [-174.477734, 66.492188], [-174.45376, 66.429883], [-174.418701, 66.371973], [-174.394092, 66.344238], [-174.366064, 66.34834], [-174.256982, 66.428467], [-174.206006, 66.452344], [-174.084766, 66.473096], [-174.017725, 66.38252], [-174.065039, 66.22959], [-174.025439, 66.229687], [-173.994482, 66.245801], [-173.955469, 66.286768], [-173.899951, 66.310498], [-173.832031, 66.366064], [-173.773975, 66.434668], [-173.842529, 66.488281], [-173.920947, 66.521777], [-174.101855, 66.540625], [-174.196338, 66.580713], [-174.231592, 66.631885], [-174.1396, 66.652637], [-174.060596, 66.689795], [-174.005518, 66.778613], [-174.018848, 66.827393], [-174.041016, 66.875488], [-174.086426, 66.942871], [-174.154346, 66.982031], [-174.283545, 67.001563], [-174.341846, 67.039746], [-174.430908, 67.037646], [-174.518945, 67.049072], [-174.554492, 67.063037], [-174.550098, 67.090625], [-174.447607, 67.103125], [-173.884033, 67.106445], [-173.679688, 67.144775], [-173.586572, 67.132764], [-173.493994, 67.105176], [-173.157813, 67.069092], [-173.167627, 67.052246], [-173.22417, 67.035107], [-173.323535, 66.954834], [-173.343066, 66.909229], [-173.347363, 66.851367], [-173.258936, 66.840088], [-173.175391, 66.8646], [-173.216162, 66.91123], [-173.228271, 66.968555], [-173.193018, 66.993604], [-173.146826, 66.998975], [-173.058496, 66.955859], [-172.962598, 66.942139], [-172.640576, 66.925], [-172.549365, 66.930518], [-172.520117, 66.95249], [-172.582959, 66.977832], [-173.001904, 67.033984], [-173.00752, 67.064893], [-172.621045, 67.026807], [-172.447314, 66.991748], [-172.273926, 66.965576], [-172.031494, 66.973291], [-171.795557, 66.931738], [-171.56958, 66.818701], [-171.360498, 66.676758], [-171.149268, 66.592725], [-170.92666, 66.529736], [-170.555664, 66.357227], [-170.509521, 66.343652], [-170.473096, 66.320264], [-170.542822, 66.291064], [-170.604443, 66.248926], [-170.483301, 66.278076], [-170.361133, 66.2979], [-170.301221, 66.294043], [-170.246973, 66.271875], [-170.211621, 66.236426], [-170.191943, 66.20127], [-170.243945, 66.169287], [-169.888818, 66.163477], [-169.777881, 66.143115], [-169.72915, 66.058105], [-169.831689, 65.998926], [-169.891699, 66.006104], [-169.949316, 66.031006], [-170.003809, 66.033496], [-170.159424, 66.008057], [-170.401025, 65.928516], [-170.540674, 65.86543], [-170.563037, 65.823584], [-170.541406, 65.710254], [-170.560986, 65.65625], [-170.666309, 65.621533], [-170.896875, 65.642627], [-171.001465, 65.664893], [-171.118994, 65.69502], [-171.232031, 65.736865], [-171.376855, 65.803955], [-171.421533, 65.810352], [-171.451172, 65.794238], [-171.401709, 65.751758], [-171.303223, 65.698486], [-171.134424, 65.628076], [-171.054248, 65.549951], [-171.105859, 65.511035], [-171.169971, 65.5021], [-171.216016, 65.502783], [-171.36377, 65.527197], [-171.46626, 65.533105], [-171.790381, 65.510449], [-171.907129, 65.495947], [-171.947168, 65.507959], [-171.957178, 65.54209], [-172.131494, 65.566943], [-172.233887, 65.570459], [-172.282275, 65.582324], [-172.322266, 65.617529], [-172.435693, 65.669629], [-172.607715, 65.690039], [-172.719189, 65.692432], [-172.783301, 65.681055], [-172.556543, 65.612012], [-172.353955, 65.495996], [-172.391992, 65.474561], [-172.417773, 65.449561], [-172.305713, 65.447803], [-172.232812, 65.455713], [-172.211572, 65.425195], [-172.269873, 65.302734], [-172.309277, 65.275635], [-172.661914, 65.248535], [-172.573145, 65.228223], [-172.48208, 65.221875], [-172.378711, 65.226709], [-172.286035, 65.205713], [-172.223682, 65.128711], [-172.213184, 65.048145], [-172.304346, 65.002148], [-172.39873, 64.964746], [-172.592822, 64.907959], [-172.79248, 64.88291], [-172.897363, 64.889209], [-172.999121, 64.876611], [-173.066211, 64.847168], [-173.085791, 64.817334], [-172.998047, 64.837109], [-172.896875, 64.826074], [-172.801074, 64.790527], [-172.811572, 64.761182], [-172.902588, 64.729199], [-172.924023, 64.704932], [-172.889062, 64.664014], [-172.900879, 64.628857], [-172.85415, 64.609912], [-172.746875, 64.603271], [-172.616113, 64.577881], [-172.487402, 64.544189], [-172.436621, 64.515332], [-172.393848, 64.474658], [-172.37876, 64.431543], [-172.401465, 64.413916], [-172.694678, 64.40708], [-172.73916, 64.412256], [-172.755957, 64.459961], [-172.791504, 64.498926], [-172.903174, 64.526074], [-172.949023, 64.507373], [-172.915869, 64.369434], [-172.960059, 64.327686], [-173.009131, 64.297461], [-173.157422, 64.279736], [-173.275488, 64.289648], [-173.375684, 64.354883], [-173.375537, 64.4104], [-173.309229, 64.442676], [-173.309326, 64.487451], [-173.32749, 64.539551], [-173.395654, 64.479004], [-173.474951, 64.428613], [-173.603613, 64.365479], [-173.665967, 64.357324], [-173.729736, 64.364502], [-173.897852, 64.409717], [-174.001367, 64.448975], [-174.204834, 64.577783], [-174.318018, 64.637646], [-174.570557, 64.717773], [-174.830469, 64.775977], [-175.036035, 64.813672], [-175.14585, 64.809277], [-175.255908, 64.793994], [-175.395117, 64.802393], [-175.442139, 64.816699], [-175.483203, 64.848584], [-175.520654, 64.86709], [-175.715869, 64.946094], [-175.853857, 65.01084], [-175.859473, 65.054199], [-175.830225, 65.105518], [-175.856152, 65.232812], [-175.922949, 65.35249], [-176.093262, 65.471045], [-176.547461, 65.547559], [-176.922119, 65.601367], [-177.05625, 65.613623], [-177.175244, 65.60166], [-177.48877, 65.503711], [-177.698633, 65.489697], [-178.310205, 65.484863], [-178.4125, 65.495557], [-178.504639, 65.537207], [-178.525928, 65.593018], [-178.499316, 65.696631], [-178.502344, 65.74043], [-178.526221, 65.755225], [-178.558545, 65.754004], [-178.67915, 65.795361], [-178.791064, 65.864746], [-178.879346, 65.936475], [-178.939063, 66.032764], [-178.858252, 66.037549], [-178.746729, 66.013672], [-178.730566, 66.037256], [-178.693799, 66.124219], [-178.61626, 66.166016], [-178.586523, 66.198437], [-178.534131, 66.316553], [-178.526563, 66.401562], [-178.615771, 66.355176], [-178.752783, 66.237256], [-178.82085, 66.202686], [-178.868115, 66.187061], [-178.915527, 66.179932], [-179.026123, 66.203516], [-179.105078, 66.231934], [-179.106885, 66.346094], [-179.143408, 66.375049], [-179.178369, 66.35332], [-179.192676, 66.312549], [-179.293164, 66.305078], [-179.340137, 66.2875], [-179.316211, 66.219824], [-179.327197, 66.162598], [-179.422656, 66.141064], [-179.616162, 66.127881], [-179.683301, 66.184131], [-179.740869, 66.105762], [-179.783643, 66.017969], [-179.789697, 65.900879], [-179.72832, 65.803809], [-179.640625, 65.757568], [-179.449072, 65.687842], [-179.365967, 65.638623], [-179.344385, 65.575244], [-179.3521, 65.516748], [-179.45166, 65.445312], [-179.519336, 65.386279], [-179.635156, 65.244141], [-179.70459, 65.187207], [-180, 65.067236], [-180, 65.311963], [-180, 65.556787], [-180, 65.801563], [-180, 66.046289], [-180, 66.291064], [-180, 66.53584], [-180, 66.780566], [-180, 67.025342], [-180, 67.270117], [-180, 67.514844], [-180, 67.759619], [-180, 68.004395], [-180, 68.249121], [-180, 68.493896], [-180, 68.738672], [-179.999951, 68.983447], [-179.798535, 68.94043]]], [[[130.687305, 42.302539], [130.658008, 42.327783], [130.651563, 42.37251], [130.617969, 42.415625], [130.554102, 42.474707], [130.526953, 42.5354], [130.584473, 42.567334], [130.576563, 42.623242], [130.520605, 42.674316], [130.439258, 42.685547], [130.419922, 42.699854], [130.424805, 42.727051], [130.452734, 42.75542], [130.492969, 42.779102], [130.577246, 42.811621], [130.722461, 42.83584], [130.80332, 42.856836], [130.868555, 42.86333], [130.942871, 42.851758], [131.005566, 42.883105], [131.068555, 42.902246], [131.083496, 42.956299], [131.086133, 43.038086], [131.108984, 43.062451], [131.135547, 43.097607], [131.175586, 43.142187], [131.211914, 43.257764], [131.239355, 43.337646], [131.257324, 43.378076], [131.261816, 43.433057], [131.243945, 43.469043], [131.20918, 43.49043], [131.182422, 43.505566], [131.180078, 43.56709], [131.183594, 43.650879], [131.174219, 43.704736], [131.213281, 44.00293], [131.255273, 44.071582], [131.125781, 44.469189], [131.086914, 44.595654], [131.060645, 44.659668], [131.003906, 44.753223], [130.967773, 44.799951], [130.981641, 44.844336], [131.033008, 44.888867], [131.082324, 44.91001], [131.22793, 44.920166], [131.268262, 44.936133], [131.446875, 44.984033], [131.4875, 45.013135], [131.578711, 45.083643], [131.613965, 45.136572], [131.654004, 45.205371], [131.74209, 45.242627], [131.794922, 45.305273], [131.851855, 45.326855], [131.909277, 45.27373], [131.977539, 45.243994], [132.067383, 45.225977], [132.181348, 45.203271], [132.362988, 45.159961], [132.549023, 45.122803], [132.665625, 45.093701], [132.723145, 45.080566], [132.838672, 45.061133], [132.88877, 45.046045], [132.936035, 45.029932], [133.011719, 45.074561], [133.113477, 45.130713], [133.096875, 45.220459], [133.113379, 45.321436], [133.186035, 45.494824], [133.266992, 45.545264], [133.30957, 45.553076], [133.355469, 45.572217], [133.436426, 45.604687], [133.465625, 45.651221], [133.449121, 45.705078], [133.475781, 45.757666], [133.484668, 45.810449], [133.513086, 45.878809], [133.551172, 45.897803], [133.608008, 45.920312], [133.647852, 45.955225], [133.685742, 46.008936], [133.711133, 46.069629], [133.700684, 46.139746], [133.750195, 46.185937], [133.832813, 46.224268], [133.861328, 46.247754], [133.874805, 46.309082], [133.880273, 46.336035], [133.902734, 46.366943], [133.886719, 46.430566], [133.866602, 46.499121], [133.95752, 46.614258], [134.022656, 46.713184], [134.038574, 46.858154], [134.045996, 46.881982], [134.071387, 46.950781], [134.086426, 46.978125], [134.136914, 47.068994], [134.202148, 47.128076], [134.189258, 47.194238], [134.162988, 47.25874], [134.167676, 47.302197], [134.225195, 47.352637], [134.260059, 47.377734], [134.29082, 47.413574], [134.339453, 47.429492], [134.38252, 47.438232], [134.483496, 47.447363], [134.541895, 47.485156], [134.596191, 47.523877], [134.695801, 47.624854], [134.728125, 47.684473], [134.752344, 47.71543], [134.698633, 47.801416], [134.650293, 47.874268], [134.591309, 47.975195], [134.566016, 48.02251], [134.605371, 48.08291], [134.647266, 48.120166], [134.669336, 48.15332], [134.680859, 48.210449], [134.665234, 48.253906], [134.563574, 48.321729], [134.456152, 48.355322], [134.334961, 48.368848], [134.293359, 48.373437], [134.205859, 48.359912], [133.842188, 48.27373], [133.671777, 48.207715], [133.573242, 48.133008], [133.468359, 48.097168], [133.301172, 48.101514], [133.144043, 48.105664], [133.020117, 48.064404], [132.877148, 47.979102], [132.772852, 47.940088], [132.707227, 47.947266], [132.636914, 47.890088], [132.561914, 47.768506], [132.47627, 47.71499], [132.380176, 47.729492], [132.149805, 47.717969], [131.785254, 47.680518], [131.556738, 47.682031], [131.464258, 47.722607], [131.319336, 47.727832], [131.121875, 47.697656], [131.002734, 47.691455], [130.961914, 47.709326], [130.932813, 47.759814], [130.91543, 47.84292], [130.848633, 47.929443], [130.732617, 48.019238], [130.712109, 48.127637], [130.787207, 48.25459], [130.804297, 48.341504], [130.763477, 48.388428], [130.746875, 48.430371], [130.65918, 48.483398], [130.597266, 48.574658], [130.552148, 48.60249], [130.565625, 48.680127], [130.617188, 48.773193], [130.553125, 48.861182], [130.355273, 48.866357], [130.195996, 48.89165], [130.037109, 48.972266], [129.792578, 49.198877], [129.671094, 49.278516], [129.591406, 49.28667], [129.533691, 49.323437], [129.498145, 49.388818], [129.440723, 49.389453], [129.384668, 49.389453], [129.350098, 49.362354], [129.309863, 49.353857], [129.248438, 49.378662], [129.185156, 49.381396], [129.120117, 49.362061], [129.065137, 49.374658], [129.020313, 49.419238], [128.938281, 49.448926], [128.819336, 49.46377], [128.770313, 49.494727], [128.791016, 49.541846], [128.769043, 49.576953], [128.704004, 49.600146], [128.526758, 49.594238], [128.237109, 49.559277], [127.999609, 49.568604], [127.814258, 49.622119], [127.711133, 49.671533], [127.690137, 49.716748], [127.636719, 49.760205], [127.550781, 49.801807], [127.502441, 49.873437], [127.491797, 49.975049], [127.512305, 50.07168], [127.590234, 50.208984], [127.395313, 50.298584], [127.337207, 50.350146], [127.351172, 50.393604], [127.34082, 50.428076], [127.306055, 50.453516], [127.308203, 50.494189], [127.347168, 50.550098], [127.346875, 50.621338], [127.307031, 50.707959], [127.198242, 50.829443], [127.02041, 50.985889], [126.924805, 51.100146], [126.911523, 51.172314], [126.887695, 51.230127], [126.854395, 51.261377], [126.833789, 51.314893], [126.847754, 51.37417], [126.827344, 51.412256], [126.801758, 51.448047], [126.805469, 51.505664], [126.774512, 51.545068], [126.70918, 51.566309], [126.688672, 51.609912], [126.700781, 51.703027], [126.653711, 51.781299], [126.510547, 51.92583], [126.468066, 52.031299], [126.455566, 52.126465], [126.394824, 52.172998], [126.391504, 52.214502], [126.383496, 52.286523], [126.346289, 52.30625], [126.324219, 52.331641], [126.341699, 52.362012], [126.312891, 52.399756], [126.237598, 52.444824], [126.20293, 52.483838], [126.194434, 52.519141], [126.156641, 52.546631], [126.045898, 52.57334], [126.016016, 52.610205], [126.023242, 52.643018], [126.04707, 52.673486], [126.060156, 52.691992], [126.056055, 52.715869], [126.048145, 52.739453], [126.004297, 52.767871], [125.941602, 52.800684], [125.871875, 52.871533], [125.782813, 52.890723], [125.728125, 52.890723], [125.680762, 52.930811], [125.695312, 52.956299], [125.691699, 53.003711], [125.649023, 53.042285], [125.595996, 53.057471], [125.545996, 53.047607], [125.422461, 53.08374], [125.225586, 53.16582], [125.075, 53.203662], [124.970898, 53.197314], [124.906641, 53.172656], [124.882129, 53.129736], [124.812305, 53.133838], [124.639844, 53.210645], [124.465918, 53.229639], [124.369141, 53.270947], [124.291406, 53.340869], [124.219922, 53.370117], [124.154297, 53.358691], [123.994727, 53.405615], [123.740918, 53.510986], [123.607813, 53.546533], [123.559766, 53.52666], [123.534766, 53.526465], [123.489453, 53.529443], [123.424023, 53.530762], [123.30957, 53.555615], [123.154102, 53.54458], [122.957617, 53.497705], [122.744727, 53.468506], [122.51582, 53.456982], [122.380176, 53.4625], [122.337793, 53.48501], [122.088867, 53.451465], [121.743945, 53.383594], [121.405469, 53.317041], [120.985449, 53.28457], [120.704102, 53.171826], [120.421289, 52.968066], [120.218164, 52.839893], [120.094531, 52.787207], [120.044336, 52.718213], [120.067578, 52.63291], [120.172754, 52.60249], [120.360059, 52.627002], [120.521094, 52.615039], [120.656152, 52.56665], [120.699219, 52.493604], [120.650391, 52.395898], [120.66543, 52.299902], [120.744531, 52.205469], [120.749805, 52.096533], [120.681445, 51.973047], [120.510547, 51.848535], [120.237012, 51.722998], [120.066895, 51.600684], [119.966992, 51.422119], [119.813184, 51.267041], [119.756641, 51.179492], [119.745996, 51.107715], [119.684961, 51.030127], [119.573438, 50.946777], [119.512305, 50.863135], [119.501758, 50.779248], [119.445703, 50.702832], [119.344043, 50.633887], [119.280664, 50.560986], [119.255859, 50.48418], [119.216699, 50.43252], [119.163672, 50.406006], [119.191895, 50.379834], [119.301562, 50.353906], [119.346289, 50.278955], [119.326074, 50.154932], [119.259863, 50.066406], [119.147461, 50.013379], [118.979492, 49.978857], [118.755957, 49.962842], [118.451563, 49.844482], [118.186621, 49.692773], [117.873438, 49.513477], [117.812598, 49.513525], [117.698438, 49.53584], [117.477148, 49.609424], [117.245605, 49.624854], [117.02168, 49.692969], [116.888965, 49.737793], [116.683301, 49.823779], [116.631543, 49.877051], [116.551172, 49.920312], [116.351172, 49.978076], [116.216797, 50.009277], [116.13457, 50.010791], [115.925977, 49.952148], [115.795215, 49.905908], [115.717773, 49.880615], [115.587988, 49.886035], [115.429199, 49.896484], [115.365039, 49.911768], [115.274512, 49.948877], [115.098047, 50.059424], [115.00332, 50.138574], [114.87959, 50.183057], [114.743164, 50.233691], [114.674902, 50.245703], [114.554004, 50.241455], [114.386328, 50.255469], [114.29707, 50.274414], [114.221777, 50.257275], [114.070703, 50.204736], [113.881152, 50.101123], [113.732422, 50.061523], [113.574219, 50.007031], [113.445508, 49.941602], [113.319043, 49.874316], [113.16416, 49.797168], [113.09209, 49.692529], [113.055566, 49.61626], [112.914844, 49.569238], [112.806445, 49.523584], [112.697363, 49.507275], [112.494922, 49.532324], [112.375195, 49.5146], [112.079688, 49.424219], [111.934473, 49.416016], [111.833398, 49.403613], [111.735547, 49.397754], [111.574805, 49.376416], [111.511914, 49.360937], [111.429297, 49.342627], [111.336621, 49.355859], [111.204199, 49.304297], [110.82793, 49.166162], [110.709766, 49.142969], [110.631055, 49.137598], [110.52959, 49.187061], [110.427832, 49.219971], [110.321387, 49.215869], [110.199902, 49.17041], [109.994531, 49.205615], [109.750391, 49.239307], [109.528711, 49.269873], [109.453711, 49.296338], [109.236719, 49.334912], [108.919922, 49.335352], [108.733008, 49.335645], [108.613672, 49.322803], [108.522461, 49.341504], [108.406934, 49.396387], [108.213086, 49.524805], [108.098047, 49.562646], [108.033789, 49.593994], [108.00957, 49.646875], [107.96543, 49.653516], [107.936719, 49.691016], [107.93877, 49.740723], [107.934863, 49.849023], [107.947852, 49.924707], [107.916602, 49.947803], [107.786816, 49.96001], [107.630957, 49.983105], [107.34707, 49.98667], [107.233301, 49.989404], [107.143066, 50.033008], [107.040234, 50.086475], [106.941309, 50.19668], [106.853711, 50.248291], [106.711133, 50.312598], [106.574414, 50.328809], [106.368457, 50.317578], [106.217871, 50.30459], [106.08252, 50.332568], [105.996484, 50.36792], [105.875195, 50.405371], [105.692578, 50.41416], [105.541602, 50.44126], [105.383594, 50.47373], [105.266699, 50.460498], [105.185938, 50.42959], [105.094727, 50.389941], [104.976953, 50.38291], [104.685352, 50.341846], [104.596387, 50.317187], [104.466309, 50.306152], [104.353906, 50.275293], [104.259961, 50.214453], [104.179688, 50.169434], [104.078711, 50.154248], [103.958496, 50.157275], [103.856152, 50.171826], [103.802637, 50.176074], [103.723242, 50.153857], [103.63291, 50.138574], [103.496289, 50.164941], [103.421191, 50.187061], [103.304395, 50.200293], [103.233789, 50.264258], [103.161719, 50.290723], [103.039453, 50.300635], [102.859668, 50.333252], [102.76543, 50.366553], [102.683301, 50.387158], [102.546289, 50.461328], [102.469434, 50.525684], [102.406836, 50.536182], [102.336426, 50.544238], [102.288379, 50.585107], [102.285742, 50.634668], [102.30332, 50.665527], [102.316602, 50.718457], [102.276563, 50.768701], [102.235059, 50.791211], [102.215039, 50.829443], [102.226172, 50.901465], [102.210254, 50.974316], [102.194531, 51.050684], [102.151953, 51.10752], [102.142383, 51.216064], [102.160059, 51.26084], [102.155664, 51.31377], [102.111523, 51.353467], [101.979199, 51.382227], [101.821191, 51.421045], [101.570898, 51.467187], [101.464355, 51.471484], [101.38125, 51.452637], [101.304492, 51.474756], [101.223242, 51.513281], [101.085352, 51.553027], [100.903613, 51.604248], [100.710742, 51.661572], [100.53623, 51.713477], [100.468945, 51.726074], [100.230371, 51.729834], [100.03457, 51.737109], [99.92168, 51.755518], [99.787891, 51.827539], [99.719238, 51.871631], [99.612891, 51.892529], [99.532324, 51.899902], [99.407031, 51.923535], [99.176172, 51.998877], [99.091406, 52.034863], [99.034277, 52.0354], [98.958105, 52.101709], [98.893164, 52.117285], [98.848633, 52.070068], [98.802539, 51.957471], [98.760156, 51.905078], [98.640527, 51.801172], [98.352734, 51.717627], [98.303125, 51.674268], [98.276855, 51.63457], [98.2375, 51.578418], [98.219922, 51.505615], [98.184668, 51.485742], [98.103125, 51.483545], [98.037598, 51.449951], [97.98916, 51.377051], [97.946875, 51.348437], [97.923242, 51.280469], [97.927344, 51.250732], [97.917871, 51.217871], [97.91084, 51.165186], [97.835742, 51.05166], [97.825293, 50.985254], [97.856152, 50.943359], [97.919824, 50.887158], [97.953125, 50.855176], [97.96416, 50.817676], [97.961914, 50.769141], [98.001172, 50.702051], [98.029785, 50.644629], [98.078906, 50.603809], [98.14502, 50.568555], [98.220508, 50.557178], [98.279492, 50.533252], [98.292676, 50.486963], [98.277344, 50.422998], [98.250293, 50.302441], [98.2, 50.227686], [98.170117, 50.180566], [98.121973, 50.106592], [98.103418, 50.077832], [98.003906, 50.014258], [97.936621, 49.996777], [97.853906, 49.946777], [97.785547, 49.944531], [97.720703, 49.944629], [97.650977, 49.933594], [97.589355, 49.911475], [97.54082, 49.843115], [97.418359, 49.773047], [97.359766, 49.741455], [97.208594, 49.730811], [97.136914, 49.761719], [97.097656, 49.805029], [97.049121, 49.829883], [96.985742, 49.882812], [96.711719, 49.911572], [96.640234, 49.897852], [96.598437, 49.878418], [96.543262, 49.892529], [96.505762, 49.918701], [96.466406, 49.911523], [96.381152, 49.896045], [96.315039, 49.901123], [96.229688, 49.954102], [96.111719, 49.982471], [96.065527, 49.99873], [96.018555, 49.998779], [95.989551, 49.973584], [95.935742, 49.96001], [95.899414, 49.990576], [95.851953, 50.012939], [95.789355, 50.0125], [95.707812, 49.966016], [95.567187, 49.943848], [95.522656, 49.91123], [95.441797, 49.915527], [95.385645, 49.941211], [95.329492, 49.944141], [95.166211, 49.943848], [95.111426, 49.935449], [95.044336, 49.961572], [95.012891, 50.008252], [94.930273, 50.04375], [94.81123, 50.048193], [94.718066, 50.043262], [94.675488, 50.028076], [94.614746, 50.02373], [94.564648, 50.087939], [94.496875, 50.132812], [94.458496, 50.165723], [94.400195, 50.179639], [94.354688, 50.221826], [94.346875, 50.303418], [94.319336, 50.404883], [94.287012, 50.511377], [94.251074, 50.556396], [94.075781, 50.572852], [93.989844, 50.568848], [93.79541, 50.577637], [93.662012, 50.583691], [93.625586, 50.585547], [93.501074, 50.597461], [93.386816, 50.608496], [93.270508, 50.615576], [93.222559, 50.606543], [93.103125, 50.603906], [93.009863, 50.654541], [92.970703, 50.7125], [92.963574, 50.744922], [92.941309, 50.778223], [92.856445, 50.789111], [92.779297, 50.778662], [92.738672, 50.710938], [92.681348, 50.683203], [92.62666, 50.688281], [92.578906, 50.725439], [92.486426, 50.765088], [92.426367, 50.803076], [92.354785, 50.86416], [92.295801, 50.849805], [92.279004, 50.812207], [92.265332, 50.775195], [92.192383, 50.700586], [92.104004, 50.691992], [91.956543, 50.697607], [91.804297, 50.693604], [91.706348, 50.665527], [91.63418, 50.615137], [91.596875, 50.575537], [91.52168, 50.562012], [91.446484, 50.522168], [91.415039, 50.468018], [91.34082, 50.470068], [91.300586, 50.463379], [91.233789, 50.452393], [91.062793, 50.422607], [91.021582, 50.415479], [90.917188, 50.36416], [90.838086, 50.32373], [90.760742, 50.305957], [90.714355, 50.259424], [90.655078, 50.222363], [90.516895, 50.21333], [90.364844, 50.166895], [90.311328, 50.151172], [90.224512, 50.116699], [90.103711, 50.10332], [90.053711, 50.09375], [90.00498, 50.069287], [89.977344, 49.984326], [89.878027, 49.953516], [89.744238, 49.948096], [89.643848, 49.903027], [89.634277, 49.823291], [89.669531, 49.750488], [89.654102, 49.71748], [89.579199, 49.699707], [89.475, 49.660547], [89.395605, 49.611523], [89.299219, 49.611133], [89.243945, 49.627051], [89.20293, 49.595703], [89.17998, 49.532227], [89.109473, 49.501367], [89.008398, 49.472803], [88.970605, 49.48374], [88.94541, 49.507666], [88.900195, 49.539697], [88.863867, 49.527637], [88.860352, 49.481543], [88.831641, 49.448437], [88.747852, 49.44624], [88.682715, 49.464551], [88.633203, 49.486133], [88.544336, 49.482568], [88.452441, 49.472705], [88.393359, 49.482861], [88.337793, 49.472559], [88.192578, 49.451709], [88.135547, 49.381494], [88.134277, 49.298437], [88.115723, 49.256299], [88.028516, 49.219775], [87.988086, 49.186914], [87.934766, 49.164551], [87.818262, 49.162109], [87.814258, 49.162305], [87.7625, 49.16582], [87.668359, 49.147217], [87.576563, 49.132373], [87.51582, 49.122412], [87.476172, 49.091455], [87.416699, 49.076611], [87.322852, 49.085791], [87.296875, 49.147656], [87.233691, 49.216162], [87.148047, 49.239795], [87.070605, 49.25459], [87.000977, 49.287305], [86.95293, 49.32207], [86.812109, 49.487891], [86.714355, 49.558594], [86.626465, 49.562695], [86.614258, 49.609717], [86.665332, 49.656689], [86.730664, 49.695557], [86.728711, 49.748682], [86.675488, 49.777295], [86.610156, 49.769141], [86.522266, 49.707764], [86.417969, 49.638477], [86.292383, 49.5875], [86.242188, 49.546338], [86.180859, 49.499316], [86.092969, 49.505469], [86.02959, 49.503418], [85.974414, 49.499316], [85.933594, 49.550439], [85.880469, 49.556543], [85.498438, 49.605371], [85.371582, 49.623926], [85.291895, 49.599463], [85.232617, 49.61582], [85.210156, 49.664844], [85.136523, 49.750732], [85.076465, 49.821631], [85.000781, 49.894141], [84.975195, 49.951074], [84.999707, 50.010303], [84.989453, 50.061426], [84.924023, 50.087988], [84.838965, 50.091309], [84.607324, 50.202393], [84.499023, 50.21875], [84.400977, 50.23916], [84.323242, 50.23916], [84.257812, 50.288232], [84.194531, 50.437451], [84.175977, 50.520557], [84.099316, 50.604736], [84.002344, 50.676855], [83.945117, 50.774658], [83.859766, 50.818018], [83.717773, 50.887158], [83.581445, 50.935742], [83.357324, 50.99458], [83.27373, 50.99458], [83.160254, 50.989209], [83.092773, 50.960596], [83.019238, 50.897266], [82.919043, 50.893115], [82.76084, 50.893359], [82.718555, 50.869482], [82.692969, 50.826318], [82.611719, 50.771484], [82.493945, 50.727588], [82.326367, 50.741895], [82.211914, 50.719434], [82.098047, 50.71084], [81.933691, 50.766357], [81.752051, 50.764404], [81.633887, 50.739111], [81.465918, 50.739844], [81.431445, 50.771143], [81.451563, 50.823682], [81.437695, 50.871045], [81.410156, 50.909766], [81.388281, 50.956494], [81.319141, 50.966406], [81.124609, 50.946289], [81.071484, 50.96875], [81.077539, 51.014941], [81.112402, 51.072363], [81.141016, 51.146582], [81.127246, 51.191064], [81.026758, 51.185693], [80.965625, 51.189795], [80.934082, 51.242773], [80.877344, 51.281445], [80.813086, 51.283496], [80.735254, 51.293408], [80.650488, 51.277344], [80.605469, 51.224219], [80.550684, 51.216602], [80.491016, 51.201758], [80.448047, 51.18335], [80.421484, 51.136377], [80.433594, 51.092627], [80.452246, 50.997607], [80.423633, 50.946289], [80.345215, 50.919092], [80.27041, 50.924609], [80.220215, 50.911768], [80.127246, 50.85835], [80.086328, 50.83999], [80.07207, 50.807275], [80.065918, 50.758203], [79.98623, 50.774561], [79.859668, 50.955469], [79.716406, 51.16001], [79.554297, 51.377979], [79.468848, 51.493115], [79.14873, 51.868115], [78.99209, 52.047412], [78.721484, 52.357031], [78.475488, 52.638428], [78.198047, 52.929688], [78.033496, 53.094971], [77.859961, 53.269189], [77.799414, 53.317432], [77.704395, 53.37915], [77.469238, 53.498779], [77.132422, 53.670117], [76.820703, 53.822656], [76.575684, 53.942529], [76.513086, 53.993213], [76.484766, 54.022559], [76.458594, 54.055273], [76.42207, 54.113525], [76.42168, 54.151514], [76.65459, 54.145264], [76.703027, 54.182471], [76.788965, 54.321875], [76.837305, 54.442383], [76.759375, 54.436865], [76.615527, 54.387109], [76.53916, 54.351074], [76.496484, 54.335693], [76.266602, 54.311963], [76.140527, 54.258545], [75.880664, 54.167969], [75.692871, 54.114795], [75.656836, 54.106006], [75.437207, 54.089648], [75.398145, 54.068506], [75.392383, 54.021729], [75.377051, 53.970117], [75.220215, 53.893799], [75.052148, 53.826709], [74.988965, 53.819238], [74.886816, 53.834033], [74.83418, 53.825684], [74.681445, 53.754395], [74.451953, 53.647266], [74.430469, 53.603711], [74.429297, 53.550732], [74.402734, 53.504443], [74.351562, 53.487646], [74.277344, 53.527734], [74.209961, 53.576465], [74.068652, 53.611426], [73.858984, 53.619727], [73.731152, 53.602783], [73.642969, 53.57627], [73.469922, 53.468896], [73.406934, 53.447559], [73.371875, 53.454395], [73.361914, 53.506201], [73.326855, 53.543164], [73.285742, 53.598389], [73.305664, 53.707227], [73.399414, 53.811475], [73.554199, 53.868311], [73.678906, 53.929443], [73.715527, 53.996191], [73.712402, 54.042383], [73.666406, 54.063477], [73.617969, 54.067383], [73.589941, 54.044971], [73.505664, 53.999316], [73.380664, 53.962842], [73.276563, 53.955615], [73.229883, 53.957812], [73.119336, 53.980762], [72.914062, 54.107324], [72.741016, 54.124512], [72.622266, 54.134326], [72.582715, 54.121582], [72.564258, 54.09043], [72.575586, 54.056494], [72.599219, 54.023047], [72.585938, 53.995947], [72.530273, 53.975781], [72.446777, 53.941846], [72.404297, 53.964453], [72.383008, 54.053662], [72.387305, 54.123047], [72.329492, 54.181445], [72.269141, 54.272119], [72.186035, 54.325635], [72.105371, 54.308447], [72.065625, 54.231641], [72.004492, 54.205664], [71.887402, 54.221484], [71.677148, 54.178027], [71.336426, 54.15835], [71.093164, 54.212207], [71.052734, 54.260498], [71.152148, 54.364062], [71.159766, 54.45542], [71.15918, 54.538623], [71.185547, 54.599316], [71.12627, 54.715039], [70.991797, 54.950488], [70.910156, 55.127979], [70.790332, 55.261133], [70.738086, 55.305176], [70.486328, 55.282373], [70.417188, 55.253174], [70.371484, 55.212256], [70.293359, 55.183594], [70.182422, 55.162451], [70.087402, 55.176758], [69.981738, 55.199072], [69.870215, 55.245654], [69.740234, 55.307373], [69.493262, 55.356885], [69.246973, 55.37251], [68.977246, 55.3896], [68.842969, 55.35835], [68.712891, 55.308496], [68.524805, 55.204834], [68.438477, 55.194434], [68.301953, 55.186523], [68.20625, 55.160937], [68.225293, 55.115234], [68.244043, 55.052441], [68.209375, 55.003027], [68.155859, 54.976709], [68.073828, 54.95957], [67.939941, 54.953711], [67.829883, 54.943555], [67.693359, 54.872412], [67.484668, 54.854492], [67.257324, 54.828809], [67.09834, 54.788184], [66.754492, 54.737891], [66.555371, 54.71543], [66.222656, 54.667383], [65.954688, 54.659521], [65.914258, 54.693311], [65.707813, 54.618701], [65.476953, 54.623291], [65.434375, 54.593311], [65.378125, 54.564453], [65.315918, 54.551562], [65.237402, 54.516064], [65.192188, 54.441113], [65.157813, 54.364404], [65.088379, 54.340186], [64.99541, 54.36875], [64.926758, 54.396631], [64.809277, 54.368555], [64.649902, 54.352246], [64.525098, 54.362158], [64.46123, 54.38418], [64.199414, 54.347412], [64.062891, 54.30293], [64.037402, 54.279736], [64.003906, 54.26709], [63.84707, 54.236475], [63.721191, 54.24502], [63.701367, 54.243213], [63.582031, 54.221924], [63.413672, 54.183203], [63.292676, 54.170459], [63.191309, 54.171045], [63.126563, 54.139258], [63.073926, 54.105225], [62.632715, 54.069287], [62.588281, 54.044434], [62.499023, 54.013184], [62.040234, 54.002637], [62.002344, 53.979932], [61.985645, 53.954395], [61.928711, 53.946484], [61.598145, 53.994922], [61.333691, 54.049268], [61.231055, 54.019482], [61.14375, 53.963818], [61.113184, 53.882471], [61.113184, 53.812988], [61.113184, 53.753467], [61.073535, 53.710449], [60.985547, 53.657422], [60.979492, 53.621729], [61.098535, 53.583105], [61.247949, 53.550977], [61.336133, 53.565186], [61.409961, 53.587061], [61.474121, 53.580273], [61.519141, 53.554492], [61.534961, 53.523291], [61.526563, 53.501562], [61.498535, 53.484668], [61.400977, 53.455811], [61.311621, 53.465723], [61.228906, 53.445898], [61.185938, 53.406201], [61.162793, 53.336768], [61.199219, 53.287158], [61.310938, 53.275195], [61.436816, 53.239404], [61.576172, 53.222461], [61.659863, 53.228467], [61.766211, 53.173926], [62.014648, 53.107861], [62.081055, 53.057422], [62.082715, 53.00542], [62.037109, 52.966113], [61.974219, 52.94375], [61.888574, 52.955908], [61.719336, 52.969385], [61.533594, 52.978516], [61.400781, 52.995996], [61.206934, 52.989062], [61.047461, 52.972461], [61.006543, 52.93335], [60.944727, 52.860156], [60.893262, 52.819434], [60.802344, 52.744727], [60.774414, 52.675781], [60.821289, 52.569824], [60.979492, 52.394775], [60.994531, 52.336865], [60.937598, 52.280566], [60.828418, 52.233398], [60.670313, 52.15083], [60.499316, 52.146338], [60.425488, 52.125586], [60.233691, 52.024512], [60.065527, 51.976465], [60.030273, 51.933252], [60.06748, 51.890625], [60.280371, 51.834619], [60.3875, 51.772998], [60.418359, 51.703906], [60.464746, 51.651172], [60.630371, 51.616943], [60.973535, 51.537061], [60.993359, 51.528711], [61.014844, 51.492383], [61.363086, 51.441895], [61.411328, 51.414746], [61.554688, 51.324609], [61.585059, 51.229687], [61.512207, 51.137012], [61.465039, 50.990234], [61.389453, 50.861035], [61.226855, 50.774805], [60.942285, 50.695508], [60.637988, 50.663721], [60.508496, 50.669189], [60.424805, 50.67915], [60.288086, 50.70415], [60.186719, 50.769775], [60.112109, 50.83418], [60.058594, 50.850293], [60.005273, 50.839697], [59.955176, 50.799268], [59.887793, 50.690186], [59.812402, 50.582031], [59.751172, 50.543945], [59.523047, 50.492871], [59.497852, 50.511084], [59.523926, 50.582812], [59.495117, 50.604297], [59.452344, 50.62041], [59.170898, 50.6479], [59.064355, 50.668213], [58.984863, 50.676123], [58.883691, 50.694434], [58.814063, 50.737207], [58.664551, 50.868311], [58.547461, 50.971045], [58.35918, 51.063818], [58.188477, 51.081738], [58.174707, 51.072266], [58.045117, 51.068848], [57.838867, 51.09165], [57.828906, 51.089014], [57.764844, 51.046875], [57.716992, 50.980957], [57.653809, 50.925146], [57.557813, 50.895557], [57.442188, 50.888867], [57.3125, 50.946533], [57.179004, 51.036035], [57.011719, 51.065186], [56.849609, 51.045557], [56.790332, 51.031592], [56.620215, 50.980859], [56.566895, 51.004492], [56.491406, 51.019531], [56.325586, 50.936084], [56.143945, 50.844629], [56.104492, 50.77627], [56.049707, 50.713525], [55.929199, 50.65376], [55.797656, 50.602051], [55.68623, 50.582861], [55.542285, 50.601807], [55.361133, 50.665283], [55.195215, 50.744727], [55.014844, 50.869775], [54.867969, 50.941357], [54.727148, 50.998096], [54.641602, 51.011572], [54.572949, 50.990234], [54.546094, 50.946045], [54.565625, 50.911279], [54.60625, 50.879883], [54.637891, 50.781055], [54.65, 50.660156], [54.636133, 50.591602], [54.596191, 50.550684], [54.555273, 50.535791], [54.517383, 50.541162], [54.471484, 50.583789], [54.443359, 50.673926], [54.421484, 50.780322], [54.297852, 50.914062], [54.191113, 50.995703], [54.139746, 51.040771], [54.041504, 51.115186], [53.956836, 51.161182], [53.776465, 51.213721], [53.688086, 51.251807], [53.534668, 51.399561], [53.448633, 51.444531], [53.338086, 51.482373], [53.247266, 51.493604], [53.227344, 51.484961], [53.038379, 51.463721], [52.902637, 51.466943], [52.820508, 51.49458], [52.735059, 51.4979], [52.728125, 51.498145], [52.635156, 51.479541], [52.617773, 51.480762], [52.571191, 51.481641], [52.496191, 51.512158], [52.423047, 51.594238], [52.331055, 51.681299], [52.219141, 51.709375], [52.007129, 51.672705], [51.775391, 51.554248], [51.609082, 51.483984], [51.473438, 51.482031], [51.395996, 51.471289], [51.344531, 51.475342], [51.301074, 51.497412], [51.290723, 51.540186], [51.269922, 51.594482], [51.163477, 51.647461], [51.017871, 51.681641], [50.882422, 51.719189], [50.793945, 51.729199], [50.756152, 51.675146], [50.643945, 51.58916], [50.516309, 51.505615], [50.353711, 51.369727], [50.309277, 51.321582], [50.246875, 51.289502], [50.104883, 51.25459], [49.932324, 51.197168], [49.822266, 51.131885], [49.666309, 51.102295], [49.498047, 51.083594], [49.424609, 51.027002], [49.379492, 50.934668], [49.323438, 50.851709], [49.058691, 50.726074], [48.91377, 50.64458], [48.808398, 50.601318], [48.734766, 50.606885], [48.655176, 50.619873], [48.625098, 50.612695], [48.666016, 50.550342], [48.700488, 50.35376], [48.749414, 50.228467], [48.784766, 50.156445], [48.817969, 50.099854], [48.843262, 50.013135], [48.810254, 49.962402], [48.758984, 49.92832], [48.6, 49.874707], [48.434277, 49.828516], [48.334961, 49.858252], [48.224805, 49.931934], [48.181348, 49.97002], [48.060742, 50.093604], [47.849609, 50.282324], [47.705762, 50.377979], [47.599609, 50.413574], [47.503613, 50.402734], [47.429199, 50.357959], [47.376367, 50.318115], [47.326465, 50.273535], [47.294727, 50.21748], [47.297656, 50.140234], [47.295215, 50.058496], [47.24834, 50.000879], [47.12959, 49.939062], [46.991992, 49.852734], [46.889551, 49.696973], [46.823145, 49.502246], [46.802051, 49.36709], [46.85293, 49.303857], [46.953418, 49.252588], [47.018164, 49.199902], [47.031348, 49.150293], [47.014258, 49.09834], [46.962207, 49.03833], [46.85293, 48.969629], [46.702637, 48.805566], [46.60918, 48.573877], [46.660938, 48.412256], [46.853125, 48.323584], [47.004297, 48.284473], [47.064648, 48.232471], [47.119043, 48.127002], [47.111523, 48.020117], [47.093262, 47.947705], [47.130762, 47.876758], [47.202051, 47.79248], [47.292383, 47.740918], [47.387305, 47.768652], [47.481934, 47.803906], [47.600195, 47.78999], [47.934668, 47.760693], [48.109961, 47.74541], [48.166992, 47.708789], [48.275684, 47.589941], [48.413086, 47.456494], [48.552539, 47.320996], [48.600684, 47.262305], [48.714355, 47.100488], [48.831836, 46.954932], [48.959375, 46.774609], [48.950293, 46.725781], [48.883594, 46.70542], [48.776367, 46.710352], [48.693555, 46.736816], [48.64707, 46.758691], [48.605273, 46.765918], [48.558398, 46.757129], [48.518555, 46.734326], [48.502344, 46.698633], [48.50918, 46.649951], [48.541211, 46.605615], [48.586035, 46.5771], [48.610156, 46.566455], [48.774316, 46.507959], [48.958984, 46.442139], [49.184277, 46.348828], [49.232227, 46.337158], [49.245898, 46.291602], [49.125488, 46.281738], [49.110645, 46.228467], [49.07959, 46.189209], [48.809961, 46.100488], [48.742578, 46.100732], [48.683691, 46.086182], [48.687305, 46.02876], [48.703418, 45.976221], [48.749609, 45.920557], [48.72959, 45.896826], [48.689648, 45.888867], [48.637402, 45.905762], [48.589063, 45.934863], [48.537305, 45.942139], [48.487012, 45.934863], [48.257617, 45.777783], [48.15918, 45.737012], [48.052832, 45.720996], [47.830176, 45.663037], [47.763965, 45.665967], [47.701074, 45.686182], [47.649805, 45.656738], [47.633301, 45.584033], [47.574023, 45.634277], [47.508398, 45.67417], [47.479395, 45.687598], [47.463281, 45.679688], [47.524219, 45.601709], [47.529492, 45.530225], [47.514551, 45.490918], [47.488672, 45.455078], [47.454492, 45.433057], [47.413086, 45.421045], [47.391113, 45.294775], [47.35127, 45.217725], [47.296191, 45.149463], [47.221484, 45.024268], [47.161523, 44.969629], [47.114746, 44.905957], [47.083789, 44.816992], [47.039258, 44.837891], [47.00293, 44.876074], [46.983691, 44.825586], [46.957422, 44.782568], [46.841211, 44.718262], [46.755273, 44.656543], [46.716113, 44.560693], [46.707227, 44.50332], [46.720898, 44.45166], [46.753027, 44.420654], [46.915723, 44.387158], [47.023633, 44.343262], [47.122656, 44.26167], [47.229883, 44.192383], [47.307031, 44.103125], [47.361523, 43.993359], [47.429199, 43.779883], [47.462793, 43.555029], [47.562598, 43.834668], [47.646484, 43.884619], [47.627832, 43.805957], [47.567969, 43.684961], [47.508984, 43.509717], [47.489844, 43.381689], [47.511621, 43.270752], [47.512891, 43.21875], [47.463184, 43.035059], [47.488867, 42.999756], [47.529004, 42.967139], [47.634863, 42.903467], [47.709082, 42.810937], [47.727734, 42.680713], [47.769727, 42.644775], [47.822363, 42.613477], [48.080176, 42.353711], [48.228613, 42.180957], [48.303027, 42.080225], [48.383789, 41.953418], [48.426367, 41.923975], [48.476758, 41.905127], [48.572852, 41.844482], [48.518652, 41.779346], [48.430664, 41.66333], [48.391406, 41.601904], [48.298145, 41.54502], [48.142285, 41.484766], [48.056055, 41.458691], [47.963672, 41.333984], [47.861133, 41.212744], [47.791016, 41.199268], [47.591797, 41.218115], [47.520605, 41.229053], [47.317676, 41.282422], [47.261133, 41.315088], [47.205273, 41.455615], [47.142578, 41.516064], [47.063965, 41.554688], [47.010156, 41.5875], [46.987793, 41.621387], [46.930859, 41.67041], [46.825586, 41.743408], [46.749316, 41.812598], [46.690332, 41.831348], [46.616016, 41.806934], [46.571289, 41.800098], [46.552148, 41.812305], [46.537695, 41.87041], [46.429883, 41.890967], [46.411523, 41.904639], [46.267773, 41.960352], [46.212695, 41.989893], [46.159766, 41.992041], [46.048438, 42.00874], [45.954004, 42.0354], [45.910352, 42.070703], [45.845996, 42.109961], [45.726562, 42.158887], [45.638574, 42.205078], [45.634277, 42.234717], [45.688379, 42.357373], [45.727539, 42.475049], [45.705273, 42.498096], [45.655566, 42.517676], [45.562891, 42.535742], [45.34375, 42.529785], [45.208203, 42.648242], [45.160254, 42.675], [45.071582, 42.694141], [44.943359, 42.730273], [44.870996, 42.756396], [44.850488, 42.746826], [44.771094, 42.616797], [44.691797, 42.709619], [44.644336, 42.734717], [44.576465, 42.748486], [44.505859, 42.748633], [44.329492, 42.703516], [44.199707, 42.653613], [44.102734, 42.616357], [44.004688, 42.595605], [43.957422, 42.566553], [43.825977, 42.571533], [43.759863, 42.593848], [43.738379, 42.616992], [43.749902, 42.65752], [43.79541, 42.702979], [43.79873, 42.727783], [43.782617, 42.747021], [43.623047, 42.807715], [43.557813, 42.844482], [43.347949, 42.89668], [43.08916, 42.989062], [43.000195, 43.049658], [42.991602, 43.091504], [42.890039, 43.132617], [42.760645, 43.16958], [42.660254, 43.159082], [42.566016, 43.155127], [42.419043, 43.224219], [42.279688, 43.228076], [42.122266, 43.207324], [42.087793, 43.199121], [42.05, 43.190137], [41.580566, 43.219238], [41.460742, 43.276318], [41.358203, 43.333398], [41.083105, 43.374463], [40.941992, 43.418066], [40.80166, 43.479932], [40.648047, 43.533887], [40.518945, 43.512012], [40.342285, 43.542725], [40.150195, 43.569775], [40.08457, 43.553125], [40.02373, 43.484863], [39.97832, 43.419824], [39.873633, 43.472803], [39.516699, 43.727881], [39.329395, 43.897266], [38.717285, 44.288086], [38.63584, 44.318018], [38.311816, 44.374463], [38.18125, 44.419678], [37.851465, 44.698828], [37.704883, 44.661377], [37.572461, 44.67085], [37.495117, 44.695264], [37.411328, 44.735352], [37.352344, 44.788379], [37.284082, 44.905029], [37.204785, 44.971973], [36.944434, 45.06958], [36.650781, 45.126465], [36.627637, 45.151318], [36.619141, 45.185498], [36.873047, 45.251758], [36.941211, 45.289697], [36.811035, 45.340039], [36.761621, 45.34834], [36.72041, 45.371875], [36.79375, 45.409717], [36.865918, 45.427051], [36.977832, 45.383594], [37.103516, 45.302881], [37.213574, 45.272314], [37.264258, 45.310937], [37.647168, 45.377197], [37.672949, 45.429736], [37.671875, 45.488379], [37.634375, 45.486328], [37.609961, 45.499512], [37.612402, 45.564697], [37.669238, 45.654053], [37.840918, 45.799561], [37.933105, 46.001709], [38.014258, 46.047754], [38.073828, 46.01709], [38.069727, 45.969873], [38.07959, 45.934814], [38.132812, 46.002832], [38.183594, 46.094824], [38.311816, 46.095361], [38.400391, 46.080029], [38.492285, 46.090527], [38.315234, 46.241943], [38.077734, 46.394336], [37.977539, 46.382861], [37.913867, 46.406494], [37.80957, 46.53208], [37.766504, 46.636133], [37.867383, 46.633789], [37.967969, 46.618018], [38.159473, 46.690674], [38.22998, 46.70127], [38.343457, 46.67832], [38.500977, 46.663672], [38.487988, 46.732178], [38.438672, 46.813086], [38.630762, 46.873047], [38.801074, 46.906152], [39.126758, 47.023438], [39.270703, 47.044141], [39.289062, 47.070898], [39.293457, 47.105762], [39.244531, 47.199512], [39.195703, 47.268848], [39.02373, 47.272217], [38.92832, 47.175684], [38.668164, 47.143945], [38.552441, 47.150342], [38.644336, 47.212207], [38.736035, 47.23584], [38.761914, 47.261621], [38.577246, 47.239111], [38.484766, 47.175537], [38.214355, 47.091455], [38.205859, 47.135596], [38.201367, 47.175244], [38.221191, 47.212744], [38.265332, 47.236963], [38.280762, 47.259033], [38.280762, 47.27666], [38.241016, 47.287695], [38.208008, 47.296533], [38.201367, 47.320801], [38.212402, 47.342773], [38.243262, 47.373682], [38.256543, 47.408936], [38.258789, 47.479541], [38.287402, 47.55918], [38.368848, 47.609961], [38.510938, 47.622412], [38.640625, 47.665918], [38.718945, 47.714111], [38.822266, 47.837012], [38.900293, 47.855127], [39.057813, 47.848486], [39.158496, 47.837402], [39.391016, 47.83374], [39.658496, 47.841211], [39.735938, 47.844824], [39.778711, 47.887549], [39.775781, 47.964453], [39.813965, 48.035303], [39.885059, 48.168359], [39.961035, 48.237939], [39.95791, 48.268896], [39.918164, 48.281934], [39.866309, 48.288428], [39.847461, 48.302783], [39.849902, 48.331934], [39.889844, 48.360449], [39.882617, 48.419092], [39.85752, 48.484229], [39.835645, 48.542773], [39.76543, 48.571875], [39.644727, 48.591211], [39.67041, 48.662451], [39.70459, 48.739355], [39.755859, 48.78208], [39.792871, 48.807715], [39.904102, 48.79375], [39.984473, 48.807373], [40.003613, 48.82207], [39.98916, 48.851416], [39.86377, 48.877979], [39.75332, 48.914453], [39.705664, 48.95957], [39.686523, 49.00791], [39.759473, 49.036572], [39.889746, 49.064062], [39.976367, 49.129834], [40.07002, 49.200293], [40.108789, 49.251562], [40.12832, 49.307227], [40.126172, 49.368848], [40.057813, 49.431543], [40.057813, 49.49707], [40.094922, 49.542676], [40.080664, 49.576855], [40.030664, 49.596729], [39.958496, 49.590771], [39.876855, 49.567676], [39.780566, 49.572021], [39.626563, 49.650684], [39.462793, 49.728027], [39.368457, 49.730664], [39.30293, 49.742041], [39.245996, 49.781934], [39.211816, 49.833203], [39.174805, 49.855957], [39.114941, 49.841748], [39.027734, 49.818408], [38.918359, 49.824707], [38.77666, 49.884326], [38.647754, 49.952881], [38.551953, 49.95459], [38.451172, 49.964062], [38.258594, 50.052344], [38.208691, 50.051465], [38.177539, 50.025391], [38.162695, 49.954541], [38.146777, 49.939404], [38.1125, 49.927832], [38.046875, 49.92002], [37.950293, 49.964209], [37.704199, 50.109082], [37.605078, 50.214941], [37.582324, 50.291846], [37.501367, 50.340723], [37.422852, 50.411475], [37.343164, 50.417627], [37.254883, 50.394971], [37.171094, 50.360889], [37.13125, 50.351514], [36.988477, 50.339551], [36.759082, 50.291846], [36.696387, 50.24624], [36.619434, 50.209229], [36.559668, 50.234863], [36.499805, 50.280469], [36.368848, 50.296826], [36.306055, 50.280469], [36.243359, 50.311768], [36.189453, 50.367822], [36.116406, 50.408545], [36.007812, 50.419678], [35.890234, 50.437109], [35.796191, 50.405762], [35.67373, 50.345996], [35.591113, 50.36875], [35.545508, 50.43999], [35.488477, 50.459912], [35.411621, 50.539697], [35.391699, 50.610937], [35.411621, 50.642236], [35.440137, 50.68208], [35.440137, 50.727686], [35.417383, 50.767578], [35.383203, 50.798926], [35.346094, 50.904297], [35.314746, 50.949902], [35.309082, 50.986914], [35.334766, 51.021143], [35.311914, 51.043896], [35.269141, 51.046777], [35.198047, 51.043896], [35.158105, 51.060986], [35.115332, 51.12085], [35.092578, 51.180664], [35.064063, 51.203418], [34.990234, 51.201758], [34.868555, 51.189209], [34.760352, 51.169336], [34.712305, 51.172217], [34.616797, 51.203125], [34.491016, 51.237061], [34.23418, 51.243799], [34.213867, 51.255371], [34.228418, 51.276855], [34.280664, 51.31167], [34.275, 51.340186], [34.229883, 51.363232], [34.206543, 51.419922], [34.209277, 51.484082], [34.200879, 51.553809], [34.146777, 51.607959], [34.11543, 51.644971], [34.121094, 51.67915], [34.23916, 51.692236], [34.379297, 51.716504], [34.402734, 51.741504], [34.397852, 51.78042], [34.113086, 51.979639], [34.015332, 52.155957], [33.92207, 52.251465], [33.818848, 52.315625], [33.735254, 52.344775], [33.613379, 52.332617], [33.451855, 52.333789], [33.287109, 52.353564], [33.148438, 52.34043], [32.899707, 52.256348], [32.806445, 52.252637], [32.64541, 52.279102], [32.50791, 52.308545], [32.435449, 52.307227], [32.391309, 52.294824], [32.362988, 52.272119], [32.282813, 52.114014], [32.216797, 52.082959], [32.122266, 52.050586], [32.041602, 52.04502], [31.973828, 52.046631], [31.875586, 52.070898], [31.782422, 52.099414], [31.763379, 52.101074], [31.758594, 52.12583], [31.690625, 52.220654], [31.649902, 52.262207], [31.601562, 52.284814], [31.577344, 52.312305], [31.576563, 52.426025], [31.585547, 52.532471], [31.615918, 52.546191], [31.526172, 52.633008], [31.519434, 52.69873], [31.563477, 52.731445], [31.564844, 52.759229], [31.535156, 52.798242], [31.442773, 52.861816], [31.353027, 52.933447], [31.295117, 52.989795], [31.258789, 53.016699], [31.30293, 53.060889], [31.364551, 53.138965], [31.388379, 53.184814], [31.417871, 53.196045], [31.562988, 53.20249], [31.668262, 53.200928], [31.747461, 53.18418], [31.777441, 53.146875], [31.849707, 53.106201], [32.055469, 53.089453], [32.141992, 53.091162], [32.250684, 53.128369], [32.42627, 53.210596], [32.469336, 53.270312], [32.578027, 53.312402], [32.644434, 53.328906], [32.704297, 53.336328], [32.710254, 53.371436], [32.706445, 53.419434], [32.685742, 53.448145], [32.469629, 53.546973], [32.442383, 53.579248], [32.425195, 53.617285], [32.450977, 53.65332], [32.450195, 53.69292], [32.200391, 53.78125], [31.992188, 53.796875], [31.820801, 53.791943], [31.754199, 53.810449], [31.783008, 53.85498], [31.825293, 53.93501], [31.837793, 54.000781], [31.825977, 54.030713], [31.791992, 54.055908], [31.628418, 54.111182], [31.403613, 54.195947], [31.299121, 54.291699], [31.245508, 54.39165], [31.184766, 54.452979], [31.074805, 54.491797], [31.081934, 54.51709], [31.154883, 54.610937], [31.152148, 54.625342], [31.121289, 54.648486], [30.98418, 54.695898], [30.798828, 54.783252], [30.791016, 54.806006], [30.804492, 54.860937], [30.829883, 54.91499], [30.866797, 54.940723], [30.977734, 55.050488], [30.977734, 55.087793], [30.958887, 55.137598], [30.877441, 55.223437], [30.814453, 55.278711], [30.810547, 55.306982], [30.820996, 55.330273], [30.861816, 55.3604], [30.900586, 55.397412], [30.908789, 55.525342], [30.906836, 55.57002], [30.882227, 55.596387], [30.855957, 55.60752], [30.800781, 55.601123], [30.72168, 55.622119], [30.662305, 55.655469], [30.625586, 55.66626], [30.586719, 55.700293], [30.475391, 55.768799], [30.45625, 55.786816], [30.233594, 55.845215], [30.042676, 55.836426], [29.937012, 55.845264], [29.881641, 55.832324], [29.823926, 55.795117], [29.744141, 55.77041], [29.68457, 55.769727], [29.630078, 55.751172], [29.482227, 55.68457], [29.412988, 55.724854], [29.353418, 55.784375], [29.373145, 55.834717], [29.397949, 55.881055], [29.396094, 55.912207], [29.375, 55.938721], [29.283008, 55.967871], [29.087402, 56.021143], [29.031738, 56.021777], [28.947461, 56.0021], [28.794727, 55.942578], [28.74082, 55.955371], [28.69082, 56.002637], [28.636914, 56.061768], [28.563965, 56.091992], [28.407031, 56.089014], [28.39209, 56.086719], [28.316309, 56.052539], [28.284277, 56.055908], [28.147949, 56.14292], [28.17334, 56.190332], [28.202051, 56.2604], [28.191699, 56.315576], [28.169238, 56.386865], [28.11084, 56.510693], [28.103125, 56.545703], [28.00752, 56.599854], [27.991602, 56.645312], [27.941406, 56.703711], [27.89209, 56.741064], [27.881543, 56.82417], [27.848633, 56.853418], [27.806055, 56.86709], [27.655664, 56.843213], [27.639453, 56.845654], [27.711133, 56.978076], [27.717383, 57.054639], [27.762793, 57.135107], [27.814551, 57.166895], [27.830273, 57.194482], [27.838281, 57.247705], [27.828613, 57.293311], [27.796875, 57.316943], [27.672754, 57.368115], [27.538672, 57.429785], [27.511133, 57.508154], [27.469727, 57.524023], [27.351953, 57.528125], [27.354297, 57.550293], [27.371777, 57.612549], [27.4, 57.666797], [27.491992, 57.724951], [27.514746, 57.764209], [27.54209, 57.799414], [27.752832, 57.841016], [27.776953, 57.856738], [27.778516, 57.870703], [27.76875, 57.884131], [27.721973, 57.905469], [27.673438, 57.934619], [27.644141, 58.013916], [27.571094, 58.138086], [27.502441, 58.221338], [27.487793, 58.270068], [27.505566, 58.32627], [27.530078, 58.381494], [27.531348, 58.435254], [27.427051, 58.733057], [27.43418, 58.787256], [27.464453, 58.841309], [27.513086, 58.886279], [27.621777, 58.944971], [27.757617, 59.052002], [27.849512, 59.192676], [27.897656, 59.277637], [27.938184, 59.297021], [28.016406, 59.301709], [28.046094, 59.327832], [28.061328, 59.343262], [28.12832, 59.357568], [28.151074, 59.374414], [28.133008, 59.403076], [28.06582, 59.453174], [28.0125, 59.484277], [28.063965, 59.554004], [28.046289, 59.647168], [28.013965, 59.724756], [28.058008, 59.781543], [28.131152, 59.786523], [28.2125, 59.724658], [28.33457, 59.692529], [28.42373, 59.734082], [28.453906, 59.814258], [28.518164, 59.849561], [28.603906, 59.818066], [28.747656, 59.806689], [28.866895, 59.811914], [28.947266, 59.82876], [28.981543, 59.854785], [29.013379, 59.901562], [29.079102, 59.960986], [29.147266, 59.999756], [29.669727, 59.955664], [30.122559, 59.873584], [30.156836, 59.904297], [30.172656, 59.957129], [30.059961, 60.002588], [29.976758, 60.026367], [29.872266, 60.12085], [29.721191, 60.195312], [29.569336, 60.201855], [29.37041, 60.175928], [29.069141, 60.191455], [28.812695, 60.331543], [28.643164, 60.375293], [28.522266, 60.482959], [28.491602, 60.540137], [28.622461, 60.491602], [28.640332, 60.542871], [28.650586, 60.610986], [28.577832, 60.652539], [28.512793, 60.677295], [28.179297, 60.570996], [27.797656, 60.536133], [28.151953, 60.74585], [28.407422, 60.896924], [28.455078, 60.919629], [28.568164, 60.960205], [28.662891, 61.002832], [28.739063, 61.05874], [28.992969, 61.169043], [29.25166, 61.287793], [29.492383, 61.444238], [29.579395, 61.493457], [29.690137, 61.546094], [29.933203, 61.711572], [30.009961, 61.757373], [30.306445, 61.964844], [30.479688, 62.068213], [30.565625, 62.127588], [30.935742, 62.323779], [31.186719, 62.481396], [31.285645, 62.567822], [31.382422, 62.69165], [31.437305, 62.776123], [31.533984, 62.8854], [31.536523, 62.921631], [31.509277, 62.955322], [31.437012, 63.007715], [31.336719, 63.068066], [31.247461, 63.141895], [31.180859, 63.208301], [30.974805, 63.300635], [30.655273, 63.41748], [30.418555, 63.504053], [30.055371, 63.689014], [29.991504, 63.735156], [30.004102, 63.747314], [30.210254, 63.80332], [30.415332, 63.94751], [30.503906, 64.020605], [30.526074, 64.077295], [30.52793, 64.141113], [30.51377, 64.2], [30.487891, 64.236523], [30.390625, 64.282422], [30.108105, 64.366113], [30.041895, 64.443359], [29.986621, 64.524268], [29.985547, 64.557715], [30.120117, 64.644629], [30.126172, 64.688086], [30.110254, 64.732568], [30.072852, 64.765039], [29.783203, 64.804297], [29.70166, 64.845752], [29.6375, 64.911768], [29.604199, 64.968408], [29.600879, 65.001953], [29.622461, 65.039502], [29.72002, 65.080322], [29.81084, 65.10791], [29.826953, 65.145068], [29.826172, 65.185303], [29.810547, 65.204736], [29.629688, 65.223877], [29.612402, 65.234766], [29.608008, 65.248682], [29.617188, 65.265332], [29.714844, 65.336963], [29.728027, 65.473438], [29.819434, 65.56875], [29.715918, 65.624561], [29.723926, 65.634375], [29.882617, 65.663623], [30.029004, 65.670703], [30.095313, 65.681689], [30.102734, 65.72627], [30.0875, 65.786523], [29.936621, 66.022949], [29.903418, 66.091064], [29.803516, 66.177051], [29.720703, 66.234863], [29.670898, 66.276123], [29.590723, 66.356836], [29.544336, 66.439697], [29.464355, 66.532178], [29.371191, 66.617041], [29.293262, 66.695508], [29.093066, 66.849219], [29.066211, 66.891748], [29.069043, 66.930225], [29.087012, 66.970947], [29.243359, 67.096582], [29.387695, 67.201416], [29.572266, 67.324365], [29.750586, 67.426416], [29.941211, 67.547461], [29.988086, 67.668262], [29.979199, 67.688574], [29.821582, 67.754004], [29.524219, 67.929102], [29.343848, 68.061865], [29.062988, 68.117969], [28.685156, 68.189795], [28.560156, 68.351367], [28.470703, 68.488379], [28.479297, 68.537646], [28.752051, 68.771436], [28.777637, 68.813818], [28.772852, 68.840039], [28.744824, 68.856445], [28.705957, 68.865527], [28.453516, 68.872266], [28.414062, 68.90415], [28.566016, 68.928223], [28.692188, 68.961035], [28.898926, 69.009668], [28.96582, 69.021973], [29.118555, 69.049951], [29.170898, 69.071533], [29.209961, 69.097021], [29.353027, 69.270605], [29.388281, 69.298145], [29.832715, 69.360449], [29.994043, 69.39248], [30.087305, 69.432861], [30.131836, 69.464258], [30.16377, 69.501611], [30.186719, 69.542773], [30.196484, 69.580566], [30.159766, 69.629883], [30.180176, 69.63584], [30.227539, 69.633789], [30.379688, 69.584717], [30.61543, 69.532568], [30.788867, 69.528516], [30.860742, 69.538428], [30.89668, 69.56123], [30.922461, 69.605811], [30.924121, 69.651758], [30.869727, 69.783447], [31.049512, 69.769238], [31.452734, 69.6896], [31.546973, 69.696924], [31.666211, 69.720996], [31.788574, 69.815771], [31.879395, 69.831982], [31.997949, 69.809912], [32.030566, 69.835303], [31.969336, 69.913916], [31.98457, 69.953662], [32.391602, 69.868701], [32.56543, 69.806494], [32.941699, 69.751855], [33.007812, 69.722119], [33.012598, 69.670508], [32.994629, 69.626172], [32.915039, 69.601709], [32.754297, 69.605713], [32.176758, 69.674023], [32.091504, 69.632568], [32.161328, 69.596631], [32.330566, 69.554248], [32.377734, 69.479102], [32.636816, 69.489453], [32.883789, 69.46084], [32.999805, 69.470117], [33.020996, 69.445605], [32.941602, 69.38335], [32.978906, 69.367334], [33.255859, 69.427734], [33.384863, 69.444287], [33.454297, 69.428174], [33.463672, 69.378174], [33.417969, 69.315283], [33.412988, 69.267432], [33.327734, 69.151855], [33.196387, 69.116846], [33.141211, 69.068701], [33.333398, 69.098193], [33.435645, 69.130371], [33.627051, 69.28916], [33.684375, 69.310254], [34.229395, 69.313135], [34.352734, 69.30293], [34.863965, 69.228076], [35.00957, 69.22124], [35.175879, 69.230811], [35.233203, 69.265576], [35.289844, 69.275439], [35.85791, 69.191748], [36.618262, 69.003467], [37.730566, 68.692139], [38.357617, 68.415137], [38.430176, 68.355615], [38.656836, 68.321875], [38.705566, 68.344727], [38.831543, 68.324902], [39.568945, 68.071729], [39.82334, 68.058594], [39.789746, 68.112158], [39.746289, 68.162207], [39.809277, 68.15083], [39.895605, 68.114502], [40.035742, 68.015381], [40.206641, 67.941895], [40.380664, 67.831885], [40.525781, 67.789697], [40.656543, 67.774072], [40.766309, 67.743018], [40.966406, 67.713477], [41.060938, 67.444189], [41.133887, 67.386035], [41.133887, 67.266943], [41.261719, 67.218457], [41.358789, 67.209668], [41.354297, 67.121436], [41.275586, 66.914307], [41.188965, 66.826172], [40.521582, 66.446631], [40.10332, 66.299951], [39.289062, 66.132031], [38.653906, 66.069043], [38.397559, 66.064453], [37.900684, 66.095605], [37.628223, 66.12959], [37.294824, 66.225049], [36.983691, 66.272559], [36.769922, 66.293555], [36.373438, 66.302295], [35.513477, 66.395801], [35.363965, 66.428662], [34.824609, 66.611133], [34.610254, 66.559619], [34.482617, 66.550342], [34.396094, 66.613184], [34.430859, 66.629785], [34.451563, 66.651221], [34.146094, 66.703271], [33.893652, 66.706738], [33.75957, 66.750977], [33.59541, 66.784619], [33.522949, 66.764355], [33.482031, 66.764551], [33.150195, 66.843945], [33.001953, 66.908301], [32.847559, 67.021533], [32.885254, 67.061133], [32.930469, 67.086816], [32.399902, 67.152686], [31.895313, 67.161426], [31.983008, 67.129834], [32.201563, 67.113232], [32.340625, 67.067871], [32.500977, 67.003857], [32.463672, 66.916309], [32.686426, 66.829541], [32.857324, 66.746924], [32.862402, 66.721387], [32.928711, 66.704102], [33.180566, 66.679932], [33.224414, 66.603857], [33.18291, 66.573877], [33.217383, 66.531641], [33.405273, 66.484277], [33.517676, 66.471387], [33.655957, 66.442627], [33.593262, 66.38457], [33.476953, 66.346875], [33.360547, 66.329541], [33.41582, 66.315625], [33.566699, 66.320996], [34.112695, 66.225244], [34.399805, 66.128418], [34.691797, 65.951855], [34.786328, 65.864551], [34.793164, 65.816357], [34.776953, 65.768262], [34.734766, 65.716309], [34.715527, 65.664062], [34.615723, 65.509912], [34.544141, 65.456689], [34.406445, 65.395752], [34.535938, 65.27793], [34.671094, 65.168115], [34.803516, 64.985986], [34.827148, 64.912695], [34.832617, 64.800195], [34.952246, 64.755957], [34.905469, 64.738672], [34.858301, 64.706689], [34.869531, 64.56001], [35.035352, 64.440234], [35.284082, 64.362549], [35.432031, 64.346777], [35.64707, 64.37832], [35.802051, 64.335352], [36.146484, 64.189014], [36.301953, 64.034375], [36.364941, 64.002832], [36.71377, 63.945068], [36.975195, 63.909521], [37.372754, 63.816748], [37.442188, 63.813379], [37.635352, 63.893408], [37.967969, 63.949121], [38.070801, 64.02583], [38.062207, 64.091016], [37.977148, 64.207031], [37.953711, 64.320117], [37.843555, 64.366309], [37.740625, 64.396973], [37.42959, 64.373584], [37.289551, 64.37793], [37.183691, 64.408496], [37.04043, 64.48916], [36.769336, 64.685254], [36.624219, 64.750537], [36.578711, 64.790967], [36.528223, 64.847363], [36.53457, 64.938623], [36.65293, 64.935449], [36.785938, 64.987158], [36.882812, 65.172363], [37.050195, 65.195898], [37.14082, 65.194287], [37.528125, 65.108252], [38.009375, 64.87876], [38.115723, 64.85459], [38.228223, 64.851221], [38.412109, 64.85708], [38.441992, 64.827148], [38.540918, 64.79126], [38.613086, 64.78667], [39.053516, 64.713916], [39.567383, 64.570557], [39.758008, 64.577051], [39.833008, 64.656396], [39.848633, 64.690527], [40.057813, 64.770752], [40.203711, 64.784033], [40.407813, 64.754883], [40.444922, 64.778711], [40.375391, 64.896289], [40.28125, 64.998096], [40.142676, 65.063281], [39.896484, 65.254785], [39.798047, 65.349854], [39.749121, 65.447949], [39.781152, 65.534717], [39.816504, 65.597949], [40.327832, 65.751709], [40.512793, 65.843799], [40.691602, 65.963428], [40.774414, 65.987891], [41.076074, 66.021094], [41.475781, 66.123437], [41.780859, 66.259326], [42.083594, 66.465918], [42.210547, 66.519678], [42.313672, 66.514746], [42.450781, 66.482422], [42.602148, 66.42251], [42.806543, 66.411328], [43.005957, 66.420947], [43.233203, 66.415527], [43.550879, 66.321289], [43.60332, 66.291211], [43.653125, 66.250977], [43.550391, 66.173389], [43.541895, 66.123389], [43.623926, 66.146729], [43.737012, 66.158398], [43.84375, 66.142383], [43.944141, 66.098682], [44.016699, 66.049756], [44.104395, 66.008594], [44.132422, 66.064551], [44.145313, 66.112744], [44.097168, 66.235059], [44.220703, 66.40708], [44.316406, 66.481689], [44.488672, 66.671777], [44.437109, 66.794629], [44.429297, 66.937744], [44.403906, 67.004199], [44.291797, 67.099658], [44.074414, 67.167334], [43.855371, 67.188623], [43.782422, 67.254492], [43.795703, 67.32959], [43.856348, 67.439307], [44.036426, 67.670654], [44.225391, 67.995605], [44.231543, 68.07124], [44.213867, 68.112598], [44.226465, 68.154443], [44.204688, 68.25376], [44.169141, 68.3271], [43.404004, 68.608545], [43.358008, 68.635791], [43.333203, 68.673389], [43.413281, 68.681738], [43.471973, 68.679834], [44.048047, 68.548828], [44.175293, 68.541748], [45.078125, 68.578174], [45.519434, 68.546533], [45.891992, 68.479687], [46.158398, 68.291357], [46.429688, 68.118848], [46.683594, 67.970459], [46.69043, 67.848828], [46.428906, 67.823682], [46.174219, 67.818164], [45.528711, 67.757568], [45.374121, 67.688867], [44.939453, 67.477441], [44.902148, 67.413135], [44.939453, 67.350781], [45.138867, 67.284717], [45.562207, 67.185596], [45.752539, 66.98916], [45.885352, 66.891064], [45.986035, 66.853125], [46.083984, 66.843506], [46.297754, 66.842822], [46.448535, 66.818994], [46.492383, 66.800195], [46.552344, 66.818994], [46.69082, 66.825537], [47.496484, 66.929834], [47.655859, 66.975928], [47.709082, 67.04502], [47.768066, 67.275635], [47.839258, 67.355713], [47.908203, 67.454688], [47.882617, 67.515332], [47.874707, 67.58418], [48.278711, 67.650391], [48.653809, 67.695264], [48.833203, 67.681494], [48.87793, 67.731348], [48.762695, 67.827002], [48.695703, 67.874219], [48.754297, 67.895947], [48.840625, 67.869727], [48.953906, 67.853809], [49.155273, 67.87041], [49.93125, 68.065137], [50.233203, 68.175342], [50.414062, 68.218359], [50.699414, 68.317725], [50.838867, 68.349951], [51.078516, 68.36333], [51.336133, 68.402441], [51.616699, 68.476318], [51.994727, 68.53877], [52.055664, 68.541309], [52.128809, 68.532031], [52.285352, 68.459375], [52.227441, 68.418604], [52.183496, 68.374268], [52.25918, 68.350928], [52.322266, 68.339697], [52.39668, 68.351709], [52.475, 68.382129], [52.669727, 68.426758], [52.722656, 68.484033], [52.647656, 68.506152], [52.550098, 68.592432], [52.435059, 68.610205], [52.344043, 68.608154], [52.683594, 68.731201], [53.412891, 68.912549], [53.801953, 68.995898], [54.18584, 69.00332], [54.491211, 68.992334], [54.37627, 68.964746], [53.874414, 68.926611], [53.797656, 68.907471], [53.798242, 68.884668], [53.919531, 68.87124], [53.970605, 68.844287], [53.929297, 68.811865], [53.891211, 68.801514], [53.833887, 68.708936], [53.758887, 68.633984], [53.917676, 68.536963], [53.930859, 68.435547], [53.829492, 68.382666], [53.690039, 68.402539], [53.566699, 68.36709], [53.342578, 68.343213], [53.293359, 68.31167], [53.260547, 68.26748], [53.403125, 68.256836], [53.515137, 68.259668], [53.913672, 68.231201], [53.967871, 68.227344], [54.099219, 68.259033], [54.23291, 68.266309], [54.393945, 68.275098], [54.476172, 68.294141], [54.56123, 68.273047], [54.717969, 68.18418], [54.861328, 68.201855], [54.923047, 68.373828], [55.150879, 68.480029], [55.418066, 68.567822], [55.675293, 68.575879], [55.924609, 68.637305], [56.043652, 68.648877], [56.275684, 68.624072], [56.620215, 68.619043], [56.909375, 68.566699], [57.126855, 68.554004], [57.444336, 68.641504], [58.173047, 68.889746], [58.237012, 68.833936], [58.353906, 68.916211], [58.918945, 69.003809], [59.057324, 69.006055], [59.059863, 68.972559], [59.110156, 68.896289], [59.22041, 68.849609], [59.370508, 68.738379], [59.29834, 68.708447], [59.222559, 68.691309], [59.112305, 68.616309], [59.099023, 68.444336], [59.310742, 68.400293], [59.604297, 68.351123], [59.725684, 68.351611], [59.827539, 68.380322], [59.858789, 68.396045], [59.897363, 68.421924], [59.922852, 68.471338], [59.941406, 68.510498], [59.865137, 68.604932], [59.895996, 68.706348], [60.160254, 68.699512], [60.48916, 68.728955], [60.637695, 68.787012], [60.815137, 68.895215], [60.933594, 68.986768], [60.858594, 69.145508], [60.664551, 69.110254], [60.337305, 69.457031], [60.170605, 69.590918], [60.276465, 69.652637], [60.558691, 69.692334], [60.812988, 69.821143], [60.909082, 69.847119], [61.015918, 69.851465], [61.770508, 69.763037], [62.63125, 69.743115], [63.361426, 69.675293], [64.19043, 69.534668], [64.592188, 69.435645], [64.928516, 69.325391], [64.896289, 69.247803], [65.031543, 69.269824], [65.326758, 69.201367], [65.52793, 69.173438], [65.735742, 69.132324], [65.812695, 69.077002], [66.084766, 69.036328], [66.365625, 68.961328], [66.416113, 68.947852], [66.756445, 68.891992], [67.002441, 68.873584], [67.149219, 68.753955], [67.639648, 68.579297], [67.730762, 68.513672], [68.156934, 68.403662], [68.371191, 68.314258], [68.504199, 68.348438], [68.829492, 68.567432], [69.024316, 68.817969], [69.140527, 68.950635], [68.924414, 68.956201], [68.762891, 68.917383], [68.65957, 68.927393], [68.542773, 68.96709], [68.355078, 69.067578], [68.117383, 69.23623], [68.073047, 69.420801], [68.005859, 69.480029], [67.774316, 69.52998], [67.624121, 69.584424], [67.064453, 69.693701], [66.964063, 69.655566], [66.93418, 69.59668], [66.89668, 69.553809], [66.840234, 69.60918], [66.804004, 69.659229], [66.80293, 69.740137], [66.832227, 69.842187], [66.926367, 70.014258], [67.069043, 70.005615], [67.144434, 70.030615], [67.239258, 70.108057], [67.197461, 70.171631], [67.146484, 70.219922], [67.156836, 70.295117], [67.246875, 70.500098], [67.284766, 70.738721], [67.211523, 70.798438], [67.143359, 70.837549], [66.822461, 70.797363], [66.702246, 70.818506], [66.675195, 70.864697], [66.666113, 70.900586], [66.758789, 70.962354], [66.84707, 71.063721], [66.692578, 71.041699], [66.639648, 71.081396], [66.768066, 71.139893], [66.917578, 71.282373], [67.274219, 71.347852], [67.541797, 71.412012], [67.959375, 71.548389], [68.269238, 71.682812], [68.469434, 71.852637], [68.607422, 72.012744], [68.829688, 72.391553], [69.039062, 72.669922], [69.391406, 72.955518], [69.611816, 72.981934], [69.694336, 72.977539], [69.708984, 72.956396], [69.658789, 72.931836], [69.645117, 72.897559], [69.738281, 72.884961], [69.8875, 72.882568], [70.172168, 72.901172], [70.655371, 72.890381], [71.500195, 72.913672], [71.616992, 72.9021], [71.92959, 72.819678], [72.100977, 72.829004], [72.446387, 72.790332], [72.633789, 72.744482], [72.812109, 72.691406], [72.787402, 72.482959], [72.75293, 72.343164], [72.624414, 72.079443], [72.574121, 72.012549], [72.375, 71.821631], [72.279492, 71.695508], [72.129688, 71.60918], [71.912012, 71.547949], [71.884375, 71.511377], [71.867285, 71.457373], [72.079297, 71.306689], [72.581348, 71.151123], [72.704492, 70.963232], [72.731641, 70.822852], [72.7, 70.457324], [72.65332, 70.403418], [72.561914, 70.345557], [72.469434, 70.274951], [72.529688, 70.17251], [72.599414, 69.793213], [72.615625, 69.484033], [72.557324, 69.378418], [72.527051, 69.154248], [72.527344, 69.080518], [72.576758, 68.968701], [72.67832, 68.874854], [72.811914, 68.815234], [73.190723, 68.706787], [73.548047, 68.574512], [73.573438, 68.532617], [73.591699, 68.481885], [73.465234, 68.430762], [73.266406, 68.294482], [73.139453, 68.181348], [73.129395, 68.090918], [73.173047, 67.973047], [73.152148, 67.865039], [73.066797, 67.766943], [72.94873, 67.69624], [72.594336, 67.586963], [71.847461, 67.007617], [71.668164, 66.939697], [71.365234, 66.961523], [71.448926, 66.878955], [71.551172, 66.760449], [71.539551, 66.683105], [71.341992, 66.686719], [71.065625, 66.604492], [70.939453, 66.548145], [70.724902, 66.519434], [70.561426, 66.548682], [70.382812, 66.60249], [70.408887, 66.647607], [70.442578, 66.668262], [70.567969, 66.700879], [70.690723, 66.745312], [70.630762, 66.754199], [70.579102, 66.75376], [70.443945, 66.697314], [70.283398, 66.685791], [70.09375, 66.754346], [69.948633, 66.82998], [69.877148, 66.845459], [69.74043, 66.8146], [69.217773, 66.828613], [69.078711, 66.815918], [69.013477, 66.78833], [69.051172, 66.766357], [69.091113, 66.723584], [69.143945, 66.640723], [69.194336, 66.578662], [69.412012, 66.510742], [69.700977, 66.48457], [69.982422, 66.401416], [70.339453, 66.342383], [71.145508, 66.36665], [71.358008, 66.359424], [71.565625, 66.33374], [71.916992, 66.246729], [72.067578, 66.25332], [72.321582, 66.332129], [72.383984, 66.506543], [72.417383, 66.560791], [73.341602, 66.806836], [73.513574, 66.861084], [73.79209, 66.995312], [73.883301, 67.084961], [73.98623, 67.327686], [74.074512, 67.414111], [74.676074, 67.694629], [74.769531, 67.766357], [74.787305, 67.89751], [74.778223, 67.985938], [74.742676, 68.073535], [74.632422, 68.218311], [74.51123, 68.303076], [74.391406, 68.420605], [74.480957, 68.658887], [74.57959, 68.751221], [75.124609, 68.861719], [75.589551, 68.901172], [76.10752, 68.975732], [76.316016, 68.991504], [76.45918, 68.978271], [76.605762, 68.897607], [76.735059, 68.776904], [77.111719, 68.596191], [77.238477, 68.46958], [77.261035, 68.315576], [77.248438, 67.941016], [77.174414, 67.778516], [77.325098, 67.735645], [77.395605, 67.698682], [77.579199, 67.643945], [77.675098, 67.5896], [77.771582, 67.570264], [77.985547, 67.55918], [78.589551, 67.578467], [78.922461, 67.589111], [78.887598, 67.613135], [78.839063, 67.631201], [78.559082, 67.639111], [78.16123, 67.678369], [77.588281, 67.751904], [77.520117, 67.909619], [77.535937, 68.007666], [77.664844, 68.190381], [77.756836, 68.222363], [77.868262, 68.234717], [77.995117, 68.259473], [77.958691, 68.377051], [77.906836, 68.482275], [77.785254, 68.630469], [77.650684, 68.903027], [77.466309, 68.905127], [77.32832, 68.958643], [76.644922, 69.117383], [76.000977, 69.235059], [75.561133, 69.251807], [75.42002, 69.238623], [75.053516, 69.116309], [74.814844, 69.090576], [74.362598, 69.14458], [73.977441, 69.114648], [73.836035, 69.143213], [73.775684, 69.198242], [73.890918, 69.417969], [73.832715, 69.503906], [73.663281, 69.61709], [73.560156, 69.707227], [73.578125, 69.802979], [73.830176, 70.175684], [73.937402, 70.272852], [74.206738, 70.445459], [74.343359, 70.578711], [74.310938, 70.653613], [73.731543, 71.068701], [73.576563, 71.216504], [73.507227, 71.263525], [73.365234, 71.319775], [73.150488, 71.385205], [73.08623, 71.444922], [73.671777, 71.845068], [73.939453, 71.914746], [74.31123, 71.957813], [74.489063, 71.997021], [74.804102, 72.077393], [74.992188, 72.144824], [75.053223, 72.199219], [75.089941, 72.263135], [75.09707, 72.420654], [75.060352, 72.548779], [75.008008, 72.619434], [74.896875, 72.710107], [74.786816, 72.811865], [74.864941, 72.838428], [74.942188, 72.853809], [75.152441, 72.852734], [75.369336, 72.796631], [75.474902, 72.68501], [75.603516, 72.581055], [75.603125, 72.512158], [75.591406, 72.457227], [75.644336, 72.382275], [75.691113, 72.35], [75.741406, 72.29624], [75.694434, 72.253516], [75.644336, 72.232324], [75.550195, 72.170801], [75.394531, 71.983203], [75.273828, 71.958936], [75.247461, 71.813379], [75.503223, 71.654639], [75.468555, 71.534375], [75.417188, 71.494678], [75.280273, 71.430078], [75.298047, 71.378467], [75.332031, 71.341748], [75.733594, 71.265918], [76.110449, 71.218555], [76.741992, 71.202051], [76.929004, 71.127881], [76.995215, 71.181055], [77.589648, 71.16792], [78.068262, 70.986328], [78.320605, 70.93042], [78.525781, 70.911816], [78.942187, 70.933789], [79.01543, 70.950195], [79.083887, 71.002002], [78.888672, 70.997168], [78.803516, 70.973535], [78.723926, 70.975977], [78.587695, 70.993896], [78.491406, 71.025391], [78.386523, 71.087109], [78.212598, 71.266309], [77.908398, 71.324072], [77.706641, 71.300586], [77.481055, 71.311572], [77.113672, 71.409375], [76.871191, 71.446582], [76.433398, 71.55249], [76.312109, 71.595459], [76.215723, 71.682861], [76.103613, 71.829004], [76.032422, 71.9104], [76.124023, 71.926611], [76.42168, 72.006006], [76.871387, 72.033008], [77.061328, 72.004199], [77.550781, 71.84209], [77.777539, 71.836426], [78.186914, 71.90708], [78.232422, 71.952295], [78.14082, 72.044678], [78.016406, 72.092041], [77.780664, 72.114307], [77.492871, 72.071729], [77.41084, 72.107764], [77.439746, 72.156543], [77.471582, 72.192139], [77.625293, 72.201416], [77.733203, 72.229199], [77.968164, 72.328711], [78.225391, 72.377441], [78.482617, 72.394971], [79.42207, 72.380762], [79.953906, 72.223047], [80.474023, 72.153125], [80.699219, 72.098291], [80.7625, 72.08916], [80.814746, 72.054297], [80.856055, 71.970215], [81.51123, 71.746143], [81.661621, 71.715967], [82.079883, 71.706836], [82.547266, 71.758594], [82.757812, 71.764111], [82.986133, 71.748682], [83.106641, 71.720508], [83.233594, 71.668164], [83.165527, 71.602197], [83.105664, 71.562451], [82.977051, 71.451367], [82.917969, 71.419922], [82.493164, 71.292871], [82.322852, 71.26001], [82.276953, 71.093457], [82.254297, 71.056201], [82.23916, 70.997705], [82.316016, 70.879443], [82.335938, 70.807373], [82.270703, 70.706738], [82.163184, 70.598145], [82.182422, 70.511475], [82.221191, 70.395703], [82.23584, 70.430273], [82.231445, 70.48291], [82.258398, 70.543604], [82.45166, 70.690088], [82.59248, 70.889941], [82.737793, 70.94209], [82.869141, 70.954834], [83.010156, 70.89541], [83.051074, 70.815234], [83.058398, 70.694727], [83.030176, 70.580518], [82.919824, 70.407422], [82.74248, 70.286475], [82.682324, 70.217725], [82.767285, 70.154053], [82.856543, 70.104541], [82.961035, 70.088281], [83.080762, 70.093018], [83.10957, 70.10957], [83.132031, 70.157178], [83.094141, 70.221094], [83.073828, 70.276709], [83.293457, 70.321338], [83.49707, 70.345264], [83.659863, 70.418359], [83.700488, 70.466406], [83.735938, 70.546484], [83.65127, 70.672217], [83.578906, 70.765918], [83.333887, 70.988525], [83.15127, 71.103613], [83.266016, 71.275879], [83.457617, 71.467529], [83.531055, 71.514258], [83.550488, 71.543652], [83.571289, 71.594385], [83.553516, 71.649805], [83.534375, 71.683936], [83.34043, 71.827539], [83.200293, 71.874707], [82.755078, 71.902832], [82.64541, 71.925244], [82.319141, 72.071826], [82.280664, 72.105127], [82.209277, 72.211182], [82.183594, 72.237549], [82.093652, 72.26543], [81.792871, 72.326611], [81.58623, 72.351709], [81.282715, 72.358838], [81.098145, 72.389746], [80.827051, 72.488281], [80.797754, 72.519971], [80.719629, 72.6479], [80.65625, 72.712012], [80.675391, 72.75918], [80.77373, 72.860791], [80.841602, 72.94917], [80.757422, 73.025244], [80.638672, 73.04917], [80.509668, 73.086084], [80.455469, 73.155225], [80.424512, 73.231152], [80.418945, 73.289648], [80.398047, 73.356836], [80.458301, 73.413721], [80.595898, 73.474023], [80.561914, 73.51499], [80.583203, 73.568457], [81.468848, 73.64043], [81.816992, 73.658838], [83.544727, 73.666504], [83.666992, 73.686475], [84.417383, 73.722021], [84.737891, 73.762842], [85.077441, 73.719531], [85.200586, 73.721533], [85.44834, 73.734619], [85.611426, 73.821582], [85.979297, 73.856934], [86.591406, 73.894287], [86.892969, 73.887109], [86.961328, 73.860742], [87.029492, 73.82417], [86.697656, 73.716846], [86.365918, 73.619775], [86.094141, 73.57832], [85.827051, 73.492773], [85.800488, 73.458936], [85.792578, 73.43833], [85.802441, 73.37168], [85.818164, 73.326953], [86.098145, 73.272607], [86.30791, 73.195752], [86.514355, 73.140479], [86.677051, 73.106787], [86.715039, 73.12583], [86.12168, 73.306738], [85.970801, 73.34707], [85.910059, 73.39043], [85.938965, 73.456494], [85.998926, 73.48584], [86.092383, 73.519141], [86.155078, 73.534668], [86.37627, 73.568848], [87.120117, 73.615039], [87.294434, 73.704688], [87.369531, 73.755908], [87.571191, 73.810742], [87.503223, 73.832471], [87.3375, 73.846045], [87.209668, 73.878662], [86.69707, 74.195312], [86.571094, 74.24375], [86.177832, 74.279395], [86.001367, 74.316016], [86.18291, 74.423047], [86.395801, 74.450098], [86.538477, 74.444238], [86.664746, 74.414258], [86.897949, 74.325342], [87.229688, 74.363867], [87.106152, 74.403564], [86.894238, 74.449707], [86.700098, 74.522461], [86.425684, 74.585498], [86.116113, 74.628564], [85.791016, 74.645117], [85.880762, 74.740234], [86.058887, 74.728223], [86.119531, 74.757422], [86.20127, 74.816211], [86.651465, 74.682422], [86.862891, 74.717871], [87.041797, 74.778857], [87.419336, 74.940918], [87.467578, 75.013232], [87.287402, 75.052539], [87.140723, 75.072266], [86.939063, 75.068115], [86.92168, 75.112793], [87.005957, 75.169824], [87.170801, 75.191748], [87.671387, 75.12959], [88.503711, 75.290479], [88.733105, 75.369189], [89.310254, 75.470117], [89.595117, 75.458252], [90.184961, 75.591064], [91.004687, 75.649561], [91.479492, 75.649658], [91.84541, 75.723682], [92.40752, 75.749658], [92.602539, 75.779102], [93.549805, 75.854102], [94.075195, 75.912891], [94.156348, 75.959229], [93.687012, 75.921582], [93.574023, 75.956299], [93.475488, 75.932861], [93.406055, 75.90127], [93.178125, 75.958984], [93.116309, 75.944629], [93.068652, 75.912842], [92.986621, 75.902686], [92.89043, 75.909961], [92.858594, 75.979492], [92.971582, 76.075098], [93.104883, 76.02583], [93.259277, 76.098779], [93.35957, 76.100732], [93.648438, 76.05415], [93.842871, 76.101318], [94.102344, 76.123584], [94.388281, 76.102783], [94.506738, 76.107959], [94.575586, 76.151758], [95.038477, 76.113525], [95.359277, 76.1396], [95.578711, 76.137305], [95.919922, 76.113135], [96.075488, 76.081982], [95.986035, 76.009668], [95.65332, 75.892188], [95.743848, 75.872314], [95.934766, 75.926025], [96.508594, 76.005566], [96.600586, 75.989893], [96.537695, 75.921631], [96.49707, 75.891211], [96.879199, 75.931055], [97.205469, 76.018701], [97.350684, 76.033398], [97.499219, 75.980225], [97.637695, 76.029053], [97.669824, 76.078027], [97.918359, 76.088672], [98.02002, 76.133691], [98.194629, 76.166406], [98.341992, 76.180566], [98.662012, 76.242676], [98.771289, 76.224023], [98.984668, 76.207568], [99.187305, 76.177637], [99.562695, 76.109326], [99.615625, 76.082324], [99.663184, 76.078027], [99.77041, 76.02876], [99.689258, 75.956348], [99.602344, 75.852051], [99.442187, 75.803174], [99.540723, 75.798584], [99.609375, 75.811279], [99.7375, 75.880664], [99.851367, 75.930273], [99.825391, 76.135937], [99.616797, 76.240186], [99.460645, 76.275098], [99.093848, 76.384326], [98.969531, 76.430811], [98.805664, 76.480664], [98.869434, 76.50957], [99.57627, 76.471436], [99.935742, 76.489893], [100.322363, 76.47915], [100.84375, 76.525195], [101.060742, 76.477246], [101.310742, 76.478906], [101.597754, 76.439209], [101.683789, 76.485498], [101.212988, 76.535693], [101.002637, 76.530518], [100.928027, 76.556738], [101.00625, 76.615088], [101.099316, 76.704004], [101.008203, 76.781348], [100.92041, 76.82251], [100.905859, 76.900684], [100.989941, 76.990479], [101.185742, 77.028564], [101.292871, 77.101562], [101.517676, 77.198096], [102.610156, 77.508545], [103.131445, 77.626465], [103.33125, 77.641064], [103.560742, 77.631934], [104.014551, 77.73042], [104.184863, 77.730469], [104.814258, 77.6521], [104.965234, 77.594727], [105.308984, 77.549219], [105.710254, 77.525244], [105.894531, 77.488867], [105.983398, 77.447607], [106.05957, 77.390527], [105.73418, 77.352002], [105.38457, 77.237842], [104.911914, 77.174707], [104.323633, 77.132666], [104.202441, 77.101807], [105.320215, 77.092334], [105.645898, 77.100684], [105.712012, 77.001465], [105.822168, 76.99751], [106.14541, 77.045312], [106.338672, 77.047852], [106.705078, 77.01377], [106.783691, 77.031787], [106.941602, 77.034375], [107.278906, 76.990967], [107.429785, 76.926563], [107.190234, 76.822021], [106.940918, 76.730469], [106.63877, 76.573389], [106.545508, 76.586279], [106.384668, 76.589453], [106.413574, 76.512256], [106.683203, 76.514697], [106.825391, 76.480078], [107.157715, 76.524072], [107.624219, 76.510107], [107.722168, 76.522314], [107.902246, 76.569678], [107.949902, 76.660645], [108.02793, 76.718457], [108.181641, 76.737842], [108.352051, 76.719531], [108.638379, 76.720117], [109.369336, 76.749219], [109.981152, 76.711865], [110.471484, 76.758398], [111.114844, 76.723047], [111.39248, 76.68667], [111.600586, 76.622314], [111.786133, 76.603564], [111.938672, 76.553418], [112.093945, 76.480322], [112.016797, 76.420557], [111.942676, 76.380469], [112.142773, 76.423975], [112.29707, 76.434668], [112.413281, 76.408301], [112.619531, 76.383545], [112.68418, 76.218848], [112.742578, 76.186914], [112.798438, 76.129639], [112.721875, 76.077197], [112.65625, 76.053564], [112.818945, 76.058594], [113.04668, 76.114111], [113.094043, 76.13291], [113.150391, 76.174512], [113.066016, 76.215234], [112.987988, 76.239746], [113.086035, 76.258105], [113.272656, 76.25166], [113.365527, 76.178857], [113.427734, 76.112109], [113.563867, 75.89165], [113.857227, 75.921289], [113.870996, 75.856006], [113.74873, 75.704785], [113.619922, 75.592676], [113.567578, 75.568408], [113.485938, 75.563965], [113.517188, 75.621875], [113.469043, 75.656689], [113.391602, 75.677881], [113.126367, 75.698682], [112.629199, 75.8354], [112.49668, 75.849902], [112.466113, 75.843652], [112.453027, 75.830176], [112.72959, 75.737646], [112.955664, 75.571924], [113.161523, 75.620508], [113.242969, 75.611426], [113.35625, 75.534277], [113.558887, 75.502051], [113.726172, 75.450635], [113.613574, 75.292969], [112.924902, 75.015039], [112.191992, 74.853174], [111.868262, 74.740039], [111.299023, 74.658447], [110.892773, 74.548096], [110.373535, 74.466064], [110.225879, 74.378662], [109.840332, 74.321973], [109.866406, 74.293066], [109.911328, 74.261328], [109.863867, 74.208887], [109.810254, 74.169189], [109.51084, 74.088818], [109.075, 74.032324], [108.199512, 73.694092], [107.76543, 73.625], [107.271094, 73.621045], [107.166992, 73.589404], [106.794238, 73.37666], [106.679395, 73.330664], [106.188672, 73.308008], [105.677148, 72.959277], [105.392773, 72.841016], [105.143945, 72.777051], [105.402734, 72.789941], [105.708203, 72.83667], [106.066699, 72.949854], [106.15957, 73.002002], [106.208789, 73.060547], [106.315039, 73.106396], [106.47793, 73.139404], [107.108789, 73.177295], [107.36875, 73.163135], [107.750391, 73.173145], [108.00127, 73.235596], [108.150977, 73.25791], [108.285352, 73.265869], [108.351465, 73.310205], [108.575391, 73.319043], [109.089941, 73.378418], [109.165625, 73.399609], [109.331055, 73.487451], [109.637109, 73.454004], [109.855273, 73.472461], [110.428711, 73.628906], [110.77334, 73.68916], [110.868164, 73.730713], [110.799219, 73.759766], [110.722363, 73.779932], [110.388281, 73.726025], [110.091211, 73.708545], [109.752734, 73.722559], [109.706738, 73.74375], [109.665625, 73.800244], [109.774121, 73.88125], [109.869141, 73.930615], [110.083887, 73.994385], [110.261426, 74.017432], [110.920117, 73.9479], [111.05625, 73.939355], [111.130859, 74.052832], [111.341406, 74.047363], [111.550586, 74.028516], [111.459961, 74.004834], [111.228125, 73.968555], [111.299512, 73.884863], [111.400391, 73.827734], [111.803711, 73.745264], [112.147266, 73.708936], [112.4, 73.711133], [112.79541, 73.746094], [112.855957, 73.771143], [112.939648, 73.835645], [112.835938, 73.962061], [112.934961, 73.945703], [113.032813, 73.913867], [113.181543, 73.837402], [113.326855, 73.707422], [113.416211, 73.647607], [113.364453, 73.582764], [113.156934, 73.45957], [113.276953, 73.391504], [113.490918, 73.346094], [113.487598, 73.145117], [113.474609, 73.047852], [113.369336, 72.941895], [113.247363, 72.897217], [113.127832, 72.830664], [113.158203, 72.769482], [113.186133, 72.730176], [113.312207, 72.657373], [113.664551, 72.634521], [113.711914, 72.65415], [113.630078, 72.6771], [113.391406, 72.711035], [113.298145, 72.738867], [113.215527, 72.805859], [113.311523, 72.87832], [113.41748, 72.932178], [113.542773, 73.054346], [113.581445, 73.142236], [113.558887, 73.232617], [113.63916, 73.273584], [113.765234, 73.317969], [113.829297, 73.326562], [113.88623, 73.345801], [113.795117, 73.367432], [113.711328, 73.378564], [113.539453, 73.433643], [113.510352, 73.50498], [113.856934, 73.533398], [114.060547, 73.584668], [114.816016, 73.607178], [115.337695, 73.702588], [116.495508, 73.676074], [117.308594, 73.59917], [118.450195, 73.589795], [118.870898, 73.537891], [118.91123, 73.518359], [118.936426, 73.481201], [118.754492, 73.464502], [118.457031, 73.464404], [118.376563, 73.367236], [118.430273, 73.246533], [118.960352, 73.117285], [119.425293, 73.063965], [119.750391, 72.979102], [119.92168, 72.971338], [120.597949, 72.981104], [120.997168, 72.936719], [121.354297, 72.97085], [121.747852, 72.969678], [121.886035, 72.960889], [122.029785, 72.897217], [122.260156, 72.880566], [122.5375, 72.877783], [122.69209, 72.89082], [122.751953, 72.906494], [122.730859, 72.931299], [122.501953, 72.970654], [122.526758, 73.016699], [122.615234, 73.02793], [122.999316, 72.964648], [123.160352, 72.954883], [123.301172, 73.001807], [123.40459, 73.085645], [123.461621, 73.144189], [123.521875, 73.1729], [123.572461, 73.177344], [123.622266, 73.193262], [123.500977, 73.261621], [123.383887, 73.347314], [123.355273, 73.40249], [123.322656, 73.430811], [123.305078, 73.53291], [123.416211, 73.636865], [123.491113, 73.666357], [123.796875, 73.626758], [123.933887, 73.689307], [124.019043, 73.712305], [124.388086, 73.754834], [124.541211, 73.75127], [124.796289, 73.711768], [125.61709, 73.520605], [125.598535, 73.447412], [125.794434, 73.468457], [125.887891, 73.498096], [126.107422, 73.51748], [126.254492, 73.548193], [126.295996, 73.53667], [126.344922, 73.506299], [126.308887, 73.463672], [126.257422, 73.419775], [126.29248, 73.394189], [126.335449, 73.38877], [126.552539, 73.334912], [126.838477, 73.43418], [126.955176, 73.528223], [127.031348, 73.547461], [127.740332, 73.481543], [127.955078, 73.445557], [127.996875, 73.425635], [128.025684, 73.390771], [128.141699, 73.352393], [128.281445, 73.330566], [128.26416, 73.300732], [128.257812, 73.26748], [128.587012, 73.262402], [128.730469, 73.233398], [128.888672, 73.190234], [128.87168, 73.139355], [128.913379, 73.110596], [129.05918, 73.10752], [129.100586, 73.112354], [129.053711, 73.04541], [128.853516, 72.972607], [128.735254, 72.943262], [128.599023, 72.895166], [128.674023, 72.885889], [129.017285, 72.872461], [129.229102, 72.775732], [129.250391, 72.705176], [129.117578, 72.676953], [128.815332, 72.585889], [128.633398, 72.550146], [128.508496, 72.547314], [128.418262, 72.535156], [128.549414, 72.49585], [129.116602, 72.485742], [129.281348, 72.437695], [129.411719, 72.315479], [129.410645, 72.166309], [129.283496, 72.092041], [128.934961, 72.079492], [128.475195, 72.245557], [128.196973, 72.309619], [127.803418, 72.434033], [127.726074, 72.413184], [127.841406, 72.308252], [128.026563, 72.25], [128.358789, 72.08833], [128.911426, 71.755322], [129.040137, 71.782422], [129.116602, 71.824609], [129.154199, 71.878662], [129.121582, 71.953223], [129.210254, 71.916943], [129.291797, 71.850195], [129.46084, 71.739307], [129.23418, 71.744824], [128.949023, 71.707568], [128.843262, 71.663477], [128.922656, 71.601758], [129.134277, 71.592871], [129.224512, 71.508838], [129.389844, 71.404883], [129.761914, 71.119531], [130.025977, 71.065381], [130.28125, 70.947314], [130.537109, 70.892529], [130.668457, 70.88833], [130.757129, 70.962354], [130.831934, 70.935889], [130.898047, 70.803564], [131.021582, 70.746094], [131.157422, 70.742188], [131.268262, 70.765527], [131.432324, 70.828271], [131.562012, 70.901025], [131.769043, 71.101416], [131.906445, 71.202637], [132.035352, 71.244043], [131.99082, 71.293213], [132.003711, 71.350195], [132.098828, 71.483984], [132.227637, 71.642773], [132.325781, 71.726221], [132.562305, 71.895313], [132.653906, 71.925977], [132.71582, 71.871484], [132.768555, 71.79873], [132.803613, 71.767578], [132.839258, 71.755176], [133.130859, 71.606689], [133.426172, 71.490967], [133.688867, 71.434229], [134.102832, 71.378955], [134.702734, 71.386816], [134.813867, 71.460596], [135.022363, 71.515039], [135.359375, 71.543506], [135.55918, 71.610352], [135.884766, 71.630566], [136.090332, 71.61958], [136.406152, 71.570752], [137.11582, 71.415674], [137.31543, 71.359424], [137.41748, 71.299023], [137.650586, 71.208154], [137.797852, 71.163916], [137.939648, 71.133398], [137.991699, 71.142725], [137.97373, 71.168652], [137.901953, 71.194043], [137.844043, 71.226807], [138.012695, 71.26084], [138.03252, 71.28584], [138.090625, 71.307422], [138.314063, 71.325537], [138.097168, 71.358594], [138.022168, 71.363428], [137.918359, 71.384082], [137.927344, 71.429785], [137.995703, 71.463525], [138.04834, 71.525977], [138.118457, 71.566162], [138.23418, 71.596338], [138.318066, 71.602832], [138.525195, 71.562744], [138.67002, 71.634814], [138.780176, 71.629004], [139.004883, 71.556055], [139.209375, 71.444775], [139.320215, 71.444727], [139.632129, 71.489258], [139.98418, 71.491504], [139.93877, 71.557666], [139.695117, 71.700439], [139.722949, 71.884961], [139.552344, 71.926709], [139.359277, 71.951367], [139.640234, 71.99834], [139.84707, 72.148584], [140.014063, 72.162109], [140.187695, 72.191309], [140.134375, 72.209619], [139.616992, 72.225684], [139.505273, 72.207666], [139.430469, 72.163477], [139.176367, 72.163477], [139.14502, 72.264404], [139.14082, 72.329736], [139.473633, 72.466504], [139.601172, 72.496094], [140.450586, 72.493115], [140.705078, 72.518945], [141.079297, 72.586914], [140.983203, 72.630029], [140.972852, 72.716992], [140.652344, 72.842822], [140.675977, 72.871631], [140.708105, 72.890039], [140.808203, 72.890967], [141.309766, 72.857715], [141.518359, 72.788672], [142.061426, 72.720801], [143.51582, 72.698242], [143.680957, 72.673193], [144.303906, 72.643018], [144.568652, 72.609912], [145.199316, 72.570215], [145.485742, 72.54209], [145.71416, 72.497363], [146.083301, 72.471387], [146.25293, 72.442236], [146.234766, 72.349707], [145.46709, 72.362061], [145.212891, 72.392676], [144.897461, 72.39624], [144.776367, 72.382275], [144.587598, 72.305518], [144.360938, 72.265332], [144.169238, 72.258789], [144.294922, 72.192627], [144.470703, 72.174756], [145.03916, 72.259863], [146.594141, 72.302441], [146.831836, 72.29541], [146.807031, 72.236572], [146.599219, 72.123535], [146.40166, 72.035498], [146.113281, 71.944971], [146.005859, 71.945459], [146.230273, 72.1375], [146.137305, 72.146484], [146.051465, 72.142285], [145.799414, 72.221875], [145.758594, 72.225879], [145.709668, 72.206348], [145.710156, 72.177588], [145.664062, 72.066992], [145.756738, 72.020654], [145.756738, 71.941309], [145.407227, 71.890137], [145.271191, 71.894629], [145.125781, 71.927148], [145.063965, 71.926074], [145.046875, 71.901025], [145.077734, 71.854639], [145.07373, 71.830859], [145.017871, 71.793701], [144.989648, 71.753369], [145.075586, 71.707373], [145.188574, 71.695801], [145.804785, 71.746484], [146.073242, 71.80835], [146.367969, 71.92207], [146.894727, 72.19751], [147.127051, 72.292041], [147.261816, 72.327881], [147.433984, 72.340918], [148.402051, 72.311963], [148.964844, 72.252344], [149.501563, 72.164307], [149.766211, 72.09126], [149.963086, 71.992188], [149.998145, 71.950488], [150.016895, 71.895654], [149.881055, 71.843018], [149.279688, 71.825537], [149.04873, 71.795752], [148.965332, 71.762793], [148.954883, 71.744141], [148.92334, 71.714648], [148.968164, 71.690479], [149.237891, 71.687939], [149.498047, 71.664014], [149.857129, 71.601465], [149.912695, 71.580713], [150.026465, 71.521338], [150.06084, 71.51084], [150.599805, 71.520117], [150.634863, 71.498877], [150.667773, 71.455225], [150.525098, 71.38584], [150.384766, 71.338818], [150.097656, 71.226562], [150.242969, 71.267188], [150.82168, 71.362891], [150.967773, 71.380469], [151.145313, 71.37373], [151.582422, 71.286963], [151.759766, 71.217822], [152.092773, 71.023291], [151.999805, 71.00249], [151.762012, 70.982471], [152.508789, 70.834473], [152.79834, 70.835645], [153.460645, 70.878613], [153.794141, 70.87998], [154.413965, 70.974463], [155.029492, 71.034229], [155.595898, 71.038623], [155.895215, 71.095508], [156.68457, 71.09375], [157.447363, 71.074512], [158.037012, 71.039258], [158.702148, 70.93501], [159.350684, 70.790723], [159.72793, 70.649658], [159.804688, 70.604932], [159.911816, 70.506104], [159.958594, 70.423633], [160.006445, 70.309668], [159.983398, 70.221387], [159.889648, 70.158789], [159.831445, 70.081445], [159.83916, 69.98999], [159.729395, 69.870215], [159.83252, 69.784961], [160.119141, 69.729785], [160.739453, 69.655176], [160.910742, 69.606348], [160.928906, 69.458545], [160.982031, 69.334473], [161.035547, 69.098193], [161.14082, 69.038867], [161.309863, 68.982275], [161.340625, 68.905176], [161.129004, 68.653857], [160.99668, 68.60752], [160.856055, 68.53833], [161.104492, 68.5625], [161.230176, 68.653906], [161.365137, 68.822998], [161.495313, 68.849854], [161.565625, 68.905176], [161.565625, 69.063965], [161.480078, 69.201709], [161.480078, 69.300098], [161.536914, 69.379541], [161.945117, 69.545117], [162.166016, 69.611572], [162.375684, 69.649072], [162.944629, 69.682764], [163.201367, 69.714746], [163.498047, 69.693262], [163.705273, 69.701807], [163.945996, 69.735156], [164.15957, 69.719287], [164.513281, 69.609131], [165.760742, 69.584424], [165.980469, 69.545996], [166.820312, 69.499561], [166.884375, 69.499902], [167.073145, 69.554443], [167.628125, 69.740332], [167.856836, 69.728223], [167.950098, 69.69917], [168.047656, 69.625635], [168.15, 69.577393], [168.22998, 69.447021], [168.303027, 69.271484], [168.423047, 69.239502], [168.587598, 69.228369], [168.946191, 69.16333], [169.310645, 69.079541], [169.414648, 68.919629], [169.609863, 68.786035], [170.065625, 68.798682], [170.537598, 68.825391], [170.99541, 69.045312], [170.99668, 69.134717], [170.883789, 69.263623], [170.71416, 69.388232], [170.582227, 69.58335], [170.160938, 69.626563], [170.201172, 69.683203], [170.35957, 69.750977], [170.503125, 69.856543], [170.525391, 69.937891], [170.486816, 70.107568], [170.867969, 70.096045], [171.24668, 70.076123], [171.970508, 70.000342], [172.55957, 69.968359], [172.869238, 69.919775], [173.056348, 69.864941], [173.277441, 69.823828], [173.35332, 69.924023], [173.438672, 69.946826], [173.733398, 69.891113], [173.948047, 69.874121], [174.319434, 69.881641], [174.785547, 69.855664], [175.295605, 69.860059], [175.751172, 69.90415], [175.921484, 69.895313], [176.10752, 69.860303], [176.410449, 69.768506], [176.924414, 69.645996], [177.394531, 69.611621], [177.933691, 69.495605], [178.442773, 69.452979], [178.84834, 69.387207], [178.906934, 69.362109], [178.925, 69.325977], [178.950684, 69.295801], [179.272656, 69.259668], [179.868262, 69.012695], [180, 68.983447], [180, 65.067236], [179.827344, 65.03418], [179.651367, 64.920947], [179.448242, 64.822021], [179.15, 64.781592], [178.698438, 64.631104], [178.519531, 64.602979], [178.285352, 64.672266], [177.748633, 64.717041], [177.581641, 64.777881], [177.337012, 64.931348], [177.251855, 64.953613], [177.179199, 65.014111], [176.880859, 65.081934], [176.624805, 65.037598], [176.413086, 65.07124], [176.341016, 65.047314], [176.452148, 65.025244], [176.645508, 65.007178], [176.940039, 65.016016], [177.037305, 64.999658], [177.123438, 64.947021], [177.222852, 64.86167], [177.148242, 64.804834], [177.06875, 64.78667], [176.831055, 64.849219], [176.556641, 64.83999], [176.429492, 64.855176], [176.061133, 64.960889], [175.781152, 64.844043], [175.396484, 64.783691], [175.097754, 64.776855], [174.548828, 64.683887], [174.698633, 64.681445], [175.09707, 64.746631], [175.330664, 64.746631], [175.67793, 64.782471], [175.858594, 64.825293], [175.945898, 64.865186], [176.056543, 64.904736], [176.169238, 64.884766], [176.246973, 64.843018], [176.300879, 64.783838], [176.350977, 64.705127], [176.283203, 64.663818], [176.219434, 64.641943], [176.140918, 64.58584], [176.507617, 64.682422], [176.730957, 64.624854], [176.842871, 64.633789], [177.049805, 64.719238], [177.3875, 64.774023], [177.427441, 64.763379], [177.467188, 64.736816], [177.409863, 64.572803], [177.43291, 64.444482], [177.6875, 64.304736], [177.95332, 64.222266], [178.044727, 64.21958], [178.130566, 64.235254], [178.163965, 64.309082], [178.229492, 64.364404], [178.312988, 64.314404], [178.381445, 64.260889], [178.477148, 64.127881], [178.474805, 64.089014], [178.451367, 64.011377], [178.536035, 63.975635], [178.650293, 63.965283], [178.69248, 63.842334], [178.731445, 63.66709], [178.681348, 63.650732], [178.625977, 63.650732], [178.44043, 63.605566], [178.466113, 63.574072], [178.653711, 63.556641], [178.706445, 63.521533], [178.668848, 63.439941], [178.678711, 63.402295], [178.744043, 63.394775], [178.786719, 63.442432], [178.775391, 63.510254], [178.792969, 63.540332], [178.918555, 63.400244], [178.921484, 63.34502], [179.028125, 63.282422], [179.332324, 63.190186], [179.388574, 63.147217], [179.405078, 63.077734], [179.329004, 63.05791], [179.25957, 63.008301], [179.302148, 62.939844], [179.381055, 62.883691], [179.510938, 62.862793], [179.570508, 62.773486], [179.570508, 62.6875], [179.477246, 62.613086], [179.288672, 62.510352], [179.176953, 62.469189], [179.133887, 62.396436], [179.120703, 62.320361], [179.044629, 62.323682], [178.963867, 62.355273], [178.019238, 62.546973], [177.663086, 62.582813], [177.35127, 62.587451], [177.292578, 62.599023], [177.295898, 62.644482], [177.31582, 62.685254], [177.359668, 62.736963], [177.338965, 62.781348], [177.29834, 62.784229], [177.258691, 62.750439], [177.172656, 62.750342], [177.091211, 62.789551], [177.023535, 62.777246], [176.990039, 62.722217], [176.963477, 62.693262], [176.964746, 62.658643], [177.008008, 62.626562], [177.189648, 62.591602], [177.159473, 62.560986], [176.907422, 62.536084], [176.702539, 62.505762], [176.436523, 62.41084], [176.328418, 62.346045], [175.613867, 62.184375], [175.441992, 62.12793], [175.36582, 62.121338], [175.267871, 62.102393], [175.192383, 62.034424], [174.797559, 61.938867], [174.715039, 61.9479], [174.610547, 61.867627], [174.514355, 61.823633], [174.284961, 61.817529], [174.138867, 61.795166], [173.822363, 61.679395], [173.623438, 61.716064], [173.390723, 61.556738], [173.131836, 61.406641], [173.05459, 61.406201], [172.856543, 61.469189], [172.806836, 61.436133], [172.837891, 61.375586], [172.908008, 61.311621], [172.867773, 61.293066], [172.789062, 61.310693], [172.730664, 61.314404], [172.690039, 61.295166], [172.696973, 61.249316], [172.584766, 61.19043], [172.49707, 61.185889], [172.396094, 61.167383], [172.362402, 61.116602], [172.392773, 61.061768], [172.213281, 60.997852], [172.067285, 60.915674], [171.997656, 60.900684], [171.917969, 60.864111], [171.830566, 60.837354], [171.729492, 60.843115], [171.489746, 60.725732], [170.949316, 60.522949], [170.799316, 60.496484], [170.608203, 60.434912], [170.589746, 60.393701], [170.588574, 60.342871], [170.512305, 60.259521], [170.423438, 60.047803], [170.396484, 60.009766], [170.350977, 59.965527], [170.154102, 59.986084], [169.982617, 60.06709], [169.927246, 60.104248], [169.897559, 60.147852], [169.887012, 60.21792], [169.854297, 60.250244], [169.814746, 60.265381], [169.618359, 60.438037], [169.275684, 60.556641], [169.226758, 60.595947], [168.788281, 60.563818], [168.670313, 60.562891], [168.462793, 60.592236], [168.1375, 60.573926], [167.745996, 60.509326], [167.626074, 60.468945], [167.226758, 60.406299], [166.964063, 60.307031], [166.452539, 59.947021], [166.331836, 59.872412], [166.273047, 59.85625], [166.186523, 59.849463], [166.148926, 59.92207], [166.136035, 59.979346], [166.168359, 60.088818], [166.229785, 60.17832], [166.29248, 60.346094], [166.308105, 60.414258], [166.352148, 60.484814], [166.180176, 60.480371], [165.941992, 60.356885], [165.583008, 60.236475], [165.41582, 60.205176], [165.285254, 60.134912], [165.192578, 60.124756], [165.08457, 60.098584], [165.073633, 59.945605], [165.018945, 59.860742], [164.953711, 59.843604], [164.854297, 59.840967], [164.779395, 59.874219], [164.669727, 59.997461], [164.525293, 60.061279], [164.440039, 60.072705], [164.376855, 60.058057], [164.251563, 59.973779], [164.113281, 59.897559], [164.135059, 59.984375], [164.017578, 60.017334], [163.912891, 60.037061], [163.780078, 60.041113], [163.743848, 60.028027], [163.690039, 59.978418], [163.574316, 59.914062], [163.49375, 59.886768], [163.409961, 59.834961], [163.364844, 59.781445], [163.321191, 59.70542], [163.269043, 59.52002], [163.272852, 59.302588], [163.084863, 59.131396], [163.010156, 59.148291], [162.974902, 59.137061], [162.940039, 59.114307], [163.004297, 59.020166], [162.969824, 58.986475], [162.93457, 58.963965], [162.847266, 58.939258], [162.643359, 58.799902], [162.453027, 58.708594], [162.141602, 58.447412], [162.049219, 58.272852], [161.960059, 58.076904], [162.001953, 57.980957], [162.039648, 57.918262], [162.097949, 57.874658], [162.197461, 57.82915], [162.411426, 57.778369], [162.392188, 57.74502], [162.391406, 57.717236], [162.466992, 57.766211], [162.521973, 57.904102], [162.654297, 57.948242], [162.718359, 57.946094], [163.14502, 57.837305], [163.225781, 57.790381], [163.213867, 57.686816], [163.187891, 57.637402], [163.108789, 57.564844], [162.957031, 57.47749], [162.779297, 57.357617], [162.762305, 57.284082], [162.761523, 57.243945], [162.808105, 57.102783], [162.814844, 57.023389], [162.791113, 56.875391], [162.802637, 56.811475], [162.849902, 56.756836], [162.92207, 56.722656], [163.046387, 56.741309], [163.16543, 56.725488], [163.256543, 56.688037], [163.243262, 56.564551], [163.294043, 56.447705], [163.335547, 56.23252], [163.261328, 56.17373], [163.189258, 56.137012], [163.047363, 56.044678], [162.97168, 56.033789], [162.840332, 56.065625], [162.628125, 56.232275], [162.713184, 56.330859], [162.893262, 56.399463], [162.975195, 56.449023], [163.038379, 56.521875], [162.944141, 56.508057], [162.877637, 56.476367], [162.671484, 56.490088], [162.589063, 56.454932], [162.488672, 56.399121], [162.528223, 56.260693], [162.461133, 56.235498], [162.334082, 56.187744], [162.146094, 56.128271], [162.084961, 56.089648], [161.924023, 55.840381], [161.775586, 55.654834], [161.723926, 55.496143], [161.729395, 55.358008], [161.784961, 55.205322], [161.824219, 55.138916], [161.996094, 54.997998], [162.080273, 54.886133], [162.105566, 54.752148], [161.966895, 54.688672], [161.725684, 54.532959], [161.624805, 54.51626], [161.294043, 54.520557], [161.129883, 54.598242], [160.935547, 54.578369], [160.772656, 54.541357], [160.517188, 54.430859], [160.288867, 54.288232], [160.074414, 54.18916], [160.010156, 54.130859], [159.921777, 54.008398], [159.84375, 53.783643], [159.870898, 53.672656], [159.914258, 53.62085], [159.955859, 53.552197], [159.899121, 53.447705], [159.897656, 53.380762], [160.002148, 53.274902], [160.025098, 53.12959], [159.947461, 53.125098], [159.771582, 53.229687], [159.585938, 53.237695], [159.136133, 53.117139], [158.952051, 53.047559], [158.74541, 52.908936], [158.683691, 52.9354], [158.639551, 53.014795], [158.564648, 53.05], [158.47207, 53.032373], [158.432324, 52.957422], [158.560156, 52.922168], [158.608789, 52.873633], [158.533691, 52.688428], [158.480762, 52.62666], [158.500391, 52.460303], [158.493164, 52.383154], [158.463477, 52.30498], [158.331641, 52.090869], [158.103516, 51.809619], [157.823242, 51.605322], [157.628906, 51.53457], [157.530957, 51.479883], [157.489844, 51.408936], [157.202246, 51.212744], [156.847461, 51.006592], [156.747754, 50.969287], [156.724316, 51.04707], [156.713477, 51.124121], [156.670801, 51.226855], [156.543457, 51.311621], [156.521191, 51.380273], [156.500391, 51.475098], [156.489844, 51.913037], [156.377344, 52.366553], [156.364746, 52.509375], [156.228613, 52.62627], [156.154395, 52.747266], [156.110352, 52.866162], [156.098828, 53.006494], [155.950195, 53.744287], [155.904883, 53.928125], [155.706445, 54.521484], [155.620313, 54.864551], [155.563867, 55.199121], [155.554883, 55.348486], [155.643457, 55.793555], [155.716602, 56.072217], [155.98252, 56.695215], [156.025391, 56.752002], [156.06748, 56.781592], [156.529297, 57.021191], [156.728418, 57.152246], [156.848828, 57.290186], [156.976758, 57.466309], [156.963574, 57.560938], [156.948242, 57.615771], [156.899902, 57.676904], [156.791602, 57.747949], [156.829883, 57.779639], [156.871973, 57.803662], [156.985742, 57.830176], [157.216797, 57.776807], [157.450391, 57.799268], [157.666406, 58.019775], [157.974609, 57.985937], [158.210449, 58.025293], [158.275195, 58.008984], [158.321094, 58.083447], [158.449414, 58.162842], [158.687012, 58.281348], [159.036914, 58.423926], [159.210645, 58.519434], [159.308398, 58.610547], [159.452637, 58.695947], [159.591504, 58.803662], [159.847363, 59.127148], [160.350391, 59.394043], [160.547461, 59.547363], [160.711426, 59.60166], [160.855273, 59.626855], [161.218945, 59.845605], [161.449316, 60.027344], [161.753516, 60.152295], [161.845996, 60.232227], [162.003613, 60.420166], [162.068164, 60.466406], [162.266309, 60.536719], [162.713184, 60.659473], [162.973145, 60.78291], [163.352344, 60.800439], [163.466406, 60.849756], [163.585156, 60.877148], [163.709961, 60.916797], [163.553516, 61.025635], [163.589258, 61.084375], [163.619629, 61.111328], [163.893359, 61.240479], [164.005469, 61.343799], [163.99209, 61.388232], [163.972754, 61.419873], [163.804395, 61.461377], [163.837109, 61.558252], [163.882715, 61.640137], [164.019531, 61.710693], [164.067969, 61.873877], [164.074219, 62.04502], [164.207227, 62.292236], [164.2875, 62.346631], [164.59834, 62.470557], [164.670703, 62.473779], [164.887695, 62.431885], [165.124121, 62.411523], [165.208105, 62.373975], [165.225684, 62.405762], [165.213867, 62.448193], [165.280371, 62.462988], [165.417383, 62.44707], [165.396582, 62.493896], [165.044043, 62.516992], [164.792383, 62.571094], [164.566992, 62.675488], [164.418359, 62.704639], [164.255664, 62.696582], [163.331738, 62.550928], [163.287109, 62.511426], [163.244238, 62.455371], [163.302148, 62.372998], [163.258008, 62.336914], [163.213281, 62.313428], [163.163477, 62.25957], [163.118457, 62.15293], [163.131055, 62.049902], [163.017676, 61.891064], [163.009277, 61.791504], [163.207617, 61.736572], [163.257812, 61.699463], [163.197852, 61.644775], [163.138867, 61.611426], [163.085254, 61.570557], [163.047266, 61.554053], [162.993945, 61.544189], [162.92168, 61.597705], [162.855957, 61.705029], [162.752344, 61.711279], [162.717871, 61.695117], [162.699023, 61.652588], [162.607617, 61.650049], [162.506445, 61.670117], [162.392578, 61.662109], [162.188379, 61.540674], [161.037109, 60.962891], [160.915039, 60.892676], [160.766602, 60.75332], [160.482031, 60.739844], [160.368164, 60.708545], [160.287305, 60.667041], [160.173633, 60.638428], [160.177344, 60.690723], [160.201074, 60.729639], [160.225781, 60.831543], [160.378906, 61.025488], [160.28125, 61.044775], [160.184277, 61.047656], [160.004004, 61.007422], [159.883105, 60.943408], [159.79043, 60.956641], [159.83457, 61.013965], [159.949219, 61.128613], [159.913965, 61.234473], [159.883105, 61.291797], [159.930859, 61.323926], [160.162695, 61.5375], [160.246875, 61.647607], [160.317383, 61.793359], [160.321484, 61.838574], [160.309375, 61.894385], [160.237793, 61.903857], [160.18252, 61.902832], [159.722168, 61.758398], [159.552344, 61.719482], [159.496289, 61.781445], [159.423047, 61.808057], [159.29502, 61.91416], [159.189258, 61.929395], [159.07666, 61.922266], [158.824316, 61.850244], [158.547168, 61.810889], [158.333691, 61.825684], [158.151563, 61.764844], [158.070117, 61.753613], [157.799316, 61.795264], [157.469336, 61.798926], [157.370703, 61.74707], [157.08418, 61.675684], [156.891797, 61.565186], [156.790625, 61.529639], [156.680273, 61.480615], [156.629688, 61.272461], [156.482617, 61.206006], [156.344141, 61.155078], [156.055957, 60.995605], [155.85332, 60.777148], [155.716113, 60.682373], [155.427832, 60.549854], [154.970801, 60.37666], [154.578223, 60.09502], [154.440723, 59.883789], [154.389844, 59.876758], [154.293066, 59.83335], [154.266602, 59.730371], [154.268848, 59.658398], [154.20918, 59.600342], [154.149805, 59.528516], [154.212891, 59.483398], [154.272168, 59.475146], [154.357617, 59.481445], [154.58252, 59.540088], [154.971289, 59.449609], [155.166699, 59.360156], [155.153027, 59.270215], [155.160449, 59.190137], [155.016699, 59.195605], [154.82373, 59.187549], [154.703516, 59.141309], [154.458008, 59.216553], [154.375977, 59.187842], [154.24668, 59.108594], [154.010938, 59.075537], [153.891699, 59.11416], [153.695215, 59.224756], [153.361133, 59.214795], [153.272949, 59.091309], [153.196094, 59.094434], [153.077734, 59.081885], [152.882227, 58.939062], [152.817871, 58.92627], [152.575586, 58.954102], [152.400684, 59.026416], [152.319629, 59.030762], [152.165234, 58.997021], [152.087891, 58.910449], [151.70459, 58.866699], [151.326758, 58.875098], [151.121094, 59.08252], [151.50498, 59.164014], [151.733496, 59.14668], [151.990039, 59.160059], [152.260645, 59.223584], [152.169531, 59.27793], [152.104492, 59.290576], [151.942383, 59.284082], [151.798047, 59.323242], [151.485742, 59.524121], [151.348242, 59.561133], [151.170313, 59.583252], [151.033594, 59.585645], [150.98252, 59.571338], [150.911914, 59.523047], [150.863281, 59.475439], [150.823438, 59.460742], [150.729492, 59.469141], [150.615234, 59.506543], [150.483594, 59.494385], [150.539844, 59.524951], [150.667285, 59.556348], [150.457227, 59.590723], [150.325586, 59.638867], [150.202539, 59.65127], [149.642578, 59.77041], [149.424512, 59.760986], [149.29043, 59.728467], [149.065234, 59.630518], [149.127734, 59.558789], [149.175391, 59.526758], [149.20498, 59.488184], [149.133008, 59.480518], [148.925, 59.475], [148.79707, 59.532324], [148.708887, 59.448535], [148.744141, 59.373535], [148.889648, 59.4], [148.964648, 59.369141], [148.914062, 59.282715], [148.72666, 59.25791], [148.491211, 59.262305], [148.257422, 59.414209], [147.874609, 59.388037], [147.687891, 59.290674], [147.514453, 59.268555], [147.040039, 59.365723], [146.803711, 59.372949], [146.537207, 59.456982], [146.444336, 59.430469], [146.273438, 59.221484], [146.049512, 59.170557], [145.931641, 59.198389], [145.829102, 59.330322], [145.756445, 59.37373], [145.55459, 59.413525], [144.483398, 59.37627], [144.123438, 59.408301], [143.86875, 59.411377], [143.523828, 59.343652], [143.192188, 59.370117], [142.580273, 59.240137], [142.330371, 59.152637], [142.025391, 58.999658], [141.754688, 58.745264], [141.60293, 58.649023], [141.34707, 58.528076], [140.987695, 58.416846], [140.790234, 58.303467], [140.684961, 58.212158], [140.495117, 57.86543], [140.446875, 57.813672], [140.002344, 57.6875], [139.861523, 57.549316], [139.80332, 57.51416], [139.619238, 57.455713], [139.506641, 57.358301], [139.443848, 57.329687], [139.181641, 57.261523], [138.965723, 57.088135], [138.662109, 56.965527], [138.217773, 56.629004], [138.180078, 56.588525], [138.140625, 56.498682], [138.073828, 56.433105], [137.691504, 56.139355], [137.572949, 56.112109], [137.384082, 55.974756], [137.189844, 55.892285], [137.012109, 55.795264], [136.793555, 55.694189], [136.460254, 55.576709], [136.351172, 55.51001], [136.175195, 55.352246], [135.750781, 55.160645], [135.540625, 55.11377], [135.2625, 54.943311], [135.234766, 54.903223], [135.211523, 54.84082], [135.257715, 54.731494], [135.325391, 54.707422], [135.437793, 54.69248], [135.851562, 54.583936], [136.237988, 54.614062], [136.580273, 54.613623], [136.714551, 54.624316], [136.797266, 54.620996], [136.82373, 54.561475], [136.82041, 54.452344], [136.77041, 54.35332], [136.729395, 54.060645], [136.683008, 53.931299], [136.718848, 53.804102], [136.802637, 53.781982], [136.886426, 53.839355], [137.01875, 53.848145], [137.155371, 53.82168], [137.258008, 54.025244], [137.172461, 54.056885], [137.096191, 54.128564], [137.141602, 54.182227], [137.377734, 54.282324], [137.525098, 54.291211], [137.666016, 54.283301], [137.513184, 54.156396], [137.45127, 54.130469], [137.403418, 54.123535], [137.339258, 54.100537], [137.476465, 54.027588], [137.622754, 53.970459], [137.834766, 53.946729], [137.786133, 53.90332], [137.644824, 53.86582], [137.516992, 53.70708], [137.313672, 53.631592], [137.221484, 53.579199], [137.253711, 53.546143], [137.32832, 53.538965], [137.738184, 53.560303], [137.950488, 53.603564], [138.25293, 53.726416], [138.378906, 53.909277], [138.493555, 53.959668], [138.52793, 53.959863], [138.568164, 53.947168], [138.569141, 53.818799], [138.407031, 53.67417], [138.292188, 53.592432], [138.249707, 53.524023], [138.320312, 53.5229], [138.450684, 53.537012], [138.510938, 53.57002], [138.660742, 53.744775], [138.699414, 53.869727], [138.72168, 54.04375], [138.704688, 54.147656], [138.715918, 54.222656], [138.657227, 54.29834], [138.695703, 54.32002], [139.105078, 54.217822], [139.319727, 54.192969], [139.707422, 54.277148], [139.795508, 54.256445], [139.858398, 54.205322], [140.178711, 54.051562], [140.241699, 54.001025], [140.34707, 53.812598], [140.687598, 53.596436], [141.005664, 53.49458], [141.015039, 53.454248], [141.217676, 53.334473], [141.37373, 53.292773], [141.402051, 53.183984], [141.32793, 53.097266], [141.18125, 53.015283], [140.887305, 53.091504], [140.839648, 53.087891], [140.874512, 53.039844], [141.086816, 52.897559], [141.255859, 52.840137], [141.265918, 52.652588], [141.24502, 52.550146], [141.132422, 52.435693], [141.169824, 52.368408], [141.329688, 52.271143], [141.409082, 52.234326], [141.485254, 52.178516], [141.385547, 52.057227], [141.366895, 51.920654], [141.258398, 51.860693], [141.129395, 51.727783], [140.932617, 51.619922], [140.838574, 51.41416], [140.687695, 51.232275], [140.670703, 51.051318], [140.645605, 50.986768], [140.520898, 50.800195], [140.476367, 50.545996], [140.535449, 50.130762], [140.564063, 50.106689], [140.624512, 50.082422], [140.613281, 50.053711], [140.58457, 50.03335], [140.462695, 49.911475], [140.464551, 49.825586], [140.511328, 49.76167], [140.517188, 49.596143], [140.431055, 49.331494], [140.399121, 49.289795], [140.364355, 49.22085], [140.348633, 49.15918], [140.325586, 49.12002], [140.308984, 49.053906], [140.333691, 48.994824], [140.37832, 48.964111], [140.224219, 48.772852], [140.170605, 48.523682], [140.113281, 48.422656], [139.998438, 48.323779], [139.760742, 48.180566], [139.67627, 48.089893], [139.520508, 47.975293], [139.372656, 47.887354], [139.166992, 47.634863], [139.001367, 47.383301], [138.586816, 47.057227], [138.529688, 46.976221], [138.500488, 46.889844], [138.391797, 46.745068], [138.336914, 46.543408], [138.210156, 46.462939], [138.106348, 46.250732], [137.769141, 45.928516], [137.685449, 45.818359], [137.425195, 45.63999], [137.146973, 45.393506], [136.803516, 45.171143], [136.737207, 45.080029], [136.604102, 44.978174], [136.460449, 44.822119], [136.251172, 44.666797], [136.208691, 44.562012], [136.142285, 44.489111], [135.987012, 44.439844], [135.874609, 44.373535], [135.533203, 43.971484], [135.489063, 43.898828], [135.483398, 43.83501], [135.260156, 43.684619], [135.131055, 43.525732], [134.916992, 43.426562], [134.691797, 43.290576], [134.156445, 43.042139], [134.010449, 42.947461], [133.709375, 42.829932], [133.586719, 42.828223], [133.329492, 42.763867], [133.159961, 42.696973], [133.059375, 42.722803], [132.996582, 42.808008], [132.923926, 42.805273], [132.863574, 42.79375], [132.708984, 42.87583], [132.576465, 42.871582], [132.481348, 42.909766], [132.303809, 42.883301], [132.334375, 43.238672], [132.30957, 43.313525], [132.233203, 43.245068], [132.028711, 43.118945], [131.947266, 43.09541], [131.866602, 43.095166], [131.89834, 43.170752], [132.013086, 43.280029], [131.97627, 43.296045], [131.938965, 43.301953], [131.794727, 43.255273], [131.72207, 43.202637], [131.516406, 42.996436], [131.393262, 42.822314], [131.29248, 42.772119], [131.245313, 42.697412], [131.158301, 42.626025], [131.024805, 42.645166], [130.945703, 42.633936], [130.756152, 42.673291], [130.709375, 42.656396], [130.83418, 42.522949], [130.729883, 42.325781], [130.687305, 42.302539]]], [[[47.441992, 80.853662], [47.899512, 80.812695], [48.243262, 80.823486], [48.345215, 80.818994], [48.445703, 80.806006], [48.547363, 80.779053], [48.686523, 80.717773], [48.683594, 80.633252], [48.625488, 80.629297], [48.044336, 80.668164], [47.777344, 80.75625], [47.705273, 80.765186], [47.600098, 80.741943], [47.512305, 80.687939], [47.41416, 80.674512], [47.303906, 80.606201], [47.198242, 80.614941], [47.144922, 80.609033], [47.011035, 80.562109], [46.677539, 80.561328], [46.623926, 80.540674], [46.513672, 80.475537], [46.378125, 80.456787], [46.141406, 80.446729], [46.059863, 80.483789], [46.023633, 80.540869], [45.969043, 80.569482], [45.64082, 80.536963], [45.389258, 80.560303], [45.149219, 80.59873], [44.90498, 80.611279], [45.124512, 80.652246], [46.327441, 80.735156], [46.799121, 80.755225], [47.020605, 80.814404], [47.352344, 80.85293], [47.441992, 80.853662]]], [[[50.278125, 80.927246], [50.431445, 80.910889], [50.801074, 80.91416], [50.917676, 80.89043], [51.454785, 80.744678], [51.591016, 80.740771], [51.703613, 80.687646], [51.146191, 80.603955], [50.96084, 80.540479], [50.279688, 80.527344], [49.845996, 80.497656], [49.749805, 80.47207], [49.794141, 80.425342], [49.585938, 80.376563], [48.896094, 80.369189], [48.811035, 80.353711], [48.677051, 80.300049], [48.688965, 80.290283], [48.921973, 80.276807], [48.95957, 80.265674], [48.99082, 80.242383], [49.010742, 80.207422], [48.977539, 80.162598], [48.891895, 80.155322], [48.797363, 80.161133], [48.581738, 80.195361], [48.55459, 80.183301], [48.532617, 80.158252], [48.466797, 80.110107], [48.38623, 80.095801], [48.167188, 80.132764], [48.095898, 80.122314], [48.025781, 80.099463], [47.939941, 80.088623], [47.737305, 80.081689], [47.632422, 80.111963], [47.723145, 80.151367], [47.977539, 80.212549], [47.892969, 80.239258], [47.642383, 80.245312], [47.444336, 80.230127], [47.343066, 80.188525], [47.248633, 80.180225], [46.991016, 80.182764], [46.845898, 80.237207], [46.738184, 80.257666], [46.644434, 80.300342], [47.40293, 80.444775], [47.656055, 80.500537], [47.895801, 80.529053], [48.208203, 80.543896], [48.306152, 80.561572], [48.402637, 80.568799], [48.464746, 80.558057], [48.625098, 80.508301], [49.087793, 80.515771], [49.185254, 80.558643], [49.192676, 80.656006], [49.147461, 80.712109], [49.244336, 80.821387], [49.507812, 80.865332], [50.124316, 80.923877], [50.278125, 80.927246]]], [[[67.765332, 76.237598], [67.365234, 76.161279], [67.126953, 76.108154], [66.893164, 76.072266], [66.657422, 76.047021], [66.282422, 75.983691], [65.619141, 75.904639], [65.201563, 75.839453], [64.744531, 75.788232], [64.262598, 75.719678], [63.779297, 75.672607], [63.659473, 75.66875], [63.316699, 75.603076], [63.045996, 75.575732], [62.066113, 75.427734], [61.616211, 75.319629], [61.486523, 75.31084], [61.355957, 75.314844], [61.248828, 75.281006], [61.147266, 75.222559], [60.935645, 75.163672], [60.829199, 75.11084], [60.719238, 75.068604], [60.655371, 75.055029], [60.533789, 75.059277], [60.475586, 75.054736], [60.276855, 75.007568], [60.241113, 74.970752], [60.454883, 74.946143], [60.501367, 74.904639], [60.43916, 74.875342], [60.300781, 74.837012], [60.222461, 74.796582], [60.080078, 74.755859], [59.982324, 74.744629], [59.747266, 74.745898], [59.734668, 74.695459], [59.771484, 74.664453], [59.752734, 74.637012], [59.674023, 74.610156], [59.595996, 74.613721], [59.240137, 74.692969], [59.182031, 74.665771], [59.157031, 74.61084], [59.146094, 74.551904], [59.100977, 74.50752], [59.04043, 74.485547], [58.928223, 74.462695], [58.534668, 74.498926], [58.502148, 74.464209], [58.562012, 74.421826], [58.645703, 74.328027], [58.665039, 74.289258], [58.617871, 74.227393], [58.441406, 74.128857], [57.767383, 74.013818], [57.778418, 73.973926], [57.853418, 73.897852], [57.872266, 73.850439], [57.844922, 73.805078], [57.755957, 73.769189], [57.657422, 73.768164], [57.603711, 73.775488], [57.448535, 73.825635], [57.313086, 73.838037], [57.290918, 73.814551], [57.464258, 73.746045], [57.542578, 73.658203], [57.459766, 73.610303], [57.134375, 73.504395], [56.963867, 73.366553], [56.63418, 73.304297], [56.430371, 73.297217], [56.22832, 73.314111], [56.03457, 73.345898], [55.549219, 73.356836], [55.280176, 73.392041], [55.006836, 73.453857], [54.768652, 73.449414], [54.56582, 73.418506], [54.299902, 73.350977], [54.131543, 73.481006], [54.20459, 73.542041], [53.838672, 73.697119], [53.762891, 73.766162], [53.851367, 73.800537], [53.963477, 73.822314], [54.174023, 73.885742], [54.386328, 73.935645], [54.605664, 73.951318], [54.642676, 73.95957], [54.733398, 74.033984], [54.83125, 74.095752], [54.920313, 74.129102], [55.022852, 74.186621], [55.340918, 74.419629], [55.416406, 74.436133], [56.07832, 74.481299], [56.137109, 74.496094], [55.947461, 74.542187], [55.751758, 74.541211], [55.661523, 74.556104], [55.610352, 74.590527], [55.582227, 74.627686], [55.659668, 74.656299], [55.913672, 74.796094], [56.217871, 74.89751], [56.49873, 74.95708], [56.428516, 74.972949], [56.340039, 75.013477], [55.998047, 75.003369], [55.863184, 75.05874], [55.821191, 75.090625], [55.810059, 75.124902], [55.920703, 75.168359], [56.035547, 75.194238], [56.162207, 75.186572], [56.288672, 75.164307], [56.389063, 75.138184], [56.485254, 75.096094], [56.570312, 75.097754], [56.87627, 75.244385], [56.829297, 75.277734], [56.809473, 75.328418], [56.844434, 75.351416], [56.989453, 75.375098], [57.0875, 75.383838], [57.301758, 75.373242], [57.606836, 75.34126], [57.631543, 75.356445], [57.708203, 75.454492], [57.783398, 75.506689], [58.093652, 75.592529], [58.072559, 75.618994], [58.058301, 75.663086], [58.418359, 75.719775], [58.652734, 75.776807], [58.88125, 75.854785], [58.994727, 75.871729], [59.110449, 75.87373], [59.346582, 75.907031], [59.781934, 75.94585], [60.036133, 75.983838], [60.118164, 76.066553], [60.279297, 76.09624], [60.606152, 76.108643], [60.730566, 76.104053], [60.801172, 76.068799], [60.942188, 76.071289], [60.997754, 76.089258], [61.053906, 76.119873], [61.036914, 76.169043], [61.034375, 76.232959], [61.156934, 76.273535], [61.20166, 76.282031], [61.569434, 76.298486], [61.787109, 76.291016], [62.237305, 76.241602], [62.471094, 76.230469], [62.782031, 76.245215], [62.971484, 76.23667], [63.526172, 76.309521], [64.463477, 76.378174], [64.707617, 76.426025], [64.95, 76.484326], [65.072852, 76.496729], [65.197168, 76.499658], [65.309766, 76.51792], [65.528418, 76.567822], [65.636914, 76.578662], [65.755176, 76.579297], [65.862891, 76.61333], [65.958887, 76.687939], [66.062988, 76.746094], [66.345215, 76.821045], [66.828809, 76.923828], [67.263672, 76.96377], [67.534961, 77.007764], [67.651855, 77.011572], [68.017285, 76.990625], [68.485742, 76.933691], [68.699121, 76.870654], [68.87334, 76.7896], [68.911719, 76.760547], [68.941699, 76.707666], [68.890527, 76.659717], [68.858008, 76.610498], [68.899805, 76.572949], [68.558594, 76.449414], [68.222363, 76.313477], [68.16543, 76.284863], [67.765332, 76.237598]]], [[[55.319824, 73.308301], [55.787305, 73.268604], [56.137695, 73.256152], [56.350488, 73.225537], [56.42959, 73.201172], [56.397461, 73.13916], [56.334668, 73.113672], [56.188965, 73.033008], [56.166992, 72.983203], [56.192871, 72.90498], [56.170508, 72.848096], [56.12168, 72.806592], [56.083789, 72.789404], [55.819727, 72.789502], [55.723438, 72.766406], [55.718457, 72.721533], [55.700977, 72.671729], [55.616406, 72.599072], [55.441309, 72.575391], [55.40332, 72.549072], [55.416895, 72.501318], [55.355957, 72.465088], [55.35957, 72.408691], [55.39043, 72.377832], [55.399121, 72.313623], [55.518066, 72.220654], [55.494922, 72.182324], [55.40332, 72.106885], [55.375, 72.014893], [55.297852, 71.935352], [55.471094, 71.869238], [55.54668, 71.78335], [55.613672, 71.689893], [55.819336, 71.507568], [56.043164, 71.345605], [56.454395, 71.107373], [56.894824, 70.927002], [57.065625, 70.876025], [57.483594, 70.792285], [57.556445, 70.76582], [57.625391, 70.728809], [57.447168, 70.661035], [57.263672, 70.636035], [57.246973, 70.605127], [57.145898, 70.589111], [56.648828, 70.646533], [56.62168, 70.655371], [56.568652, 70.697461], [56.510059, 70.728809], [56.385742, 70.734131], [56.260059, 70.714746], [56.334766, 70.676709], [56.417188, 70.664941], [56.561328, 70.593555], [56.499707, 70.566406], [56.43457, 70.562988], [56.14248, 70.657861], [56.114746, 70.646143], [56.087109, 70.618359], [55.941602, 70.649268], [55.907227, 70.626318], [55.796875, 70.615576], [55.706738, 70.641895], [55.706445, 70.675244], [55.687305, 70.692188], [55.236914, 70.666016], [55.05166, 70.666748], [54.86709, 70.678125], [54.645117, 70.741846], [54.608203, 70.713232], [54.601172, 70.680078], [54.517383, 70.693311], [54.332617, 70.744678], [54.199414, 70.764893], [53.722363, 70.814453], [53.383594, 70.873535], [53.467773, 70.900586], [53.613574, 70.914648], [53.615625, 70.95083], [53.592578, 71.000684], [53.587793, 71.052295], [53.670508, 71.086914], [53.857031, 71.07041], [53.834277, 71.126709], [53.922266, 71.137598], [54.093945, 71.105225], [54.155664, 71.125488], [53.886133, 71.196289], [53.59082, 71.29668], [53.622168, 71.332764], [53.515234, 71.342529], [53.409961, 71.340137], [53.319043, 71.39917], [53.33252, 71.477246], [53.411621, 71.530127], [53.363867, 71.54165], [52.908984, 71.49502], [52.678711, 71.505664], [52.418848, 71.536865], [52.17998, 71.490234], [51.937891, 71.474707], [51.812598, 71.491309], [51.691602, 71.525146], [51.59043, 71.571143], [51.511328, 71.648096], [51.438672, 71.776807], [51.428613, 71.825537], [51.443555, 71.934375], [51.482227, 71.979785], [51.58252, 72.071191], [51.653125, 72.099365], [51.805469, 72.142139], [51.885449, 72.153223], [52.068652, 72.131152], [52.252051, 72.129736], [52.332324, 72.153955], [52.406738, 72.196729], [52.461914, 72.252344], [52.586133, 72.284033], [52.62207, 72.300977], [52.661914, 72.336865], [52.705762, 72.390967], [52.713867, 72.436963], [52.74873, 72.482959], [52.863672, 72.549854], [52.823242, 72.59126], [52.839063, 72.619287], [52.916602, 72.668896], [52.683105, 72.682324], [52.60498, 72.704053], [52.528516, 72.737354], [52.550586, 72.768555], [52.579297, 72.791357], [52.812207, 72.875244], [52.913184, 72.899951], [53.024219, 72.913574], [53.134961, 72.913232], [53.253516, 72.90376], [53.369824, 72.916748], [53.247266, 72.973145], [53.237109, 73.011182], [53.188965, 73.104004], [53.197949, 73.147559], [53.251172, 73.182959], [53.357617, 73.224561], [53.512207, 73.238379], [53.633691, 73.260254], [53.753223, 73.293262], [53.865625, 73.298975], [54.091016, 73.276465], [54.202344, 73.281348], [54.327637, 73.299463], [54.676074, 73.37002], [54.803906, 73.387646], [54.940625, 73.383252], [55.121387, 73.356836], [55.319824, 73.308301]]], [[[96.526563, 81.075586], [96.563086, 81.030078], [96.693262, 80.994189], [96.75498, 80.957861], [97.413672, 80.841846], [97.703027, 80.826709], [97.831836, 80.798291], [97.869922, 80.763281], [97.856445, 80.698096], [97.747168, 80.698682], [97.66543, 80.678076], [97.221387, 80.652441], [97.113086, 80.614063], [97.025391, 80.535547], [97.072559, 80.519873], [97.115039, 80.496582], [97.250195, 80.362988], [97.286816, 80.342529], [97.416992, 80.323145], [97.298438, 80.272754], [97.175195, 80.241016], [95.855762, 80.176953], [94.961328, 80.150391], [94.66123, 80.122803], [94.565039, 80.126074], [94.328418, 80.076025], [93.872363, 80.010107], [93.654688, 80.009619], [93.002344, 80.1021], [92.201563, 80.179297], [92.092188, 80.22334], [91.891602, 80.249268], [91.637402, 80.269922], [91.523828, 80.358545], [91.687793, 80.418506], [91.89668, 80.477539], [92.24668, 80.499121], [92.57793, 80.533252], [92.826758, 80.618555], [92.981055, 80.702979], [93.2625, 80.79126], [92.772949, 80.768652], [92.592578, 80.780859], [92.610156, 80.81001], [92.710352, 80.872168], [92.764648, 80.893066], [92.938672, 80.92583], [93.065137, 80.988477], [93.358691, 81.031689], [93.497363, 81.039209], [93.636719, 81.038135], [93.888867, 81.058398], [94.140137, 81.089453], [94.375488, 81.107373], [94.611621, 81.114648], [94.837891, 81.139404], [95.060938, 81.188086], [95.15957, 81.270996], [95.800684, 81.280469], [95.901953, 81.260596], [95.983984, 81.211426], [96.075195, 81.192773], [96.186914, 81.183936], [96.471094, 81.099268], [96.526563, 81.075586]]], [[[97.674512, 80.158252], [97.903613, 80.09502], [98.017773, 80.022852], [97.906738, 80.00376], [97.80791, 79.956299], [97.759961, 79.89585], [97.626953, 79.850439], [97.591309, 79.774951], [97.65166, 79.760645], [97.724512, 79.781396], [97.870703, 79.852637], [98.064551, 79.901074], [98.273242, 79.874121], [98.353125, 79.884326], [98.499023, 79.953125], [98.471875, 80.009131], [98.531836, 80.043604], [98.596484, 80.052197], [98.865918, 80.04541], [99.294922, 80.016357], [99.370703, 79.986377], [99.473047, 79.970166], [99.536133, 79.941309], [99.726562, 79.919922], [99.818359, 79.898193], [99.946582, 79.848975], [100.06123, 79.7771], [99.91582, 79.73833], [99.839258, 79.668945], [99.805469, 79.653076], [99.781641, 79.628271], [99.771094, 79.567725], [99.748828, 79.515186], [99.721191, 79.491846], [99.70625, 79.463477], [99.721582, 79.385107], [99.680664, 79.32334], [99.537305, 79.276562], [99.387793, 79.274756], [99.16709, 79.306299], [99.104395, 79.305371], [99.041797, 79.293018], [99.317383, 79.227197], [99.517285, 79.130176], [99.750781, 79.107666], [99.814648, 79.09585], [99.899609, 79.006396], [99.929297, 78.961426], [99.54082, 78.852734], [99.439551, 78.834229], [98.819531, 78.818262], [98.411133, 78.787793], [98.28252, 78.79502], [98.054199, 78.820996], [97.905176, 78.810205], [97.688574, 78.827344], [97.555469, 78.826562], [97.248145, 78.868018], [96.93291, 78.933936], [96.871191, 78.963818], [96.807813, 78.984961], [96.42998, 79.003027], [96.347363, 79.015869], [95.796484, 79.001416], [95.702832, 79.012012], [95.531055, 79.098096], [95.436914, 79.099316], [95.133203, 79.049609], [95.02041, 79.052686], [94.791016, 79.086621], [94.652344, 79.12749], [94.631641, 79.140869], [94.619727, 79.192383], [94.482129, 79.218604], [94.31377, 79.30752], [94.21875, 79.402344], [93.758594, 79.451416], [93.478711, 79.462744], [93.272266, 79.458398], [93.070801, 79.495312], [93.404688, 79.631592], [93.847266, 79.70166], [94.038184, 79.756006], [94.257129, 79.829736], [94.347266, 79.941943], [94.719434, 80.01123], [94.815039, 80.034814], [94.946777, 80.089258], [94.987305, 80.096826], [95.281348, 80.030518], [95.337988, 80.042139], [95.390723, 80.072803], [95.497559, 80.105615], [95.857813, 80.11001], [96.1625, 80.096826], [96.277344, 80.110059], [96.416602, 80.104346], [97.120508, 80.153027], [97.586816, 80.168262], [97.674512, 80.158252]]], [[[102.884766, 79.253955], [102.787305, 79.176416], [102.745801, 79.106055], [102.447852, 78.87666], [102.412305, 78.835449], [102.587305, 78.871289], [102.747656, 78.949561], [102.844824, 79.014355], [102.950391, 79.055762], [103.075684, 79.056494], [103.199121, 79.071289], [103.433398, 79.126123], [103.672852, 79.15], [103.800781, 79.149268], [103.925684, 79.123242], [104.004004, 79.062549], [104.091113, 79.013184], [104.404199, 78.9771], [104.449219, 78.963916], [104.476953, 78.92334], [104.452051, 78.880029], [104.633203, 78.835156], [104.881055, 78.854883], [105.014648, 78.843311], [105.145996, 78.818848], [105.20459, 78.779932], [105.256055, 78.733008], [105.310156, 78.666162], [105.342676, 78.593945], [105.312598, 78.499902], [104.832617, 78.352734], [104.741797, 78.339746], [104.519434, 78.349219], [104.297461, 78.335059], [103.719336, 78.258252], [103.003125, 78.255859], [102.79668, 78.187891], [102.734375, 78.189893], [102.673145, 78.201709], [102.617188, 78.224609], [102.180469, 78.205322], [101.692383, 78.194336], [101.204102, 78.191943], [101.039941, 78.142969], [100.541211, 78.04751], [100.082227, 77.975], [99.84502, 77.956836], [99.500293, 77.976074], [99.391699, 78.000684], [99.287109, 78.038086], [99.438672, 78.083936], [99.545605, 78.178564], [99.67793, 78.233496], [100.018945, 78.338916], [100.05752, 78.380371], [100.123535, 78.470459], [100.162988, 78.503955], [100.215039, 78.535791], [100.257227, 78.573828], [100.262695, 78.631494], [100.283984, 78.679199], [100.416406, 78.753174], [100.515625, 78.787793], [100.619629, 78.797412], [100.875586, 78.783594], [100.955762, 78.788477], [100.897949, 78.812451], [100.85625, 78.897754], [100.864551, 78.92583], [100.901367, 78.980078], [100.96543, 79.006543], [101.030859, 79.023291], [101.068164, 79.09624], [101.052246, 79.123242], [101.148828, 79.156885], [101.196094, 79.204443], [101.310449, 79.232617], [101.543066, 79.254443], [101.555273, 79.312646], [101.590625, 79.350439], [101.643359, 79.361377], [101.761328, 79.371973], [101.824219, 79.370215], [101.912109, 79.311621], [102.005273, 79.263672], [102.128516, 79.25249], [102.25127, 79.256055], [102.177246, 79.312598], [102.180664, 79.373389], [102.225098, 79.412939], [102.282422, 79.430078], [102.404883, 79.433203], [102.789844, 79.392139], [103.041602, 79.331543], [103.097949, 79.299121], [103.052441, 79.28252], [102.939648, 79.271191], [102.884766, 79.253955]]], [[[140.04873, 75.828955], [140.152148, 75.809814], [140.274414, 75.822412], [140.389063, 75.79585], [140.496289, 75.689795], [140.54668, 75.663184], [140.602148, 75.643945], [140.656738, 75.634131], [140.815918, 75.630713], [140.889258, 75.652002], [140.944141, 75.700488], [140.94043, 75.749512], [140.926563, 75.798926], [140.925781, 75.866846], [140.950293, 75.927344], [140.985352, 75.964502], [141.032617, 75.988965], [141.299316, 76.06377], [141.485449, 76.137158], [141.742285, 76.108057], [142.001465, 76.043555], [142.460352, 75.903613], [142.669531, 75.863428], [142.926758, 75.826904], [143.185156, 75.813623], [143.311133, 75.822314], [143.559961, 75.8604], [143.68584, 75.863672], [145.255273, 75.585596], [145.309766, 75.564063], [145.359961, 75.530469], [145.023438, 75.489746], [144.803125, 75.416064], [144.726758, 75.365576], [144.814258, 75.324512], [144.883496, 75.268945], [144.407813, 75.102295], [144.216016, 75.05918], [144.019727, 75.044678], [143.625879, 75.083984], [143.396094, 75.082861], [143.170313, 75.116895], [142.92207, 75.217432], [142.820117, 75.267822], [142.729492, 75.337646], [142.699609, 75.448877], [142.734473, 75.54458], [142.867578, 75.571777], [142.986035, 75.633252], [143.002441, 75.659863], [142.941797, 75.713281], [142.551563, 75.720898], [142.30791, 75.691699], [142.08623, 75.660645], [142.151074, 75.457568], [142.198828, 75.392676], [142.264746, 75.346143], [142.616797, 75.133252], [142.696973, 75.103076], [142.929688, 75.062402], [143.12793, 74.970313], [142.778223, 74.867773], [142.626074, 74.837402], [142.472754, 74.82041], [142.378418, 74.828564], [142.287402, 74.849902], [142.18418, 74.899609], [142.1, 74.950977], [141.987305, 74.99126], [141.748438, 74.982568], [141.52998, 74.947168], [141.310449, 74.923193], [140.660742, 74.881836], [140.463867, 74.856055], [140.267871, 74.846924], [140.011035, 74.894775], [139.758203, 74.96377], [139.68125, 74.964062], [139.605859, 74.945605], [139.548047, 74.904053], [139.512305, 74.837793], [139.430078, 74.749219], [139.325586, 74.686816], [139.215332, 74.659668], [139.099121, 74.656543], [138.981738, 74.673682], [138.865625, 74.700928], [138.092285, 74.797461], [138.001367, 74.827002], [137.915039, 74.87085], [137.683008, 75.008545], [137.568066, 75.040576], [137.446973, 75.054199], [137.217969, 75.12373], [137.00625, 75.23501], [136.962305, 75.270361], [136.947656, 75.325537], [136.982422, 75.365332], [137.166016, 75.346582], [137.289746, 75.348633], [137.215234, 75.554395], [137.268848, 75.749414], [137.358496, 75.781641], [137.706543, 75.75957], [137.593555, 75.823389], [137.501172, 75.909668], [137.560547, 75.955225], [137.625391, 75.988184], [137.774414, 76.015674], [137.977051, 76.027783], [138.038672, 76.047266], [138.095996, 76.080518], [138.207617, 76.114941], [138.430664, 76.130078], [138.813965, 76.199707], [138.919531, 76.196729], [139.017578, 76.160107], [139.10918, 76.10835], [139.211328, 76.080713], [139.528516, 76.013428], [139.743359, 75.953076], [140.04873, 75.828955]]], [[[146.795215, 75.370752], [147.060352, 75.364307], [147.443555, 75.437988], [147.496973, 75.440527], [148.432422, 75.413525], [148.508887, 75.387451], [148.518848, 75.336475], [148.48916, 75.309375], [148.475, 75.272412], [148.590137, 75.236377], [148.892188, 75.228125], [149.083203, 75.262061], [149.645313, 75.24458], [150.103906, 75.219238], [150.280664, 75.164014], [150.417188, 75.134326], [150.530566, 75.099854], [150.612891, 75.120166], [150.690332, 75.155322], [150.756934, 75.162402], [150.822363, 75.156543], [150.646289, 74.94458], [150.580273, 74.918945], [150.33125, 74.866797], [149.838086, 74.795312], [149.596875, 74.772607], [149.050195, 74.772461], [148.296875, 74.800439], [148.092383, 74.825684], [147.971875, 74.857324], [147.740918, 74.931982], [147.626855, 74.958936], [147.257031, 74.984277], [147.144043, 74.998437], [146.924902, 75.0625], [146.70332, 75.114209], [146.148535, 75.198291], [146.186133, 75.295557], [146.257617, 75.39375], [146.342969, 75.480908], [146.438477, 75.558203], [146.5375, 75.581787], [146.750977, 75.510449], [146.748242, 75.428662], [146.795215, 75.370752]]], [[[178.861523, 70.826416], [178.792578, 70.82207], [178.648242, 71.000586], [178.62832, 71.047363], [178.683887, 71.105664], [178.829004, 71.177881], [178.891113, 71.231104], [179.235059, 71.324512], [179.547656, 71.447656], [179.715918, 71.466211], [179.886426, 71.52334], [180, 71.537744], [180, 70.993018], [179.881348, 70.975684], [179.647656, 70.898926], [179.152539, 70.880273], [178.861523, 70.826416]]], [[[142.761035, 54.393945], [142.976172, 54.140967], [142.985938, 54.085693], [142.96709, 54.028809], [142.926563, 53.955615], [142.911426, 53.878369], [142.936426, 53.810938], [142.917969, 53.794238], [143.095508, 53.488672], [143.223633, 53.296045], [143.259961, 53.217285], [143.287891, 53.134375], [143.324707, 52.963086], [143.332617, 52.700049], [143.323633, 52.613574], [143.295117, 52.52915], [143.264258, 52.478662], [143.200977, 52.44292], [143.172266, 52.349365], [143.155566, 52.08374], [143.190625, 51.944482], [143.250586, 51.8479], [143.294727, 51.744336], [143.299512, 51.632373], [143.320508, 51.583252], [143.417773, 51.520605], [143.455469, 51.471484], [143.467383, 51.401904], [143.472949, 51.299219], [143.48877, 51.277051], [143.53418, 51.246289], [143.736035, 50.506738], [143.816016, 50.282617], [144.047949, 49.895752], [144.141309, 49.661475], [144.199609, 49.549756], [144.239941, 49.432031], [144.27207, 49.311328], [144.341211, 49.180518], [144.431738, 49.051074], [144.606836, 48.93584], [144.685547, 48.87124], [144.706641, 48.819531], [144.71377, 48.640283], [144.672656, 48.678564], [144.620996, 48.814844], [144.536328, 48.893555], [144.411816, 48.986377], [144.283789, 49.069775], [144.125488, 49.208545], [144.04873, 49.24917], [143.967773, 49.276318], [143.819141, 49.308594], [143.732324, 49.312012], [143.382227, 49.290674], [143.236328, 49.262842], [143.10498, 49.198828], [143.026855, 49.10542], [142.97168, 48.917773], [142.650977, 48.246875], [142.574219, 48.072168], [142.545898, 47.884912], [142.556934, 47.737891], [142.579004, 47.683984], [142.670117, 47.536914], [142.74541, 47.452393], [142.800781, 47.416162], [142.863965, 47.391797], [142.905469, 47.361865], [142.940332, 47.322754], [143.005566, 47.222705], [143.089258, 47.000781], [143.17793, 46.844043], [143.217676, 46.794873], [143.318652, 46.807373], [143.384375, 46.805664], [143.447266, 46.791992], [143.485645, 46.752051], [143.540332, 46.575098], [143.578711, 46.406055], [143.580664, 46.360693], [143.508594, 46.230176], [143.490625, 46.174609], [143.482324, 46.11582], [143.463477, 46.069482], [143.431641, 46.028662], [143.418652, 46.222021], [143.370313, 46.358496], [143.352148, 46.476221], [143.282324, 46.558984], [143.047852, 46.592627], [142.829297, 46.605273], [142.795508, 46.620215], [142.747363, 46.670654], [142.691895, 46.71084], [142.635742, 46.716211], [142.578027, 46.700781], [142.478809, 46.644238], [142.406445, 46.554688], [142.35, 46.458691], [142.304004, 46.357568], [142.208594, 46.088867], [142.149707, 45.999268], [142.077148, 45.917041], [142.015625, 45.961621], [141.961621, 46.013477], [141.92998, 46.088281], [141.916309, 46.170752], [141.830371, 46.451074], [141.866504, 46.694189], [142.011035, 47.030322], [142.038672, 47.140283], [142.016895, 47.244678], [141.98418, 47.347705], [141.9625, 47.543799], [141.964063, 47.587451], [142.015625, 47.700635], [142.075977, 47.80835], [142.149219, 47.902148], [142.181738, 48.013379], [142.135352, 48.290088], [142.028711, 48.4771], [141.897266, 48.654687], [141.873047, 48.701953], [141.866309, 48.750098], [141.97959, 48.972168], [142.020117, 49.078467], [142.066504, 49.312061], [142.108691, 49.439648], [142.142285, 49.569141], [142.153125, 50.216748], [142.143066, 50.312109], [142.071094, 50.51499], [142.066016, 50.630469], [142.100488, 50.776465], [142.147266, 50.890186], [142.20791, 50.998486], [142.206738, 51.222559], [142.090723, 51.429395], [142.005957, 51.520508], [141.872949, 51.630029], [141.771875, 51.690186], [141.722363, 51.736328], [141.771875, 51.751807], [141.808105, 51.789209], [141.720996, 51.846777], [141.668457, 51.93335], [141.66084, 52.272949], [141.682422, 52.359131], [141.747559, 52.454834], [141.80332, 52.555615], [141.855566, 52.793506], [141.873633, 53.038916], [141.838867, 53.138477], [141.823535, 53.339502], [141.852441, 53.389453], [141.964453, 53.456396], [142.141992, 53.495605], [142.179883, 53.484033], [142.318945, 53.405469], [142.370508, 53.402539], [142.424023, 53.410742], [142.526172, 53.447461], [142.583496, 53.536768], [142.50918, 53.587598], [142.552539, 53.652637], [142.67959, 53.674365], [142.688867, 53.730176], [142.642871, 53.736768], [142.683008, 53.816016], [142.705957, 53.895703], [142.670215, 53.968408], [142.466602, 54.148535], [142.334961, 54.280713], [142.55166, 54.278955], [142.615625, 54.303613], [142.666211, 54.358203], [142.692773, 54.416113], [142.761035, 54.393945]]], [[[-178.876465, 71.577051], [-178.438965, 71.541162], [-178.353564, 71.529199], [-178.214697, 71.481641], [-178.133887, 71.465479], [-178.056641, 71.437598], [-177.974805, 71.390527], [-177.816992, 71.33999], [-177.584131, 71.281689], [-177.532178, 71.263086], [-177.498486, 71.219141], [-177.523584, 71.166895], [-177.821777, 71.067578], [-178.062695, 71.041943], [-178.527979, 71.014795], [-179.156885, 70.939844], [-179.415674, 70.918994], [-179.506689, 70.923438], [-179.734033, 70.97168], [-179.999951, 70.993018], [-179.999951, 71.184229], [-179.999951, 71.399707], [-179.999951, 71.537744], [-179.844873, 71.550977], [-179.691016, 71.577979], [-179.546387, 71.582422], [-179.402051, 71.56665], [-179.256494, 71.57168], [-179.111572, 71.596191], [-178.994043, 71.593213], [-178.876465, 71.577051]]], [[[35.816113, 65.18208], [35.848438, 65.142676], [35.858398, 65.07793], [35.827344, 65.036475], [35.842285, 65.001465], [35.778711, 64.97666], [35.680078, 65.057617], [35.621387, 65.058789], [35.558594, 65.093604], [35.528906, 65.151074], [35.585742, 65.16709], [35.608691, 65.157129], [35.729102, 65.197559], [35.816113, 65.18208]]], [[[42.713672, 66.701709], [42.675586, 66.688086], [42.477344, 66.735059], [42.460059, 66.770361], [42.468555, 66.785547], [42.547461, 66.795508], [42.631445, 66.782227], [42.690723, 66.735303], [42.713672, 66.701709]]], [[[52.90332, 71.36499], [52.994141, 71.29126], [53.074023, 71.237939], [53.141406, 71.241895], [53.192578, 71.215283], [53.205176, 71.159717], [53.071484, 71.065039], [53.048145, 71.030957], [53.105762, 70.999268], [53.120996, 70.982031], [53.022656, 70.968701], [53.004492, 71.011621], [52.949609, 71.053613], [52.835352, 71.08584], [52.788965, 71.114941], [52.738379, 71.180664], [52.546582, 71.250439], [52.425488, 71.239258], [52.289453, 71.270361], [52.249609, 71.284912], [52.239844, 71.325049], [52.296582, 71.356836], [52.512598, 71.385059], [52.617383, 71.38335], [52.729688, 71.355127], [52.720313, 71.389795], [52.732227, 71.403711], [52.776758, 71.399805], [52.90332, 71.36499]]], [[[168.039062, 54.56499], [168.081348, 54.512744], [167.677344, 54.697656], [167.488086, 54.794971], [167.441504, 54.855859], [167.511719, 54.856934], [167.59248, 54.797754], [167.710645, 54.770166], [167.882617, 54.690479], [168.039062, 54.56499]]], [[[160.718945, 70.822705], [160.651367, 70.805859], [160.504785, 70.819727], [160.436914, 70.851025], [160.44043, 70.922656], [160.448535, 70.934033], [160.56582, 70.923779], [160.644922, 70.883545], [160.718945, 70.822705]]], [[[161.46709, 68.900977], [161.422461, 68.899658], [161.45625, 68.966016], [161.461133, 68.995605], [161.364063, 69.044434], [161.18252, 69.081592], [161.136523, 69.110254], [161.125488, 69.197021], [161.164551, 69.333594], [161.082813, 69.405664], [161.110742, 69.469824], [161.32334, 69.540918], [161.409766, 69.595703], [161.505176, 69.639453], [161.520703, 69.634033], [161.617773, 69.592432], [161.609277, 69.500928], [161.540332, 69.436523], [161.374414, 69.413672], [161.350879, 69.369336], [161.372656, 69.292822], [161.377539, 69.194434], [161.394238, 69.106445], [161.494727, 69.016016], [161.516992, 68.96958], [161.506738, 68.927588], [161.46709, 68.900977]]], [[[152.885938, 76.121729], [152.786328, 76.085791], [152.558594, 76.143604], [152.642773, 76.174805], [152.799414, 76.194824], [152.835059, 76.185156], [152.86377, 76.163428], [152.885938, 76.121729]]], [[[149.150195, 76.659912], [148.398633, 76.648242], [148.448145, 76.676953], [148.719629, 76.746582], [149.406445, 76.78208], [149.268359, 76.747217], [149.204785, 76.677002], [149.150195, 76.659912]]], [[[137.959863, 71.507666], [137.711816, 71.423242], [137.612891, 71.433936], [137.511816, 71.474609], [137.457813, 71.483496], [137.403223, 71.477295], [137.344238, 71.460547], [137.265527, 71.455908], [137.078711, 71.502197], [137.064063, 71.529883], [137.081836, 71.542725], [137.129492, 71.556152], [137.168164, 71.557129], [137.281836, 71.579932], [137.816797, 71.587891], [137.857617, 71.583057], [137.933789, 71.542773], [137.959863, 71.507666]]], [[[107.695508, 78.130908], [107.60625, 78.082568], [107.481641, 78.057764], [107.343848, 78.098584], [107.00166, 78.095654], [106.415527, 78.139844], [106.583301, 78.167578], [107.508301, 78.189404], [107.573242, 78.185547], [107.695508, 78.130908]]], [[[112.478027, 76.620898], [112.63252, 76.552979], [112.66084, 76.50957], [112.61416, 76.499268], [112.586523, 76.482959], [112.574805, 76.452393], [112.531641, 76.450049], [112.394824, 76.483789], [112.296875, 76.537988], [112.153809, 76.549316], [112.002734, 76.602979], [111.968945, 76.626172], [112.011133, 76.632861], [112.281445, 76.618359], [112.394141, 76.643799], [112.478027, 76.620898]]], [[[96.532422, 76.278125], [96.613965, 76.263818], [96.589648, 76.22124], [96.486719, 76.23374], [96.350781, 76.212158], [96.353418, 76.17749], [96.300586, 76.121729], [96.108789, 76.155469], [95.844531, 76.160254], [95.678613, 76.193652], [95.311133, 76.214746], [95.32207, 76.261621], [95.379883, 76.289062], [95.594434, 76.249609], [95.78623, 76.293896], [96.150977, 76.271875], [96.270703, 76.305371], [96.532422, 76.278125]]], [[[96.285449, 77.02666], [96.253516, 77.007275], [96.209863, 76.992139], [96.091406, 77.002539], [95.854688, 76.974951], [95.76582, 76.990625], [95.680859, 77.021338], [95.364062, 77.011523], [95.270312, 77.018848], [95.420703, 77.056494], [95.854102, 77.097559], [96.528418, 77.205518], [96.561914, 77.154053], [96.561328, 77.12959], [96.424316, 77.071191], [96.285449, 77.02666]]], [[[89.514258, 77.188818], [89.299512, 77.183984], [89.179297, 77.209912], [89.141699, 77.226807], [89.200488, 77.271973], [89.281543, 77.301465], [89.616211, 77.311035], [89.67959, 77.280322], [89.66582, 77.254492], [89.514258, 77.188818]]], [[[74.660547, 72.873437], [74.638379, 72.86377], [74.588086, 72.881152], [74.434766, 72.907666], [74.180664, 72.975342], [74.100195, 73.021533], [74.142383, 73.074365], [74.198535, 73.109082], [74.408789, 73.130469], [74.599902, 73.121777], [74.725293, 73.108154], [74.961523, 73.0625], [74.742578, 73.032715], [74.647266, 72.969043], [74.660156, 72.929297], [74.697168, 72.907715], [74.660547, 72.873437]]], [[[75.503711, 73.456641], [75.344336, 73.432275], [75.375, 73.477393], [75.569727, 73.540625], [75.930176, 73.573633], [76.039453, 73.559912], [76.051562, 73.549268], [75.900977, 73.481494], [75.827148, 73.459131], [75.503711, 73.456641]]], [[[83.549023, 74.071777], [83.495801, 74.048438], [83.45, 74.05166], [83.410645, 74.039551], [83.158984, 74.075342], [82.817773, 74.091602], [82.90293, 74.128906], [83.149805, 74.151611], [83.513477, 74.122363], [83.618359, 74.089453], [83.549023, 74.071777]]], [[[67.344922, 69.529834], [67.263965, 69.442529], [67.097852, 69.447168], [67.047266, 69.467041], [67.025879, 69.483203], [67.216113, 69.575391], [67.328906, 69.572119], [67.344922, 69.529834]]], [[[66.560938, 70.541748], [66.568555, 70.501465], [66.51582, 70.514893], [66.448633, 70.561035], [66.407617, 70.615771], [66.394824, 70.727295], [66.418164, 70.757129], [66.440234, 70.772656], [66.462891, 70.769336], [66.457715, 70.698779], [66.560938, 70.541748]]], [[[70.020703, 66.502197], [69.844727, 66.489746], [69.651367, 66.565332], [69.469336, 66.715967], [69.502734, 66.751074], [69.616406, 66.739014], [69.800391, 66.736475], [69.917578, 66.71167], [70.07666, 66.695898], [70.057617, 66.627197], [70.057227, 66.599463], [70.110059, 66.569092], [70.05918, 66.517578], [70.020703, 66.502197]]], [[[50.051758, 80.074316], [49.970898, 80.060742], [49.588281, 80.136133], [49.556055, 80.158936], [49.883691, 80.230225], [50.250977, 80.219482], [50.309961, 80.185645], [50.319141, 80.172363], [50.072266, 80.109473], [50.051758, 80.074316]]], [[[51.409277, 79.944238], [51.435156, 79.931934], [51.43125, 79.920508], [51.07627, 79.931982], [50.454102, 79.924414], [50.091406, 79.980566], [50.472656, 80.035449], [50.675781, 80.048535], [50.936328, 80.094238], [51.254395, 80.048633], [51.237891, 80.010352], [51.242773, 79.99126], [51.326953, 79.972314], [51.409277, 79.944238]]], [[[50.753711, 81.047412], [50.616016, 81.04126], [50.518164, 81.045557], [50.411914, 81.084375], [50.377441, 81.102734], [50.368457, 81.12251], [50.464941, 81.126221], [50.505957, 81.144238], [50.521582, 81.158203], [50.591797, 81.169434], [50.715918, 81.170654], [50.878613, 81.150879], [50.946191, 81.108154], [50.78877, 81.071826], [50.753711, 81.047412]]], [[[55.479688, 80.273828], [55.195117, 80.226807], [55.048438, 80.228369], [54.979688, 80.256445], [55.091602, 80.295557], [55.240039, 80.325391], [55.353223, 80.317676], [55.434766, 80.302246], [55.479688, 80.273828]]], [[[54.415332, 80.472803], [54.275879, 80.421338], [53.811914, 80.476221], [53.85, 80.503857], [53.900195, 80.51543], [53.901563, 80.54248], [53.858887, 80.563037], [53.877246, 80.605273], [54.176758, 80.574365], [54.205371, 80.561768], [54.407129, 80.540137], [54.437305, 80.498682], [54.415332, 80.472803]]], [[[59.688867, 79.955811], [59.330664, 79.923047], [59.202637, 79.932959], [59.169238, 79.948291], [59.100391, 79.96416], [58.919238, 79.984619], [58.946094, 80.042334], [59.001465, 80.053906], [59.544531, 80.118848], [59.80166, 80.082666], [59.911035, 79.994287], [59.688867, 79.955811]]], [[[58.622363, 81.04165], [58.761523, 80.990967], [58.815332, 80.933594], [58.902539, 80.897656], [58.930566, 80.831689], [58.859961, 80.779395], [58.641895, 80.767969], [58.285645, 80.764893], [57.937891, 80.793359], [57.749805, 80.889062], [57.405176, 80.915137], [57.210938, 81.01709], [57.410254, 81.046777], [57.65625, 81.031543], [58.049512, 81.118457], [58.102344, 81.114258], [58.189941, 81.09458], [58.507617, 81.061768], [58.622363, 81.04165]]], [[[47.983008, 45.488232], [47.967676, 45.469971], [47.920313, 45.562061], [47.917578, 45.618164], [47.947168, 45.64707], [47.987109, 45.554053], [47.983008, 45.488232]]], [[[50.265234, 69.185596], [50.283008, 69.088867], [50.220605, 69.048779], [50.164453, 69.037549], [50.140918, 69.098145], [50.093945, 69.125537], [49.920801, 69.053271], [49.839844, 68.973779], [49.62627, 68.859717], [49.180469, 68.778418], [48.910352, 68.743066], [48.666992, 68.733154], [48.439063, 68.804883], [48.315918, 68.942383], [48.294434, 68.984229], [48.278809, 69.040332], [48.280273, 69.096631], [48.296289, 69.183887], [48.319922, 69.269238], [48.413867, 69.345654], [48.631348, 69.436035], [48.844922, 69.494727], [48.95332, 69.509277], [49.225195, 69.51123], [49.996289, 69.309424], [50.167285, 69.25708], [50.265234, 69.185596]]], [[[63.373828, 80.700098], [63.187598, 80.697607], [63.002148, 80.712842], [62.760449, 80.762695], [62.520313, 80.821875], [62.592578, 80.853027], [62.819336, 80.893799], [63.11582, 80.966797], [63.614746, 80.980908], [63.855957, 80.981152], [64.095703, 80.99834], [64.165918, 81.035742], [64.210449, 81.106348], [64.255859, 81.144434], [64.310156, 81.175195], [64.575391, 81.198486], [64.802051, 81.197266], [65.027734, 81.169482], [65.171973, 81.144043], [65.309766, 81.096436], [65.382031, 81.056738], [65.360059, 81.008203], [65.37207, 80.968018], [65.437402, 80.930713], [64.997461, 80.818896], [64.54834, 80.75542], [63.373828, 80.700098]]], [[[57.95625, 80.123242], [57.800098, 80.104053], [57.392285, 80.13916], [57.332324, 80.158105], [57.281445, 80.193896], [57.214063, 80.328271], [57.211719, 80.368457], [57.18623, 80.39624], [57.083398, 80.445215], [57.011133, 80.468311], [57.075, 80.493945], [57.521973, 80.475391], [58.480469, 80.464746], [58.97168, 80.415869], [59.115918, 80.388428], [59.255469, 80.343213], [58.397949, 80.31875], [58.283887, 80.297803], [58.285742, 80.248145], [58.255469, 80.201807], [58.163184, 80.196533], [57.95625, 80.123242]]], [[[62.167773, 80.834766], [62.227734, 80.794385], [62.191797, 80.730225], [62.114551, 80.683691], [62.075781, 80.616943], [61.769141, 80.601025], [61.68125, 80.586328], [61.597461, 80.534961], [61.285156, 80.504736], [61.05127, 80.418604], [60.722266, 80.434668], [60.27832, 80.494434], [59.900195, 80.446094], [59.649805, 80.43125], [59.346387, 80.505029], [59.304395, 80.521533], [59.288184, 80.572656], [59.30625, 80.617773], [59.386523, 80.712549], [59.495117, 80.766504], [59.549414, 80.783594], [59.592285, 80.816504], [59.71582, 80.836377], [60.094531, 80.848584], [60.234961, 80.837744], [60.278027, 80.801465], [60.481543, 80.804248], [60.820215, 80.826562], [61.313184, 80.862646], [61.597461, 80.89292], [61.850586, 80.885937], [62.10293, 80.866602], [62.167773, 80.834766]]], [[[61.14082, 80.950342], [60.826758, 80.929688], [60.321094, 80.955518], [60.058203, 80.984619], [60.07832, 80.99917], [60.147559, 81.01665], [60.586621, 81.087695], [61.457422, 81.103955], [61.567383, 81.050293], [61.471973, 81.011035], [61.14082, 80.950342]]], [[[53.521387, 80.185205], [52.856348, 80.173242], [52.635938, 80.178857], [52.607031, 80.191162], [52.550488, 80.201855], [52.343555, 80.213232], [52.213379, 80.263721], [52.270215, 80.276318], [52.57666, 80.296924], [52.680566, 80.318506], [52.716016, 80.347559], [52.853906, 80.402393], [53.185645, 80.412646], [53.329199, 80.402393], [53.345898, 80.366309], [53.486133, 80.323389], [53.85166, 80.268359], [53.77793, 80.22832], [53.65293, 80.222559], [53.521387, 80.185205]]], [[[57.078711, 80.350928], [57.122656, 80.316992], [57.118945, 80.193945], [57.072754, 80.139404], [57.080176, 80.094678], [56.986914, 80.071484], [56.200586, 80.076465], [55.811621, 80.087158], [55.724023, 80.104736], [55.942285, 80.163281], [56.012207, 80.203906], [55.989844, 80.320068], [56.024414, 80.341309], [56.655078, 80.330322], [56.707227, 80.363281], [56.944531, 80.366162], [57.078711, 80.350928]]], [[[57.810254, 81.546045], [57.862695, 81.506445], [58.016602, 81.483789], [58.436035, 81.46416], [58.563867, 81.418408], [58.371875, 81.386963], [57.858691, 81.368066], [57.911914, 81.303271], [58.015332, 81.254834], [57.912891, 81.19751], [57.769727, 81.169727], [57.450977, 81.135547], [57.159473, 81.178467], [56.821875, 81.237939], [56.669238, 81.198291], [56.5125, 81.175244], [56.363965, 81.178613], [56.191992, 81.223975], [55.716699, 81.188477], [55.572656, 81.228076], [55.466016, 81.311182], [55.781934, 81.329443], [56.156836, 81.303076], [56.404688, 81.387012], [56.71875, 81.423389], [56.973047, 81.510547], [57.091504, 81.541211], [57.365039, 81.535254], [57.456445, 81.542871], [57.716602, 81.564648], [57.810254, 81.546045]]], [[[54.718945, 81.115967], [55.470703, 81.019873], [56.170117, 81.02915], [56.472266, 80.998242], [56.909668, 80.912891], [57.567773, 80.819727], [57.694141, 80.792285], [57.580371, 80.755469], [56.814746, 80.663623], [56.315527, 80.632861], [55.883398, 80.628418], [55.7125, 80.637305], [55.540625, 80.70332], [55.117188, 80.751904], [54.668164, 80.738672], [54.62334, 80.765234], [54.532813, 80.783008], [54.376074, 80.786963], [54.066602, 80.813623], [54.04541, 80.871973], [54.240527, 80.901855], [54.367285, 80.903809], [54.416797, 80.986523], [54.633984, 81.113184], [54.718945, 81.115967]]], [[[63.650977, 81.609326], [63.528516, 81.596582], [62.884961, 81.608887], [62.573047, 81.633057], [62.53125, 81.647021], [62.515234, 81.659131], [62.106445, 81.679346], [62.283984, 81.706543], [62.794922, 81.718945], [63.70957, 81.687305], [63.767383, 81.66416], [63.782422, 81.649805], [63.650977, 81.609326]]], [[[58.29541, 81.715186], [57.964844, 81.695654], [57.920605, 81.710498], [57.909277, 81.721924], [57.945117, 81.747852], [57.984961, 81.797021], [58.13457, 81.827979], [59.261816, 81.854199], [59.408496, 81.825439], [59.356836, 81.780957], [59.356445, 81.758984], [58.29541, 81.715186]]], [[[92.683496, 79.685205], [92.440625, 79.675488], [92.153711, 79.684668], [91.683594, 79.790576], [91.37627, 79.835498], [91.126074, 79.904932], [91.070312, 79.981494], [91.229297, 80.030713], [91.425977, 80.049219], [91.751953, 80.052295], [92.173438, 80.045459], [92.592773, 79.996533], [93.481543, 79.941113], [93.803125, 79.904541], [93.603516, 79.816748], [93.382031, 79.783887], [93.155078, 79.737598], [92.92627, 79.704492], [92.683496, 79.685205]]], [[[91.567187, 81.141211], [91.222852, 81.063818], [89.975781, 81.113135], [89.919434, 81.14873], [89.901172, 81.170703], [90.069922, 81.213721], [91.108984, 81.199121], [91.477832, 81.183936], [91.567187, 81.141211]]], [[[141.010254, 73.999463], [140.507227, 73.918652], [140.409473, 73.92168], [140.183203, 74.00459], [140.101562, 74.184277], [140.193555, 74.236719], [140.300293, 74.257227], [140.407422, 74.266455], [140.849219, 74.273779], [140.944336, 74.264648], [141.038574, 74.242725], [141.079492, 74.209326], [141.097461, 74.167822], [141.046875, 74.050391], [141.010254, 73.999463]]], [[[142.184863, 73.895898], [142.435059, 73.851562], [142.63916, 73.803076], [143.34375, 73.56875], [143.410742, 73.52085], [143.463965, 73.458887], [143.491309, 73.246436], [143.451465, 73.231299], [143.193262, 73.220752], [142.841602, 73.244824], [142.586914, 73.25332], [142.342188, 73.252881], [142.126367, 73.281689], [141.59668, 73.31084], [141.182715, 73.389209], [140.754004, 73.446045], [140.662793, 73.452002], [140.39248, 73.435352], [140.026953, 73.361426], [139.925098, 73.355225], [139.785547, 73.355225], [139.685547, 73.425732], [139.920117, 73.448584], [140.155176, 73.45752], [140.380664, 73.483008], [140.593555, 73.564551], [140.697461, 73.62915], [140.883789, 73.777539], [140.983594, 73.831543], [141.084766, 73.865869], [141.189941, 73.876465], [141.311914, 73.871875], [141.681934, 73.904199], [141.931836, 73.914941], [142.184863, 73.895898]]], [[[135.948633, 75.40957], [135.745898, 75.381982], [135.451953, 75.389551], [135.473047, 75.463232], [135.523438, 75.49585], [135.592676, 75.576465], [135.56123, 75.636475], [135.578418, 75.709961], [135.613867, 75.766309], [135.698633, 75.845264], [135.788281, 75.798486], [135.849219, 75.729248], [135.904785, 75.694385], [136.127344, 75.625586], [136.168945, 75.605566], [135.983398, 75.521924], [135.965137, 75.486133], [136.020508, 75.438379], [135.948633, 75.40957]]], [[[136.197461, 73.913623], [136.12168, 73.88501], [136.051465, 73.929102], [135.714551, 74.059521], [135.633398, 74.121436], [135.448633, 74.179688], [135.402441, 74.201709], [135.387012, 74.253369], [135.62832, 74.219922], [136.036816, 74.090332], [136.25918, 73.984961], [136.197461, 73.913623]]], [[[137.940527, 55.092627], [138.03125, 55.05332], [138.17207, 55.060059], [138.206152, 55.033545], [138.096484, 54.990918], [138.016602, 54.900879], [137.991211, 54.820703], [137.959473, 54.789014], [137.870117, 54.749561], [137.790234, 54.696924], [137.721484, 54.663232], [137.661133, 54.653271], [137.525586, 54.82583], [137.462695, 54.873389], [137.276074, 54.792383], [137.23291, 54.790576], [137.275195, 54.891016], [137.384375, 55.000684], [137.435547, 55.016016], [137.543652, 55.163086], [137.577344, 55.197021], [137.910449, 55.110059], [137.940527, 55.092627]]], [[[169.200781, 69.580469], [168.915723, 69.571436], [168.348047, 69.664355], [168.144336, 69.71333], [167.992676, 69.77583], [167.821289, 69.819629], [167.788867, 69.836865], [167.813965, 69.873047], [167.864746, 69.901074], [168.05957, 69.974902], [168.196289, 70.008398], [168.35791, 70.015674], [169.374805, 69.882617], [169.420703, 69.856055], [169.433594, 69.832178], [169.418164, 69.779199], [169.332422, 69.76958], [169.299121, 69.734766], [169.263379, 69.628711], [169.245801, 69.601123], [169.200781, 69.580469]]], [[[163.635156, 58.603369], [163.471387, 58.509375], [163.447266, 58.524658], [163.431836, 58.546143], [163.427246, 58.578955], [163.576758, 58.640869], [163.726562, 58.798535], [163.784473, 58.929736], [163.766602, 58.972363], [163.760938, 59.015039], [164.202148, 59.096191], [164.517383, 59.226758], [164.572656, 59.221143], [164.629297, 59.112207], [164.661621, 58.970752], [164.615723, 58.885596], [164.278809, 58.838086], [163.960059, 58.74375], [163.635156, 58.603369]]], [[[166.650293, 54.839062], [166.645117, 54.694092], [166.521289, 54.767627], [166.463672, 54.826855], [166.381738, 54.838086], [166.324805, 54.864551], [166.229883, 54.936523], [166.119727, 55.030371], [166.082324, 55.076563], [166.066309, 55.135693], [165.991895, 55.190479], [165.751074, 55.294531], [165.830469, 55.306934], [165.93125, 55.351465], [166.211914, 55.323975], [166.275781, 55.311963], [166.22998, 55.242334], [166.248047, 55.16543], [166.404297, 55.005615], [166.479492, 54.949902], [166.577344, 54.907715], [166.650293, 54.839062]]], [[[154.810449, 49.312012], [154.714844, 49.267676], [154.610938, 49.294043], [154.612988, 49.380615], [154.824902, 49.646924], [154.899609, 49.630371], [154.883301, 49.566406], [154.802344, 49.468262], [154.829883, 49.3479], [154.810449, 49.312012]]], [[[156.405078, 50.657617], [156.36543, 50.633789], [156.325781, 50.639062], [156.196289, 50.702148], [156.167969, 50.731885], [156.213086, 50.784717], [156.376465, 50.862109], [156.455859, 50.85957], [156.4875, 50.842969], [156.483105, 50.751221], [156.405078, 50.657617]]], [[[155.921094, 50.302197], [155.792383, 50.202051], [155.60752, 50.177246], [155.516406, 50.145605], [155.448926, 50.077783], [155.397168, 50.04126], [155.288672, 50.061182], [155.243066, 50.094629], [155.243066, 50.212793], [155.195117, 50.264551], [155.218359, 50.297852], [155.326758, 50.293262], [155.433887, 50.368945], [155.680176, 50.400732], [155.772754, 50.482422], [155.884766, 50.684131], [156.00166, 50.756934], [156.096875, 50.771875], [156.122852, 50.671289], [156.100586, 50.559277], [156.044434, 50.451758], [155.921094, 50.302197]]], [[[154.08125, 48.790283], [154.042969, 48.73877], [154.000684, 48.755713], [153.992285, 48.77251], [154.091699, 48.832129], [154.126367, 48.904443], [154.199023, 48.904932], [154.228418, 48.89209], [154.204688, 48.857178], [154.08125, 48.790283]]], [[[155.644824, 50.821924], [155.553516, 50.810596], [155.512793, 50.837305], [155.483496, 50.869629], [155.467383, 50.913574], [155.568555, 50.934473], [155.639648, 50.910498], [155.653613, 50.845361], [155.644824, 50.821924]]], [[[153.101074, 47.762939], [153.053809, 47.706104], [153.004102, 47.713477], [152.984277, 47.72793], [153.049121, 47.797021], [153.079199, 47.80874], [153.101074, 47.762939]]], [[[152.002051, 46.897168], [151.815625, 46.787109], [151.754102, 46.78833], [151.723438, 46.828809], [151.715332, 46.852686], [151.864355, 46.868994], [152.039844, 47.01499], [152.16582, 47.110449], [152.234668, 47.143408], [152.288867, 47.142187], [152.002051, 46.897168]]], [[[149.687695, 45.642041], [149.538867, 45.591357], [149.44707, 45.593359], [149.665918, 45.839795], [149.796289, 45.876074], [149.962305, 46.021924], [150.308789, 46.200342], [150.348633, 46.213428], [150.553125, 46.208545], [150.23457, 46.012305], [150.19502, 45.933203], [150.056641, 45.849365], [149.954102, 45.822461], [149.883398, 45.783154], [149.687695, 45.642041]]], [[[148.599512, 45.317627], [148.414648, 45.247168], [148.262305, 45.216846], [148.005273, 45.070166], [147.91377, 44.990381], [147.784082, 44.958594], [147.657813, 44.977148], [147.621875, 44.944727], [147.60957, 44.886572], [147.563086, 44.835547], [147.310156, 44.677637], [147.207422, 44.553564], [147.098438, 44.53125], [146.897461, 44.404297], [146.933496, 44.513086], [146.974219, 44.565723], [147.140918, 44.66333], [147.154785, 44.766211], [147.246582, 44.856055], [147.430469, 44.945215], [147.557813, 45.062451], [147.65791, 45.093018], [147.769434, 45.190723], [147.885547, 45.225635], [147.872656, 45.300293], [147.924023, 45.383301], [147.964551, 45.377734], [148.056055, 45.262109], [148.130078, 45.258203], [148.324219, 45.282422], [148.612305, 45.484668], [148.706641, 45.520654], [148.772656, 45.526465], [148.812207, 45.51001], [148.826172, 45.486084], [148.825391, 45.455908], [148.803027, 45.413525], [148.837109, 45.362695], [148.790723, 45.323975], [148.599512, 45.317627]]], [[[146.713965, 43.743799], [146.683008, 43.716357], [146.608594, 43.740479], [146.613477, 43.797021], [146.621973, 43.812988], [146.824609, 43.860498], [146.884082, 43.82915], [146.899023, 43.80415], [146.713965, 43.743799]]], [[[146.207617, 44.497656], [146.355957, 44.424609], [146.567773, 44.44043], [146.516211, 44.374658], [146.436523, 44.375684], [146.296191, 44.280957], [146.172949, 44.268652], [146.112305, 44.245947], [145.914062, 44.103711], [145.887305, 44.047754], [145.766992, 43.940723], [145.586816, 43.845117], [145.555859, 43.6646], [145.439258, 43.737061], [145.426172, 43.810352], [145.461719, 43.870898], [145.666309, 43.999072], [145.74834, 44.071533], [145.77334, 44.129004], [145.851953, 44.193018], [145.890234, 44.248584], [145.94043, 44.272656], [146.112109, 44.500146], [146.207617, 44.497656]]], [[[113.387207, 74.400439], [113.353125, 74.352979], [113.299219, 74.317139], [113.258887, 74.272705], [113.190234, 74.239307], [112.977637, 74.196826], [112.811328, 74.10293], [112.782422, 74.095068], [112.195801, 74.14624], [112.105078, 74.163232], [111.912109, 74.219238], [111.642969, 74.272949], [111.503418, 74.353076], [111.570117, 74.368311], [111.6375, 74.374316], [111.879785, 74.363818], [111.949219, 74.38877], [111.982813, 74.456299], [111.989355, 74.49624], [112.007617, 74.526758], [112.084473, 74.548975], [112.951758, 74.47959], [113.28623, 74.441016], [113.387207, 74.400439]]], [[[76.248926, 79.651074], [76.372559, 79.615234], [76.467383, 79.643164], [77.360156, 79.556836], [77.549316, 79.524414], [77.588965, 79.501904], [76.810156, 79.489502], [76.649512, 79.493408], [76.636523, 79.544434], [76.457617, 79.545459], [76.153711, 79.57876], [76.071875, 79.625635], [76.051562, 79.644727], [76.148438, 79.664453], [76.248926, 79.651074]]], [[[80.02666, 80.848145], [79.098535, 80.812061], [79.006836, 80.834814], [78.977637, 80.848242], [79.109863, 80.923584], [79.217383, 80.960352], [79.806641, 80.975391], [80.27959, 80.949805], [80.42793, 80.927686], [80.37334, 80.882617], [80.344824, 80.86792], [80.02666, 80.848145]]], [[[70.673926, 73.09502], [70.380371, 73.048096], [70.29834, 73.044482], [70.118652, 73.056299], [70.040723, 73.037158], [69.920117, 73.084521], [69.930371, 73.126611], [69.985645, 73.169238], [70.01875, 73.224316], [69.995898, 73.359375], [70.149609, 73.444727], [70.35, 73.477637], [70.940234, 73.514404], [71.023242, 73.504199], [71.141211, 73.477979], [71.231641, 73.447754], [71.351172, 73.372217], [71.444922, 73.34209], [71.589551, 73.283154], [71.630469, 73.224805], [71.626172, 73.173975], [71.355664, 73.162451], [70.886719, 73.119629], [70.673926, 73.09502]]], [[[77.63252, 72.29126], [77.145605, 72.281885], [76.905957, 72.297656], [76.871094, 72.317041], [76.903125, 72.365576], [77.149512, 72.439209], [77.260449, 72.486133], [77.377832, 72.565283], [77.578711, 72.630859], [77.748535, 72.631201], [78.279102, 72.553223], [78.35293, 72.504297], [78.365137, 72.482422], [78.154492, 72.416992], [78.007227, 72.39248], [77.780859, 72.308545], [77.63252, 72.29126]]], [[[79.501465, 72.721924], [79.430664, 72.710693], [78.880566, 72.751611], [78.690234, 72.803418], [78.633203, 72.850732], [78.656836, 72.892285], [79.164258, 73.094336], [79.356543, 73.038623], [79.4125, 72.983105], [79.541309, 72.918652], [79.537891, 72.769336], [79.501465, 72.721924]]], [[[82.172363, 75.419385], [82.208789, 75.386963], [82.221582, 75.350537], [82.179297, 75.338965], [82.050098, 75.340967], [81.978516, 75.247119], [81.905078, 75.262793], [81.860547, 75.316504], [81.697656, 75.280518], [81.654785, 75.288916], [81.579297, 75.330957], [81.532129, 75.339551], [81.500586, 75.36792], [81.712109, 75.451416], [81.842188, 75.407031], [81.926562, 75.409961], [81.909766, 75.46001], [81.912793, 75.497705], [82.021875, 75.513477], [82.165625, 75.515625], [82.172363, 75.419385]]], [[[60.450488, 69.934863], [60.480664, 69.885498], [60.477246, 69.793701], [60.440234, 69.725928], [60.327148, 69.715283], [60.215918, 69.687695], [60.026172, 69.717041], [59.919531, 69.696973], [59.812793, 69.695654], [59.724609, 69.706201], [59.637012, 69.721045], [59.578223, 69.738623], [59.58125, 69.790869], [59.502637, 69.866211], [59.381543, 69.89043], [59.268359, 69.898438], [59.144238, 69.921924], [59.08252, 69.910791], [59.004004, 69.883301], [58.952734, 69.892773], [58.680078, 70.051025], [58.63418, 70.088037], [58.605566, 70.129199], [58.568066, 70.155664], [58.473047, 70.266846], [58.519922, 70.318311], [58.615332, 70.35083], [58.678027, 70.35957], [58.794238, 70.432959], [59.005273, 70.465186], [59.048047, 70.460498], [59.088281, 70.437109], [59.309863, 70.36167], [59.425977, 70.310937], [59.529102, 70.248975], [59.636328, 70.197021], [59.955859, 70.10835], [60.172266, 70.022852], [60.392578, 69.962402], [60.450488, 69.934863]]], [[[20.957813, 55.278906], [20.859375, 55.183643], [20.594824, 54.982373], [20.677734, 54.955664], [20.774023, 54.947021], [20.8875, 54.909473], [20.995898, 54.902686], [21.188867, 54.935205], [21.222852, 55.107764], [21.235742, 55.264111], [21.297559, 55.264453], [21.389258, 55.275537], [21.44707, 55.234424], [21.554688, 55.195312], [21.682715, 55.160352], [21.873926, 55.100732], [22.072363, 55.063672], [22.137891, 55.059375], [22.346387, 55.064258], [22.567285, 55.059131], [22.627441, 54.970703], [22.736523, 54.928857], [22.824707, 54.871289], [22.83125, 54.838477], [22.709668, 54.632617], [22.684473, 54.562939], [22.679883, 54.493018], [22.724316, 54.405615], [22.766211, 54.356787], [22.731836, 54.350098], [22.168457, 54.359863], [21.63418, 54.376465], [21.140527, 54.391797], [20.664746, 54.406641], [20.208203, 54.420752], [19.924316, 54.433984], [19.644238, 54.44707], [19.604395, 54.45918], [19.758496, 54.544824], [19.858887, 54.633838], [19.944141, 54.75], [19.953223, 54.830469], [19.974512, 54.921191], [20.107617, 54.956494], [20.39668, 54.95127], [20.520313, 54.994873], [20.678906, 55.102637], [20.845703, 55.232031], [20.899805, 55.28667], [20.957813, 55.278906]]], [[[33.594141, 46.09624], [33.654323, 46.146222], [33.659965, 46.219573], [33.806667, 46.208288], [34.02672, 46.106725], [34.128283, 46.089798], [34.224203, 46.101083], [34.353978, 46.061586], [34.449898, 45.965666], [34.523249, 45.97695], [34.686878, 45.97695], [34.794084, 45.892315], [34.799726, 45.790752], [34.946428, 45.728686], [35.001674, 45.733383], [35.022852, 45.700977], [35.260156, 45.446924], [35.373926, 45.353613], [35.45752, 45.316309], [35.558008, 45.310889], [35.750977, 45.389355], [35.833496, 45.401611], [36.012891, 45.37168], [36.077148, 45.424121], [36.170508, 45.453076], [36.290332, 45.456738], [36.427051, 45.433252], [36.575, 45.393555], [36.514258, 45.30376], [36.450781, 45.232324], [36.428418, 45.153271], [36.393359, 45.065381], [36.229883, 45.025977], [36.054785, 45.030811], [35.870117, 45.005322], [35.803613, 45.0396], [35.759473, 45.07085], [35.677539, 45.102002], [35.569531, 45.119336], [35.472559, 45.098486], [35.357813, 44.978418], [35.154785, 44.896338], [35.087695, 44.802637], [34.887793, 44.823584], [34.716895, 44.807129], [34.469922, 44.72168], [34.281738, 44.538428], [34.074414, 44.423828], [33.909961, 44.387598], [33.755664, 44.398926], [33.655859, 44.433203], [33.450684, 44.553662], [33.462695, 44.596826], [33.491309, 44.618604], [33.530078, 44.680518], [33.612207, 44.907812], [33.601172, 44.981494], [33.555176, 45.097656], [33.39248, 45.187842], [33.261523, 45.170752], [33.186914, 45.194775], [32.918652, 45.348145], [32.772656, 45.358984], [32.611328, 45.328076], [32.551855, 45.350391], [32.508008, 45.403809], [32.828027, 45.593018], [33.142285, 45.749219], [33.280078, 45.765234], [33.466211, 45.837939], [33.664844, 45.94707], [33.636719, 46.032861], [33.594141, 46.09624]]]]}}, {"type": "Feature", "properties": {"ADMIN": "Pakistan", "ROLE": "background", "ISO2": "PK"}, "geometry": {"type": "Polygon", "coordinates": [[[76.766895, 35.661719], [76.812793, 35.571826], [76.882227, 35.435742], [76.927734, 35.346631], [76.978906, 35.246436], [77.004492, 35.196338], [77.048633, 35.109912], [77.030664, 35.062354], [77.000879, 34.991992], [76.891699, 34.938721], [76.78291, 34.900195], [76.75752, 34.877832], [76.749023, 34.847559], [76.696289, 34.786914], [76.594434, 34.73584], [76.509961, 34.740869], [76.456738, 34.756104], [76.172461, 34.667725], [76.041016, 34.669922], [75.938281, 34.612549], [75.862109, 34.560254], [75.70918, 34.503076], [75.605566, 34.502734], [75.452539, 34.536719], [75.264063, 34.601367], [75.1875, 34.639014], [75.118457, 34.636816], [74.951855, 34.64585], [74.78877, 34.677734], [74.594141, 34.715771], [74.497949, 34.732031], [74.300391, 34.765381], [74.171973, 34.720898], [74.055859, 34.680664], [73.96123, 34.653467], [73.883105, 34.529053], [73.850098, 34.485303], [73.812109, 34.422363], [73.794531, 34.378223], [73.809961, 34.325342], [73.924609, 34.287842], [73.972363, 34.236621], [73.979492, 34.191309], [73.938281, 34.144775], [73.903906, 34.108008], [73.904102, 34.075684], [73.922363, 34.043066], [73.949902, 34.018799], [74.112598, 34.003711], [74.208984, 34.003418], [74.246484, 33.990186], [74.250879, 33.946094], [74.215625, 33.886572], [74.078418, 33.838672], [74.000977, 33.788184], [73.976465, 33.721289], [73.977539, 33.667822], [74.004004, 33.632422], [74.069727, 33.591699], [74.13125, 33.545068], [74.15, 33.506982], [74.142578, 33.455371], [74.117773, 33.384131], [74.050391, 33.30127], [73.994238, 33.242188], [73.989844, 33.221191], [74.003809, 33.189453], [74.049121, 33.143408], [74.12627, 33.075439], [74.22207, 33.020312], [74.283594, 33.005127], [74.303613, 32.991797], [74.322754, 32.927979], [74.32998, 32.86084], [74.305469, 32.810449], [74.35459, 32.768701], [74.483398, 32.770996], [74.588281, 32.753223], [74.632422, 32.770898], [74.663281, 32.757666], [74.643359, 32.607715], [74.657813, 32.518945], [74.685742, 32.493799], [74.788867, 32.457812], [74.987305, 32.462207], [75.104102, 32.420361], [75.233691, 32.372119], [75.302637, 32.318896], [75.333496, 32.279199], [75.324707, 32.215283], [75.254102, 32.140332], [75.13877, 32.104785], [75.071484, 32.089355], [74.739453, 31.948828], [74.635742, 31.889746], [74.555566, 31.818555], [74.525977, 31.765137], [74.509961, 31.712939], [74.581836, 31.523926], [74.593945, 31.465381], [74.534961, 31.261377], [74.517676, 31.185596], [74.539746, 31.132666], [74.610352, 31.112842], [74.625781, 31.06875], [74.632812, 31.034668], [74.509766, 30.959668], [74.380371, 30.893408], [74.339355, 30.893555], [74.215625, 30.768994], [74.008984, 30.519678], [73.899316, 30.435352], [73.891602, 30.394043], [73.882715, 30.352148], [73.924609, 30.281641], [73.933398, 30.22207], [73.886523, 30.162012], [73.80918, 30.093359], [73.658008, 30.033203], [73.46748, 29.97168], [73.381641, 29.934375], [73.317285, 29.772998], [73.257812, 29.610693], [73.231152, 29.550635], [73.12832, 29.363916], [72.94873, 29.088818], [72.90332, 29.02876], [72.625586, 28.896143], [72.341895, 28.751904], [72.291992, 28.697266], [72.233887, 28.56582], [72.179199, 28.421777], [72.128516, 28.346338], [71.948047, 28.177295], [71.888867, 28.047461], [71.870313, 27.9625], [71.716699, 27.915088], [71.542969, 27.869873], [71.290137, 27.855273], [71.184766, 27.831641], [70.874902, 27.714453], [70.797949, 27.709619], [70.737402, 27.729004], [70.691602, 27.768994], [70.649121, 27.835352], [70.629102, 27.937451], [70.569238, 27.983789], [70.488574, 28.023145], [70.403711, 28.025049], [70.318457, 27.981641], [70.244336, 27.934131], [70.193945, 27.894873], [70.144531, 27.849023], [70.049805, 27.694727], [69.896289, 27.473633], [69.724805, 27.312695], [69.661328, 27.264502], [69.621582, 27.228076], [69.567969, 27.174609], [69.537012, 27.122949], [69.494531, 26.95415], [69.47002, 26.804443], [69.48125, 26.770996], [69.506934, 26.742676], [69.600586, 26.699121], [69.735938, 26.627051], [69.911426, 26.586133], [70.059375, 26.57876], [70.114648, 26.548047], [70.147656, 26.506445], [70.156836, 26.471436], [70.149219, 26.347559], [70.132617, 26.214795], [70.077734, 26.071973], [70.078613, 25.990039], [70.100195, 25.910059], [70.264648, 25.706543], [70.325195, 25.685742], [70.448535, 25.681348], [70.505859, 25.685303], [70.569531, 25.705957], [70.614844, 25.691895], [70.648438, 25.666943], [70.657227, 25.625781], [70.652051, 25.4229], [70.702539, 25.331055], [70.800488, 25.205859], [70.877734, 25.062988], [70.950879, 24.891602], [71.020703, 24.757666], [71.047852, 24.687744], [71.002344, 24.653906], [70.976367, 24.61875], [70.969824, 24.571875], [70.979297, 24.522461], [70.973242, 24.487402], [71.00625, 24.444336], [71.045313, 24.42998], [71.044043, 24.400098], [70.982813, 24.361035], [70.928125, 24.362354], [70.88623, 24.34375], [70.805078, 24.261963], [70.767285, 24.24541], [70.716309, 24.237988], [70.659473, 24.246094], [70.579297, 24.279053], [70.555859, 24.331104], [70.565039, 24.385791], [70.546777, 24.418311], [70.489258, 24.412158], [70.289062, 24.356299], [70.098242, 24.2875], [70.065137, 24.240576], [70.021094, 24.191553], [69.933789, 24.171387], [69.805176, 24.165234], [69.716211, 24.172607], [69.63418, 24.225195], [69.55918, 24.273096], [69.443457, 24.275391], [69.235059, 24.268262], [69.119531, 24.268652], [69.051563, 24.286328], [68.98457, 24.273096], [68.900781, 24.292432], [68.863477, 24.266504], [68.82832, 24.264014], [68.8, 24.309082], [68.781152, 24.313721], [68.758984, 24.307227], [68.739648, 24.291992], [68.728125, 24.265625], [68.724121, 23.964697], [68.586621, 23.966602], [68.488672, 23.967236], [68.38125, 23.950879], [68.28252, 23.927979], [68.23418, 23.900537], [68.165039, 23.857324], [68.148828, 23.797217], [68.115527, 23.753369], [68.067773, 23.818359], [68.037012, 23.848242], [68.001465, 23.826074], [67.950977, 23.828613], [67.859961, 23.902686], [67.819043, 23.828076], [67.668457, 23.810986], [67.649512, 23.867285], [67.645801, 23.919873], [67.563086, 23.881836], [67.503613, 23.940039], [67.476855, 24.018262], [67.453906, 24.039893], [67.427637, 24.064844], [67.365234, 24.091602], [67.309375, 24.174805], [67.304297, 24.262891], [67.288672, 24.367773], [67.171484, 24.756104], [67.100586, 24.791943], [66.703027, 24.860937], [66.682227, 24.928857], [66.709863, 25.111328], [66.698633, 25.226318], [66.569922, 25.378516], [66.533887, 25.484375], [66.428613, 25.575342], [66.324219, 25.601807], [66.219043, 25.589893], [66.162305, 25.553906], [66.131152, 25.493262], [66.356445, 25.507373], [66.407129, 25.485059], [66.467676, 25.445312], [66.40293, 25.446826], [66.32832, 25.465771], [66.234668, 25.464355], [65.883594, 25.419629], [65.679688, 25.355273], [65.40625, 25.374316], [65.061328, 25.311084], [64.77666, 25.307324], [64.658984, 25.184082], [64.594043, 25.206299], [64.54375, 25.23667], [64.152051, 25.333447], [64.124902, 25.373926], [64.059375, 25.40293], [63.987305, 25.351172], [63.935547, 25.342529], [63.720898, 25.385889], [63.556641, 25.353174], [63.495703, 25.29751], [63.491406, 25.21084], [63.285742, 25.227588], [63.17002, 25.254883], [63.015039, 25.224658], [62.664746, 25.264795], [62.572461, 25.254736], [62.444727, 25.197266], [62.391211, 25.152539], [62.315332, 25.134912], [62.24873, 25.197363], [62.198633, 25.224854], [62.152148, 25.206641], [62.089453, 25.155322], [61.90791, 25.131299], [61.743652, 25.138184], [61.566895, 25.186328], [61.587891, 25.202344], [61.61543, 25.286133], [61.640137, 25.584619], [61.671387, 25.692383], [61.661816, 25.75127], [61.668652, 25.768994], [61.737695, 25.821094], [61.754395, 25.843359], [61.780762, 25.99585], [61.809961, 26.165283], [61.842383, 26.225928], [61.869824, 26.242432], [62.089063, 26.318262], [62.125977, 26.368994], [62.239355, 26.357031], [62.249609, 26.369238], [62.259668, 26.42749], [62.312305, 26.490869], [62.385059, 26.542627], [62.439258, 26.561035], [62.636426, 26.593652], [62.751563, 26.63916], [62.786621, 26.643896], [63.092969, 26.632324], [63.157813, 26.649756], [63.168066, 26.665576], [63.186133, 26.837598], [63.241602, 26.864746], [63.250391, 26.879248], [63.231445, 26.998145], [63.24209, 27.077686], [63.305176, 27.124561], [63.301563, 27.151465], [63.25625, 27.20791], [63.196094, 27.243945], [63.166797, 27.25249], [62.91543, 27.218408], [62.811621, 27.229443], [62.762988, 27.250195], [62.752734, 27.265625], [62.7625, 27.300195], [62.764258, 27.356738], [62.800879, 27.444531], [62.812012, 27.497021], [62.782324, 27.800537], [62.739746, 28.002051], [62.7625, 28.202051], [62.758008, 28.243555], [62.749414, 28.252881], [62.717578, 28.252783], [62.564551, 28.235156], [62.433887, 28.363867], [62.353027, 28.414746], [62.130566, 28.478809], [62.033008, 28.491016], [61.889844, 28.546533], [61.758008, 28.667676], [61.623047, 28.791602], [61.56875, 28.870898], [61.508594, 29.006055], [61.337891, 29.26499], [61.339453, 29.331787], [61.318359, 29.372607], [61.152148, 29.542725], [61.03418, 29.663428], [60.843359, 29.858691], [61.224414, 29.749414], [61.521484, 29.665674], [62.000977, 29.53042], [62.373438, 29.425391], [62.476562, 29.40835], [63.567578, 29.497998], [63.970996, 29.430078], [64.09873, 29.391943], [64.117969, 29.414258], [64.172168, 29.460352], [64.266113, 29.506934], [64.39375, 29.544336], [64.521094, 29.564502], [64.703516, 29.567139], [64.827344, 29.56416], [64.918945, 29.552783], [65.095508, 29.559473], [65.180469, 29.577637], [65.470996, 29.651562], [65.666211, 29.701318], [65.961621, 29.778906], [66.177051, 29.835596], [66.23125, 29.865723], [66.286914, 29.92002], [66.313379, 29.968555], [66.247168, 30.043506], [66.238477, 30.109619], [66.281836, 30.193457], [66.305469, 30.321143], [66.300977, 30.502979], [66.286914, 30.60791], [66.346875, 30.802783], [66.397168, 30.912207], [66.497363, 30.964551], [66.566797, 30.996582], [66.595801, 31.019971], [66.624219, 31.046045], [66.731348, 31.194531], [66.829297, 31.263672], [66.924316, 31.305615], [67.027734, 31.300244], [67.115918, 31.24292], [67.287305, 31.217822], [67.452832, 31.234619], [67.596387, 31.277686], [67.661523, 31.312988], [67.737891, 31.343945], [67.733496, 31.379248], [67.64707, 31.409961], [67.597559, 31.45332], [67.578223, 31.506494], [67.626758, 31.53877], [67.739844, 31.548193], [68.017188, 31.677979], [68.130176, 31.763281], [68.161035, 31.802979], [68.213965, 31.807373], [68.319824, 31.767676], [68.443262, 31.754492], [68.520703, 31.794141], [68.597656, 31.802979], [68.673242, 31.759717], [68.713672, 31.708057], [68.782324, 31.646436], [68.868945, 31.634229], [68.973438, 31.667383], [69.083105, 31.738477], [69.186914, 31.838086], [69.279297, 31.936816], [69.256543, 32.249463], [69.241406, 32.433545], [69.289941, 32.530566], [69.359473, 32.590332], [69.405371, 32.682715], [69.40459, 32.764258], [69.453125, 32.832812], [69.501563, 33.020068], [69.567773, 33.06416], [69.703711, 33.094727], [69.920117, 33.1125], [70.090234, 33.198096], [70.261133, 33.289014], [70.28418, 33.369043], [70.219727, 33.454687], [70.13418, 33.620752], [70.056641, 33.719873], [69.868066, 33.897656], [69.889648, 34.007275], [69.994727, 34.051807], [70.253613, 33.975977], [70.325684, 33.961133], [70.415723, 33.950439], [70.654004, 33.952295], [70.848438, 33.981885], [71.051563, 34.049707], [71.091309, 34.120264], [71.089063, 34.204053], [71.092383, 34.273242], [71.095703, 34.369434], [71.022949, 34.431152], [70.978906, 34.486279], [70.965625, 34.530371], [71.016309, 34.554639], [71.065625, 34.599609], [71.113281, 34.681592], [71.225781, 34.779541], [71.294141, 34.867725], [71.358105, 34.909619], [71.455078, 34.966943], [71.51709, 35.051123], [71.545508, 35.101416], [71.60166, 35.150684], [71.620508, 35.183008], [71.605273, 35.211768], [71.577246, 35.247998], [71.545508, 35.288867], [71.545508, 35.328516], [71.571973, 35.37041], [71.600586, 35.40791], [71.587402, 35.46084], [71.571973, 35.546826], [71.519043, 35.59751], [71.483594, 35.7146], [71.427539, 35.83374], [71.397559, 35.880176], [71.342871, 35.938525], [71.220215, 36.000684], [71.185059, 36.04209], [71.23291, 36.121777], [71.312598, 36.171191], [71.463281, 36.293262], [71.545898, 36.377686], [71.620508, 36.436475], [71.716406, 36.426562], [71.772656, 36.431836], [71.822266, 36.486084], [71.920703, 36.53418], [72.095605, 36.63374], [72.156738, 36.700879], [72.249805, 36.734717], [72.326953, 36.742383], [72.431152, 36.76582], [72.531348, 36.802002], [72.622852, 36.82959], [72.766211, 36.83501], [72.99375, 36.851611], [73.116797, 36.868555], [73.411133, 36.881689], [73.731836, 36.887793], [73.769141, 36.888477], [73.907813, 36.85293], [74.001855, 36.823096], [74.038867, 36.825732], [74.194727, 36.896875], [74.431055, 36.983691], [74.541406, 37.022168], [74.600586, 37.03667], [74.692188, 37.035742], [74.766016, 37.012744], [74.841211, 36.979102], [74.889258, 36.952441], [74.949121, 36.968359], [75.053906, 36.987158], [75.145215, 36.973242], [75.34668, 36.913477], [75.376855, 36.883691], [75.424219, 36.738232], [75.460254, 36.725049], [75.57373, 36.759326], [75.667188, 36.741992], [75.772168, 36.694922], [75.840234, 36.649707], [75.884961, 36.600732], [75.933008, 36.521582], [75.951855, 36.458105], [75.974414, 36.382422], [75.968652, 36.168848], [75.934082, 36.133936], [75.904883, 36.088477], [75.912305, 36.048975], [75.945117, 36.017578], [76.010449, 35.996338], [76.070898, 35.983008], [76.10332, 35.949219], [76.147852, 35.829004], [76.177832, 35.810547], [76.25166, 35.810937], [76.385742, 35.837158], [76.502051, 35.878223], [76.55127, 35.887061], [76.563477, 35.772998], [76.631836, 35.729395], [76.727539, 35.678662], [76.766895, 35.661719]]]}}, {"type": "Feature", "properties": {"ADMIN": "Svalbard", "ROLE": "background", "ISO2": "SJ"}, "geometry": {"type": "MultiPolygon", "coordinates": [[[[19.219336, 74.391016], [19.098535, 74.352148], [18.917578, 74.410645], [18.797461, 74.485693], [18.86123, 74.51416], [19.18291, 74.51792], [19.261523, 74.478955], [19.274707, 74.456738], [19.219336, 74.391016]]], [[[26.875977, 78.648926], [26.729492, 78.646484], [26.45957, 78.720264], [26.407715, 78.784326], [26.455762, 78.810498], [26.585938, 78.811475], [26.78877, 78.723975], [27.007617, 78.69751], [26.875977, 78.648926]]], [[[32.525977, 80.119141], [31.577637, 80.081445], [31.481934, 80.10791], [33.019141, 80.217969], [33.098633, 80.228711], [33.383984, 80.242334], [33.629297, 80.217432], [33.556641, 80.198145], [32.525977, 80.119141]]], [[[21.608105, 78.595703], [21.745605, 78.572021], [22.043164, 78.576953], [22.207324, 78.407666], [22.299512, 78.228174], [22.449316, 78.215234], [22.73457, 78.239941], [22.988867, 78.251953], [23.119238, 78.238623], [23.35166, 78.186279], [23.451953, 78.149463], [23.364648, 78.120508], [23.151953, 78.088086], [23.116699, 77.991504], [23.330566, 77.957861], [23.683984, 77.875439], [23.883008, 77.864746], [24.238281, 77.898535], [24.571484, 77.834424], [24.901855, 77.756592], [24.129785, 77.658252], [24.061914, 77.630615], [23.95498, 77.557715], [23.841211, 77.497754], [23.736133, 77.462354], [23.505176, 77.401416], [23.380859, 77.380322], [23.101367, 77.385059], [22.99668, 77.360791], [22.899512, 77.311377], [22.801758, 77.275781], [22.553711, 77.26665], [22.426953, 77.315918], [22.468848, 77.331104], [22.486621, 77.360107], [22.44248, 77.429346], [22.678906, 77.500146], [22.732617, 77.539355], [22.685352, 77.553516], [22.620313, 77.549609], [22.448242, 77.571143], [22.397266, 77.570117], [22.25459, 77.528857], [22.056836, 77.501172], [21.856152, 77.494141], [21.049902, 77.440967], [20.928125, 77.459668], [20.873145, 77.565332], [21.201074, 77.619482], [21.251465, 77.710938], [21.33418, 77.771777], [21.430859, 77.812109], [21.608398, 77.916064], [21.653125, 77.923535], [21.210449, 78.005762], [21.035449, 78.05918], [20.844922, 78.165869], [20.786426, 78.252148], [20.52832, 78.325586], [20.560254, 78.419385], [20.372754, 78.412012], [20.22793, 78.477832], [20.362695, 78.514795], [21.046875, 78.556738], [21.454785, 78.597559], [21.608105, 78.595703]]], [[[20.897852, 80.249951], [20.998438, 80.238818], [21.549219, 80.24292], [21.654883, 80.218457], [21.69668, 80.15918], [21.780664, 80.13877], [21.897754, 80.132471], [22.190234, 80.059717], [22.289746, 80.049219], [22.376367, 80.089648], [22.442676, 80.190283], [22.446191, 80.30835], [22.417871, 80.365527], [22.450781, 80.402246], [22.548828, 80.416455], [22.67207, 80.412646], [22.792578, 80.433008], [22.896875, 80.468994], [23.008008, 80.473975], [23.251367, 80.44668], [23.31543, 80.425244], [23.250098, 80.380859], [23.224609, 80.317627], [23.114551, 80.186963], [23.35332, 80.178857], [23.687988, 80.206543], [23.772949, 80.244385], [23.95293, 80.30459], [24.142969, 80.295166], [24.234082, 80.303125], [24.280176, 80.329297], [24.297559, 80.3604], [24.402637, 80.355176], [24.54668, 80.295166], [24.613672, 80.28584], [24.736328, 80.301318], [24.785938, 80.300684], [24.907031, 80.27666], [25.471289, 80.233105], [25.666895, 80.209766], [25.751172, 80.188037], [25.836328, 80.175146], [26.436719, 80.175488], [26.86084, 80.16001], [27.017188, 80.125488], [27.14834, 80.059229], [27.198633, 79.906592], [27.079883, 79.865381], [26.221094, 79.677441], [26.005859, 79.617041], [25.902051, 79.561377], [25.726367, 79.439746], [25.641211, 79.403027], [25.239063, 79.345068], [25.145117, 79.338867], [24.842871, 79.367236], [24.750586, 79.3646], [24.383398, 79.301611], [24.256836, 79.263477], [24.13291, 79.215479], [23.947754, 79.194287], [23.758789, 79.205615], [22.903711, 79.230664], [22.78916, 79.264355], [22.695703, 79.329053], [22.865527, 79.411865], [21.911426, 79.381055], [20.861133, 79.397852], [20.805566, 79.409521], [20.76084, 79.441504], [20.399512, 79.463379], [20.128223, 79.4896], [19.900195, 79.533789], [19.674609, 79.591162], [19.74668, 79.617969], [19.821094, 79.633643], [20.014844, 79.640234], [20.187109, 79.632275], [20.493457, 79.632764], [20.564844, 79.690527], [20.686816, 79.707178], [20.784082, 79.748584], [20.460742, 79.774658], [20.123438, 79.778564], [19.898633, 79.744189], [19.638086, 79.728613], [19.4, 79.726562], [18.94209, 79.736328], [18.725, 79.760742], [18.428027, 79.824512], [18.324707, 79.859717], [18.284766, 79.887354], [18.255371, 79.929199], [18.594629, 79.966699], [18.726465, 79.99624], [18.855957, 80.036621], [18.343848, 80.05957], [18.129492, 80.093408], [17.916895, 80.143115], [18.089453, 80.171143], [18.779297, 80.193506], [18.961914, 80.174805], [19.142969, 80.138672], [19.343359, 80.116406], [19.537109, 80.163232], [19.354688, 80.1854], [19.191406, 80.263232], [19.156934, 80.301855], [19.17832, 80.331543], [19.26377, 80.335986], [19.327441, 80.323096], [19.568457, 80.25], [19.751074, 80.227197], [19.802246, 80.294727], [19.810352, 80.326807], [19.777148, 80.353369], [19.691309, 80.402344], [19.614355, 80.462549], [19.733301, 80.477832], [19.851172, 80.471191], [20.104297, 80.42998], [20.359375, 80.400928], [20.475879, 80.371631], [20.693457, 80.298682], [20.897852, 80.249951]]], [[[16.786719, 79.906738], [16.838477, 79.904785], [16.888965, 79.91543], [16.925586, 79.943457], [16.966406, 79.958936], [17.219434, 79.940771], [17.578223, 79.884668], [17.684766, 79.857031], [17.83457, 79.800049], [17.956152, 79.704248], [17.859766, 79.63501], [17.732617, 79.569531], [17.6875, 79.53335], [17.733984, 79.481348], [17.715039, 79.430762], [17.66875, 79.385937], [17.861035, 79.437061], [18.27207, 79.600586], [18.333301, 79.610693], [18.397363, 79.605176], [18.581445, 79.571582], [18.748438, 79.488184], [18.785254, 79.460596], [18.815234, 79.42666], [18.832422, 79.384766], [18.822949, 79.33667], [18.807422, 79.303174], [18.72002, 79.281494], [18.677832, 79.261719], [18.772266, 79.260254], [18.880078, 79.234277], [18.979004, 79.17915], [19.089453, 79.157031], [19.490234, 79.175684], [19.750879, 79.146826], [19.893555, 79.056201], [20.11377, 79.076709], [20.114453, 79.125], [20.162695, 79.145654], [20.458203, 79.129248], [20.611035, 79.106641], [20.767188, 79.059131], [20.500684, 78.981396], [20.720313, 78.906689], [21.089648, 78.852637], [21.312207, 78.79585], [21.352539, 78.772021], [21.38877, 78.74043], [21.243945, 78.699414], [21.096289, 78.67627], [20.724805, 78.672314], [20.387012, 78.643262], [19.76875, 78.622705], [19.676758, 78.60957], [19.65498, 78.597852], [19.618555, 78.562158], [19.380664, 78.479785], [19.150488, 78.379395], [19.055664, 78.318945], [18.983789, 78.234229], [18.957617, 78.182471], [19.008691, 78.132275], [18.995117, 78.081494], [18.82207, 78.041699], [18.712305, 78.040088], [18.574609, 78.047998], [18.439258, 78.025049], [18.430664, 77.990576], [18.438672, 77.942041], [18.404004, 77.793945], [18.361914, 77.682275], [18.29873, 77.578564], [18.22793, 77.522607], [18.137402, 77.507031], [17.84707, 77.496777], [17.62334, 77.399365], [17.44248, 77.225244], [17.348633, 77.156885], [17.152539, 77.048926], [17.187891, 77.010645], [17.249023, 76.969189], [17.141992, 76.894922], [16.97666, 76.811621], [16.979883, 76.779395], [17.035547, 76.720361], [17.062695, 76.658984], [16.935156, 76.606152], [16.700488, 76.579297], [16.461914, 76.609326], [16.345801, 76.644775], [16.238086, 76.701514], [16.123828, 76.738525], [16.004492, 76.760742], [15.546777, 76.886426], [15.124219, 77.085107], [14.738477, 77.162354], [14.486914, 77.199023], [14.36582, 77.234473], [14.247559, 77.282129], [14.145313, 77.335596], [14.050391, 77.403223], [14.004199, 77.445215], [13.995703, 77.508203], [14.026074, 77.545166], [14.071289, 77.564111], [14.377637, 77.579639], [14.487793, 77.57085], [14.596289, 77.537939], [14.69502, 77.525049], [14.920801, 77.688818], [16.205957, 77.782471], [16.619141, 77.798682], [17.033301, 77.797705], [16.96875, 77.841943], [16.914062, 77.897998], [16.85293, 77.911572], [16.539648, 77.880225], [16.060059, 77.847119], [15.826367, 77.84707], [15.585352, 77.869141], [15.344824, 77.856982], [15.096875, 77.809033], [14.846875, 77.778662], [14.603906, 77.766455], [14.089941, 77.771387], [13.9625, 77.79624], [13.791113, 77.853809], [13.749609, 77.883301], [13.71416, 77.919434], [13.680566, 78.028125], [13.717676, 78.057617], [13.770117, 78.074609], [13.824023, 78.08501], [13.936914, 78.085547], [14.047754, 78.066846], [14.307227, 78.005078], [14.248145, 78.071387], [14.994727, 78.151221], [15.341406, 78.220947], [15.519434, 78.232715], [15.698047, 78.227588], [15.658691, 78.264697], [15.657129, 78.299023], [15.783887, 78.327051], [15.875391, 78.339111], [16.150293, 78.352881], [16.776953, 78.350439], [17.00293, 78.369385], [17.171973, 78.417139], [16.991797, 78.400488], [16.81123, 78.397266], [16.726562, 78.407178], [16.535352, 78.448877], [16.448633, 78.503564], [16.696582, 78.612891], [16.782617, 78.663623], [16.530469, 78.656299], [16.446289, 78.638525], [16.15752, 78.538135], [15.944043, 78.493018], [15.680664, 78.471338], [15.417383, 78.473242], [15.359961, 78.487549], [15.279395, 78.554102], [15.254199, 78.589062], [15.264941, 78.608301], [15.34834, 78.663135], [15.391602, 78.721191], [15.38418, 78.771191], [15.322754, 78.781201], [15.225293, 78.732324], [15.137305, 78.664258], [15.016309, 78.630127], [14.891797, 78.639453], [14.838672, 78.665576], [14.792383, 78.705566], [14.743555, 78.720947], [14.689258, 78.720947], [14.577637, 78.70498], [14.467188, 78.675391], [14.505273, 78.630518], [14.51543, 78.580566], [14.467773, 78.540918], [14.431836, 78.49248], [14.545605, 78.461963], [14.638281, 78.4146], [14.499512, 78.392383], [14.363281, 78.359912], [14.238281, 78.309863], [14.110449, 78.270898], [13.907617, 78.266748], [13.65498, 78.245166], [13.150195, 78.2375], [12.912793, 78.301074], [12.869531, 78.33125], [12.822168, 78.351465], [12.664648, 78.384766], [12.434766, 78.482959], [12.25791, 78.594678], [12.138281, 78.605518], [11.961719, 78.642383], [11.865527, 78.674219], [11.773828, 78.716406], [11.746289, 78.76626], [11.755176, 78.81167], [11.861035, 78.831885], [11.611035, 78.882959], [11.36543, 78.950391], [11.456152, 78.972998], [11.547559, 78.982959], [12.274902, 78.904492], [12.323438, 78.914258], [12.40332, 78.953223], [12.375, 78.966357], [12.253125, 78.975342], [12.087305, 78.975098], [12.045801, 78.983154], [11.981836, 79.025293], [11.925684, 79.077246], [11.901953, 79.111865], [11.892773, 79.152344], [12.016113, 79.213086], [12.083984, 79.267529], [11.97832, 79.292676], [11.679297, 79.291162], [11.579785, 79.283496], [11.616406, 79.205273], [11.521191, 79.15127], [11.338867, 79.109131], [11.208105, 79.129639], [11.107227, 79.232959], [10.975391, 79.304883], [10.925781, 79.350195], [10.888086, 79.41543], [10.834375, 79.462842], [10.737598, 79.520166], [10.725, 79.555518], [10.737012, 79.581641], [10.810742, 79.640918], [10.75459, 79.690332], [10.68623, 79.733594], [10.682129, 79.758252], [10.746387, 79.788672], [10.804004, 79.798779], [10.865918, 79.796582], [11.049609, 79.760303], [11.150391, 79.716992], [11.185254, 79.720459], [11.250586, 79.784863], [11.343652, 79.799414], [11.702344, 79.820605], [12.101758, 79.737549], [12.205176, 79.719092], [12.287793, 79.713135], [12.245215, 79.75], [12.219141, 79.7979], [12.27998, 79.815967], [12.602441, 79.773242], [12.753516, 79.775781], [13.10752, 79.831738], [13.692871, 79.860986], [13.91416, 79.816943], [13.925684, 79.793408], [13.921094, 79.761719], [13.907031, 79.752197], [13.777539, 79.715283], [13.039258, 79.685156], [12.555371, 79.569482], [13.215137, 79.588086], [13.333789, 79.574805], [13.383594, 79.480762], [13.431641, 79.470898], [13.60127, 79.457227], [13.716211, 79.42915], [13.833691, 79.375684], [13.957227, 79.339648], [14.02959, 79.344141], [14.055859, 79.383105], [14.026367, 79.429297], [14.011133, 79.481934], [14.019824, 79.538672], [14.039844, 79.585645], [14.178418, 79.618701], [14.379785, 79.725977], [14.593652, 79.79873], [14.831836, 79.766406], [15.052344, 79.675342], [15.25127, 79.545459], [15.443945, 79.406787], [15.660156, 79.234863], [15.764063, 79.174268], [15.858496, 79.159912], [16.294531, 78.981055], [16.34375, 78.976123], [16.253516, 79.112109], [16.027539, 79.342383], [15.875098, 79.519238], [15.840723, 79.586865], [15.816113, 79.681836], [15.825781, 79.709033], [15.845117, 79.733594], [15.955762, 79.835107], [16.100195, 79.884424], [16.056641, 79.953955], [16.093848, 80.007324], [16.245703, 80.049463], [16.386621, 80.052588], [16.524023, 80.020508], [16.786719, 79.906738]]], [[[11.250293, 78.610693], [11.261719, 78.541699], [11.424219, 78.548584], [11.616309, 78.475098], [11.825684, 78.436084], [11.884863, 78.409326], [11.929395, 78.374902], [12.056152, 78.305615], [12.116406, 78.232568], [11.965039, 78.224854], [11.756543, 78.329004], [11.586523, 78.388232], [11.372461, 78.43877], [11.199219, 78.44126], [11.121289, 78.463281], [10.840625, 78.644727], [10.788867, 78.686523], [10.628418, 78.753857], [10.557617, 78.8375], [10.558203, 78.90293], [10.772852, 78.8875], [10.96084, 78.846387], [11.123926, 78.753369], [11.15293, 78.724463], [11.078223, 78.686035], [11.15498, 78.640576], [11.250293, 78.610693]]], [[[18.741602, 80.300928], [18.525, 80.245605], [18.162207, 80.288184], [18.205566, 80.331787], [18.291699, 80.35835], [18.519336, 80.34834], [18.741602, 80.300928]]], [[[29.04707, 78.912061], [29.34541, 78.905762], [29.645117, 78.921631], [29.69668, 78.904736], [29.310547, 78.8521], [28.881152, 78.880078], [28.494531, 78.887207], [28.037891, 78.828711], [27.889063, 78.852148], [28.120996, 78.908447], [28.374023, 78.927051], [28.414746, 78.961426], [28.511133, 78.967334], [28.845215, 78.97085], [29.04707, 78.912061]]]]}}, {"type": "Feature", "properties": {"ADMIN": "Morocco", "ROLE": "background", "ISO2": "MA"}, "geometry": {"type": "Polygon", "coordinates": [[[-2.219629, 35.104199], [-2.190771, 35.029785], [-2.131787, 34.97085], [-1.920898, 34.835547], [-1.795605, 34.751904], [-1.792187, 34.723193], [-1.832422, 34.654639], [-1.849658, 34.607324], [-1.816602, 34.55708], [-1.739453, 34.496094], [-1.733301, 34.467041], [-1.751855, 34.433252], [-1.791797, 34.36792], [-1.706934, 34.176074], [-1.692676, 33.990283], [-1.714697, 33.858203], [-1.714111, 33.781836], [-1.702979, 33.716846], [-1.63125, 33.566748], [-1.679199, 33.318652], [-1.625098, 33.18335], [-1.550732, 33.073584], [-1.51001, 32.877637], [-1.45, 32.784814], [-1.352148, 32.703369], [-1.296387, 32.675684], [-1.188232, 32.608496], [-1.111035, 32.552295], [-1.065527, 32.468311], [-1.162598, 32.39917], [-1.240332, 32.337598], [-1.262109, 32.271143], [-1.225928, 32.164551], [-1.225928, 32.107227], [-1.275342, 32.089014], [-1.477051, 32.094873], [-1.635156, 32.099561], [-1.816992, 32.104785], [-2.072803, 32.115039], [-2.23125, 32.121338], [-2.448389, 32.12998], [-2.523242, 32.125684], [-2.722607, 32.095752], [-2.863428, 32.074707], [-2.887207, 32.068848], [-2.930859, 32.042529], [-2.961133, 31.963965], [-2.988232, 31.874219], [-3.017383, 31.834277], [-3.439795, 31.704541], [-3.60459, 31.686768], [-3.700244, 31.700098], [-3.768164, 31.689551], [-3.826758, 31.661914], [-3.84668, 31.619873], [-3.849561, 31.566406], [-3.837109, 31.512354], [-3.796436, 31.437109], [-3.78916, 31.361816], [-3.815137, 31.308838], [-3.821387, 31.255469], [-3.833398, 31.197803], [-3.811816, 31.166602], [-3.770996, 31.161816], [-3.730176, 31.1354], [-3.67251, 31.111377], [-3.624512, 31.065771], [-3.626904, 31.000928], [-3.666797, 30.964014], [-3.702002, 30.944482], [-3.860059, 30.927246], [-3.985352, 30.913525], [-4.148779, 30.80957], [-4.322852, 30.698877], [-4.52915, 30.625537], [-4.619629, 30.604785], [-4.778516, 30.552393], [-4.968262, 30.465381], [-5.061914, 30.326416], [-5.180127, 30.166162], [-5.293652, 30.058643], [-5.448779, 29.956934], [-5.593311, 29.917969], [-5.775, 29.869043], [-6.004297, 29.83125], [-6.166504, 29.818945], [-6.214795, 29.810693], [-6.357617, 29.808301], [-6.427637, 29.816113], [-6.479736, 29.820361], [-6.500879, 29.809131], [-6.50791, 29.783789], [-6.510693, 29.726025], [-6.520557, 29.659863], [-6.565674, 29.603857], [-6.597754, 29.578955], [-6.635352, 29.568799], [-6.755127, 29.583838], [-6.855566, 29.601611], [-7.094922, 29.625195], [-7.142432, 29.61958], [-7.160205, 29.612646], [-7.234912, 29.574902], [-7.349756, 29.494727], [-7.427686, 29.425], [-7.485742, 29.392236], [-7.624609, 29.375195], [-7.685156, 29.349512], [-7.943848, 29.174756], [-7.998926, 29.132422], [-8.265186, 28.980518], [-8.340479, 28.930176], [-8.399316, 28.880176], [-8.55835, 28.767871], [-8.659912, 28.718604], [-8.678418, 28.689404], [-8.68335, 28.620752], [-8.68335, 28.469238], [-8.68335, 28.323682], [-8.68335, 28.112012], [-8.68335, 27.900391], [-8.68335, 27.656445], [-8.817822, 27.656445], [-8.817773, 27.655908], [-8.813916, 27.613867], [-8.78457, 27.530859], [-8.774365, 27.460547], [-8.788965, 27.416553], [-8.802686, 27.360937], [-8.796826, 27.308203], [-8.774365, 27.250586], [-8.753857, 27.191016], [-8.753857, 27.150977], [-8.794873, 27.120703], [-8.889062, 27.104102], [-9.001904, 27.09043], [-9.084424, 27.09043], [-9.208447, 27.100195], [-9.285596, 27.098242], [-9.352979, 27.098242], [-9.413037, 27.088477], [-9.487305, 27.050391], [-9.569824, 26.99082], [-9.67334, 26.910742], [-9.735352, 26.860937], [-9.817871, 26.850195], [-9.900342, 26.850195], [-9.980908, 26.890234], [-10.032715, 26.910742], [-10.066846, 26.908789], [-10.123047, 26.880469], [-10.189453, 26.860937], [-10.251465, 26.860937], [-10.354932, 26.900977], [-10.478955, 26.960547], [-10.55127, 26.99082], [-10.654248, 27.000586], [-10.757764, 27.020117], [-10.830078, 27.010352], [-10.922803, 27.010352], [-11.046826, 26.970312], [-11.150342, 26.941016], [-11.263623, 26.910742], [-11.392578, 26.883398], [-11.361279, 26.793555], [-11.316846, 26.744727], [-11.316846, 26.68418], [-11.337891, 26.633398], [-11.399902, 26.583594], [-11.470703, 26.520117], [-11.51167, 26.470312], [-11.553174, 26.400977], [-11.583984, 26.360937], [-11.637207, 26.295508], [-11.684521, 26.213477], [-11.699219, 26.162695], [-11.718213, 26.104102], [-11.754883, 26.086523], [-11.880859, 26.070898], [-11.960889, 26.050391], [-12.030762, 26.030859], [-12.056787, 25.996338], [-12.060986, 25.99082], [-12.081055, 25.920508], [-12.081055, 25.870703], [-12.101025, 25.830664], [-12.130859, 25.731055], [-12.17085, 25.640234], [-12.201123, 25.520117], [-12.230957, 25.420508], [-12.270947, 25.260303], [-12.310986, 25.110937], [-12.36084, 24.970312], [-12.400879, 24.880469], [-12.431152, 24.830664], [-12.500977, 24.770117], [-12.561035, 24.731055], [-12.630811, 24.680273], [-12.710938, 24.630469], [-12.820752, 24.570898], [-12.911133, 24.520117], [-12.947852, 24.497266], [-12.991162, 24.470312], [-13.061035, 24.400977], [-13.121094, 24.300391], [-13.161133, 24.220312], [-13.230957, 24.09043], [-13.280762, 24.020117], [-13.310986, 23.981055], [-13.391113, 23.941016], [-13.480957, 23.910742], [-13.581055, 23.870703], [-13.661084, 23.830664], [-13.770947, 23.790625], [-13.840771, 23.750586], [-13.891113, 23.691016], [-13.931104, 23.620703], [-13.980908, 23.520117], [-14.020996, 23.410742], [-14.040967, 23.34043], [-14.101074, 23.100195], [-14.121094, 22.960547], [-14.141064, 22.870703], [-14.170898, 22.760352], [-14.190869, 22.59043], [-14.190869, 22.450781], [-14.210938, 22.370703], [-14.221191, 22.310156], [-14.270996, 22.24082], [-14.311035, 22.191016], [-14.380811, 22.120703], [-14.440918, 22.080664], [-14.460889, 22.040625], [-14.520996, 21.990869], [-14.581006, 21.910742], [-14.630859, 21.860937], [-14.621094, 21.820898], [-14.610791, 21.750586], [-14.641113, 21.680273], [-14.67085, 21.600195], [-14.750977, 21.500586], [-14.84082, 21.450781], [-14.971143, 21.441016], [-15.150879, 21.441016], [-15.290967, 21.450781], [-15.460938, 21.450781], [-15.610791, 21.470312], [-15.750928, 21.49082], [-15.92085, 21.500586], [-16.041016, 21.500586], [-16.190869, 21.481055], [-16.581006, 21.481055], [-16.730957, 21.470312], [-16.951123, 21.430273], [-17.002979, 21.420752], [-17.003076, 21.420703], [-16.930859, 21.9], [-16.793262, 22.159717], [-16.683984, 22.274365], [-16.514404, 22.333496], [-16.35874, 22.594531], [-16.304297, 22.834814], [-16.201855, 22.945361], [-16.169727, 23.031934], [-16.210254, 23.0979], [-16.113672, 23.227539], [-15.996729, 23.425488], [-15.942627, 23.552637], [-15.805957, 23.749512], [-15.789258, 23.792871], [-15.80166, 23.842236], [-15.855176, 23.800342], [-15.912549, 23.727588], [-15.980713, 23.670312], [-15.952832, 23.74082], [-15.899316, 23.844434], [-15.777783, 23.95293], [-15.586328, 24.072754], [-15.188623, 24.478809], [-15.038867, 24.548828], [-14.904297, 24.719775], [-14.856055, 24.871582], [-14.84292, 25.220117], [-14.794922, 25.40415], [-14.707031, 25.547705], [-14.602295, 25.808545], [-14.522754, 25.925244], [-14.470557, 26.163037], [-14.413867, 26.253711], [-14.312451, 26.296729], [-14.168359, 26.41543], [-13.9521, 26.48877], [-13.695898, 26.64292], [-13.575781, 26.735107], [-13.495752, 26.872656], [-13.409814, 27.146631], [-13.256152, 27.434619], [-13.177393, 27.651855], [-13.175977, 27.655713], [-13.040723, 27.769824], [-12.948926, 27.91416], [-12.793652, 27.978418], [-12.468896, 28.009424], [-11.986084, 28.129297], [-11.552686, 28.310107], [-11.430176, 28.382031], [-11.299072, 28.526074], [-11.080957, 28.71377], [-10.673828, 28.939209], [-10.486475, 29.064941], [-10.200586, 29.380371], [-10.010498, 29.641406], [-9.852637, 29.809229], [-9.743457, 29.958203], [-9.66709, 30.109277], [-9.623828, 30.352637], [-9.65293, 30.447559], [-9.773145, 30.603125], [-9.853906, 30.64458], [-9.875488, 30.71792], [-9.832422, 30.847266], [-9.83335, 31.069629], [-9.808691, 31.424609], [-9.674951, 31.710986], [-9.347461, 32.086377], [-9.286572, 32.240576], [-9.249121, 32.48584], [-9.24585, 32.572461], [-8.83623, 32.920459], [-8.596289, 33.187158], [-8.512842, 33.252441], [-8.301172, 33.374365], [-7.562354, 33.640283], [-7.144678, 33.830322], [-6.900977, 33.969043], [-6.755762, 34.13291], [-6.353125, 34.776074], [-5.957568, 35.681152], [-5.924805, 35.785791], [-5.747949, 35.815967], [-5.622852, 35.828906], [-5.522266, 35.862012], [-5.397363, 35.929883], [-5.277832, 35.902734], [-5.337646, 35.856543], [-5.337646, 35.745215], [-5.252686, 35.614746], [-5.105371, 35.467773], [-4.837207, 35.281299], [-4.62832, 35.206396], [-4.32998, 35.161475], [-3.982422, 35.243408], [-3.787988, 35.244922], [-3.693262, 35.27998], [-3.590625, 35.22832], [-3.394727, 35.211816], [-3.206006, 35.239111], [-3.063086, 35.317236], [-2.972217, 35.407275], [-2.957959, 35.363086], [-2.953613, 35.315137], [-2.925977, 35.287109], [-2.869531, 35.172656], [-2.839941, 35.127832], [-2.731396, 35.135205], [-2.636816, 35.112695], [-2.42373, 35.123486], [-2.219629, 35.104199]]]}}, {"type": "Feature", "properties": {"ADMIN": "Libya", "ROLE": "background", "ISO2": "LY"}, "geometry": {"type": "Polygon", "coordinates": [[[9.51875, 30.229395], [9.637988, 30.282324], [9.807422, 30.342236], [9.89502, 30.387305], [9.93252, 30.425342], [10.059766, 30.580078], [10.125977, 30.665967], [10.216406, 30.783203], [10.256055, 30.864941], [10.257031, 30.94082], [10.243359, 31.032129], [10.172656, 31.250977], [10.114941, 31.46377], [10.159863, 31.545801], [10.195996, 31.585107], [10.274609, 31.684961], [10.306055, 31.704834], [10.475781, 31.736035], [10.543652, 31.802539], [10.595508, 31.885742], [10.608887, 31.929541], [10.683008, 31.975391], [10.771582, 32.021191], [10.826367, 32.080664], [11.005176, 32.172705], [11.168262, 32.256738], [11.358008, 32.345215], [11.50498, 32.413672], [11.535938, 32.47334], [11.533789, 32.524951], [11.453906, 32.642578], [11.453906, 32.781689], [11.45918, 32.897363], [11.467188, 32.965723], [11.502441, 33.155566], [11.50459, 33.181934], [11.657129, 33.118896], [11.813477, 33.093701], [12.279883, 32.858545], [12.427051, 32.829102], [12.753516, 32.801074], [13.138086, 32.897363], [13.283496, 32.914648], [13.536328, 32.824268], [13.647754, 32.798828], [13.835352, 32.791797], [14.155664, 32.709766], [14.237109, 32.68125], [14.423828, 32.550293], [14.513379, 32.511084], [15.176563, 32.391162], [15.266895, 32.31167], [15.359082, 32.159668], [15.363086, 31.971191], [15.414062, 31.834229], [15.496387, 31.656787], [15.595801, 31.531104], [15.705957, 31.426416], [15.832227, 31.360986], [16.123047, 31.264453], [16.450977, 31.227295], [16.781543, 31.214746], [17.349219, 31.081494], [17.830469, 30.927588], [17.949316, 30.851904], [18.19043, 30.777295], [18.669824, 30.415674], [18.936426, 30.29043], [19.12373, 30.266113], [19.291699, 30.288086], [19.589844, 30.41377], [19.713281, 30.488379], [20.013184, 30.800684], [20.111523, 30.963721], [20.150977, 31.078613], [20.141113, 31.195508], [20.103809, 31.300537], [20.02002, 31.410645], [19.96123, 31.556006], [19.926367, 31.817529], [19.973438, 31.999072], [20.030957, 32.107861], [20.121484, 32.21875], [20.370605, 32.430762], [20.621094, 32.580176], [21.062305, 32.775537], [21.31875, 32.777686], [21.424707, 32.79917], [21.635938, 32.937305], [21.721387, 32.94248], [21.839453, 32.908643], [22.187402, 32.918262], [22.340625, 32.879883], [22.523438, 32.793945], [22.754102, 32.740527], [22.916895, 32.687158], [23.090625, 32.61875], [23.129688, 32.448145], [23.110449, 32.397412], [23.10625, 32.331445], [23.286328, 32.213818], [23.797656, 32.158691], [23.898438, 32.127197], [24.038965, 32.037012], [24.129688, 32.009229], [24.479785, 31.996533], [24.683887, 32.015967], [24.878516, 31.984277], [24.950684, 31.953711], [25.025, 31.88335], [25.115039, 31.712305], [25.150488, 31.65498], [25.112012, 31.626904], [25.057227, 31.567187], [25.022656, 31.514014], [24.92998, 31.42749], [24.852734, 31.334814], [24.859961, 31.19917], [24.877539, 31.06123], [24.929492, 30.926465], [24.973926, 30.776562], [24.961426, 30.678516], [24.923047, 30.558008], [24.877539, 30.45752], [24.726465, 30.250586], [24.703223, 30.201074], [24.711621, 30.131543], [24.803711, 29.886035], [24.81084, 29.80874], [24.865918, 29.570264], [24.916113, 29.37627], [24.97168, 29.223828], [24.980273, 29.181885], [24.980273, 28.957324], [24.980273, 28.732764], [24.980273, 28.508203], [24.980273, 28.283643], [24.980273, 28.059082], [24.980273, 27.834521], [24.980273, 27.609961], [24.980273, 27.3854], [24.980273, 27.16084], [24.980273, 26.93623], [24.980273, 26.71167], [24.980273, 26.487109], [24.980273, 26.262549], [24.980273, 26.037988], [24.980273, 25.813428], [24.980273, 25.588867], [24.980273, 25.364307], [24.980273, 25.139746], [24.980273, 24.915186], [24.980273, 24.690625], [24.980273, 24.466064], [24.980273, 24.241504], [24.980273, 24.016943], [24.980273, 23.792383], [24.980273, 23.567822], [24.980273, 23.343213], [24.980273, 23.118652], [24.980273, 22.894092], [24.980273, 22.669531], [24.980273, 22.444971], [24.980273, 22.22041], [24.980273, 21.99585], [24.980078, 21.497559], [24.979883, 20.999219], [24.979688, 20.500928], [24.979492, 20.002588], [24.976367, 20.000781], [24.973242, 19.999023], [24.970215, 19.997266], [24.966992, 19.995459], [24.72041, 19.995557], [24.473633, 19.995703], [24.226953, 19.99585], [23.980273, 19.995947], [23.980273, 19.871094], [23.980273, 19.746289], [23.980273, 19.621484], [23.980273, 19.496631], [23.50127, 19.733203], [23.022168, 19.969775], [22.543066, 20.206348], [22.064063, 20.44292], [21.584961, 20.679492], [21.105859, 20.916113], [20.626758, 21.152637], [20.147656, 21.389258], [19.668555, 21.62583], [19.189453, 21.862402], [18.710449, 22.098975], [18.231348, 22.335547], [17.752246, 22.572119], [17.273242, 22.808691], [16.794141, 23.045264], [16.315039, 23.281836], [15.984082, 23.445215], [15.627148, 23.285742], [15.347461, 23.160693], [14.979004, 22.996191], [14.978906, 22.996289], [14.555664, 22.78252], [14.230762, 22.618457], [14.215527, 22.619678], [14.200684, 22.62373], [13.862695, 22.9021], [13.598633, 23.119531], [13.48125, 23.180176], [12.983594, 23.29126], [12.48877, 23.40166], [11.967871, 23.517871], [11.873047, 23.694824], [11.766992, 23.892578], [11.624219, 24.139697], [11.536914, 24.29082], [11.507617, 24.314355], [11.108203, 24.434033], [10.686133, 24.551367], [10.438965, 24.480225], [10.395898, 24.485596], [10.325781, 24.530225], [10.255859, 24.591016], [10.218652, 24.676221], [10.119531, 24.790234], [10.028125, 25.051025], [10.019043, 25.258545], [10.000684, 25.33208], [9.781055, 25.624268], [9.58125, 25.890137], [9.448242, 26.067139], [9.422363, 26.14707], [9.437891, 26.245508], [9.491406, 26.33374], [9.684961, 26.438232], [9.859375, 26.551953], [9.883203, 26.630811], [9.894434, 26.847949], [9.837109, 26.91582], [9.79541, 27.044775], [9.752539, 27.219336], [9.747559, 27.330859], [9.825293, 27.552979], [9.916016, 27.785693], [9.858203, 28.043311], [9.815625, 28.560205], [9.842578, 28.966992], [9.820703, 29.114795], [9.805273, 29.176953], [9.745898, 29.368945], [9.672656, 29.566992], [9.640137, 29.636426], [9.546191, 29.795947], [9.391016, 29.993652], [9.310254, 30.115234], [9.420996, 30.179297], [9.51875, 30.229395]]]}}, {"type": "Feature", "properties": {"ADMIN": "Lebanon", "ROLE": "background", "ISO2": "LB"}, "geometry": {"type": "Polygon", "coordinates": [[[35.97627, 34.629199], [36.151074, 34.628613], [36.263574, 34.632861], [36.296289, 34.678711], [36.383887, 34.65791], [36.433008, 34.613477], [36.388672, 34.566895], [36.32627, 34.51333], [36.329883, 34.499609], [36.376465, 34.495166], [36.455566, 34.466162], [36.504395, 34.432373], [36.584961, 34.22124], [36.535156, 34.134326], [36.45752, 34.056836], [36.422852, 34.049854], [36.354883, 34.011328], [36.297852, 33.958643], [36.277832, 33.925293], [36.282227, 33.894189], [36.362793, 33.855127], [36.365039, 33.839355], [36.348535, 33.827051], [36.283398, 33.835596], [36.199414, 33.839551], [36.149805, 33.839502], [36.092188, 33.831592], [36.018848, 33.783936], [35.986133, 33.752637], [35.968457, 33.732422], [35.942383, 33.667578], [35.97168, 33.623096], [36.02666, 33.597949], [36.034473, 33.585059], [36.022266, 33.5625], [35.967578, 33.53457], [35.926563, 33.500293], [35.914746, 33.465381], [35.869141, 33.431738], [35.840723, 33.415674], [35.7875, 33.369775], [35.734473, 33.332617], [35.627246, 33.275049], [35.60293, 33.240625], [35.579297, 33.271484], [35.53252, 33.250488], [35.493164, 33.119482], [35.41123, 33.075684], [35.308887, 33.079541], [35.22334, 33.091992], [35.108594, 33.083691], [35.155078, 33.16001], [35.203516, 33.258984], [35.251367, 33.392627], [35.335742, 33.503467], [35.51084, 33.879736], [35.611816, 34.032178], [35.647852, 34.248242], [35.804297, 34.437402], [35.921387, 34.493311], [35.97793, 34.547412], [35.97627, 34.629199]]]}}, {"type": "Feature", "properties": {"ADMIN": "Kuwait", "ROLE": "background", "ISO2": "KW"}, "geometry": {"type": "MultiPolygon", "coordinates": [[[[48.275391, 29.624316], [48.218262, 29.601953], [48.179688, 29.611426], [48.142578, 29.665283], [48.081445, 29.798926], [48.114746, 29.848779], [48.113477, 29.870215], [48.120117, 29.886328], [48.138867, 29.896582], [48.158594, 29.95957], [48.184766, 29.978857], [48.227734, 29.936328], [48.348242, 29.782666], [48.347363, 29.719971], [48.340234, 29.694727], [48.275391, 29.624316]]], [[[48.44248, 28.54292], [48.26875, 28.540527], [48.049609, 28.5375], [47.871973, 28.535449], [47.671289, 28.533154], [47.583105, 28.627979], [47.553223, 28.731543], [47.521289, 28.837842], [47.433203, 28.989551], [47.13877, 29.026172], [46.982227, 29.045654], [46.724805, 29.074609], [46.531445, 29.09624], [46.69375, 29.259668], [46.769336, 29.347461], [46.905859, 29.5375], [46.975977, 29.672852], [47.043652, 29.822998], [47.102051, 29.93999], [47.114355, 29.961328], [47.148242, 30.000977], [47.223242, 30.041504], [47.331348, 30.079687], [47.514844, 30.096484], [47.64375, 30.097314], [47.672754, 30.095605], [47.753906, 30.076611], [47.978711, 29.982812], [47.973633, 29.945898], [48.005664, 29.835791], [48.077344, 29.715576], [48.136133, 29.618115], [48.143457, 29.572461], [48.089453, 29.579102], [48.04834, 29.59751], [47.969629, 29.616699], [47.81748, 29.487402], [47.725293, 29.416943], [47.722656, 29.393018], [47.845313, 29.365723], [47.935352, 29.366602], [47.998145, 29.385547], [48.051465, 29.355371], [48.086328, 29.275488], [48.100391, 29.210742], [48.183789, 28.979395], [48.25293, 28.90127], [48.339258, 28.763281], [48.371289, 28.691846], [48.389648, 28.631592], [48.44248, 28.54292]]]]}}, {"type": "Feature", "properties": {"ADMIN": "Kazakhstan", "ROLE": "background", "ISO2": "KZ"}, "geometry": {"type": "MultiPolygon", "coordinates": [[[[50.184473, 44.854639], [50.14873, 44.826465], [50.095313, 44.830615], [49.995117, 44.936963], [50.023047, 45.044727], [50.059375, 45.066797], [50.109863, 45.081934], [50.116602, 45.058252], [50.045313, 45.01001], [50.038867, 44.949121], [50.098145, 44.881543], [50.184473, 44.854639]]], [[[50.311719, 44.97207], [50.277246, 44.958594], [50.256152, 45.022412], [50.294922, 45.075928], [50.349707, 45.083008], [50.330859, 44.998437], [50.311719, 44.97207]]], [[[52.682422, 45.411816], [52.664844, 45.401318], [52.59834, 45.428174], [52.554297, 45.473975], [52.608887, 45.528027], [52.65957, 45.518066], [52.692969, 45.460742], [52.682422, 45.411816]]], [[[70.946777, 42.248682], [70.860352, 42.207227], [70.764551, 42.194189], [70.715234, 42.168652], [70.6625, 42.107471], [70.613281, 42.054736], [70.584277, 42.036035], [70.540137, 42.039453], [70.489063, 42.080273], [70.416016, 42.078564], [70.328906, 42.027979], [70.225879, 41.945996], [70.095605, 41.820508], [69.959961, 41.754053], [69.788086, 41.697314], [69.663867, 41.672119], [69.565137, 41.629053], [69.400977, 41.541895], [69.368359, 41.490576], [69.249316, 41.460254], [69.153613, 41.425244], [69.064941, 41.366943], [69.043457, 41.264111], [68.986914, 41.205029], [68.851172, 41.123828], [68.737109, 41.041895], [68.662793, 40.961523], [68.584082, 40.87627], [68.559277, 40.829297], [68.556543, 40.765137], [68.593652, 40.711279], [68.600684, 40.659961], [68.572656, 40.622656], [68.495703, 40.608643], [68.415039, 40.619434], [68.291895, 40.656104], [68.160254, 40.721777], [68.112305, 40.754053], [68.047656, 40.809277], [68.057031, 40.860596], [68.090332, 40.960254], [68.113086, 41.028613], [68.059375, 41.061279], [68.019727, 41.09624], [67.991406, 41.130029], [67.935742, 41.196582], [67.865723, 41.180273], [67.805078, 41.163916], [67.735059, 41.187256], [67.528027, 41.177148], [67.371582, 41.169531], [67.225, 41.162354], [67.038672, 41.15332], [66.814258, 41.142383], [66.749805, 41.15708], [66.709668, 41.17915], [66.668652, 41.270752], [66.645313, 41.348633], [66.60166, 41.494336], [66.572559, 41.606982], [66.537891, 41.74126], [66.515039, 41.889404], [66.498633, 41.994873], [66.328809, 41.99834], [66.193164, 42.001123], [66.00957, 42.004883], [66.01123, 42.08877], [66.013184, 42.194482], [66.015527, 42.314795], [66.049805, 42.472754], [66.062695, 42.605176], [66.078516, 42.76665], [66.088867, 42.873389], [66.100293, 42.99082], [66.005664, 42.95459], [65.901074, 42.914502], [65.803027, 42.876953], [65.735645, 42.972119], [65.670215, 43.0646], [65.570703, 43.205176], [65.496191, 43.310547], [65.366504, 43.372021], [65.270508, 43.417529], [65.170898, 43.494189], [65.084863, 43.573682], [65.003125, 43.649072], [64.905469, 43.714697], [64.811816, 43.693945], [64.706055, 43.652979], [64.604102, 43.613477], [64.496094, 43.571631], [64.443164, 43.551172], [64.318164, 43.558936], [64.208789, 43.565723], [64.013281, 43.577832], [63.848145, 43.588135], [63.679688, 43.598633], [63.444824, 43.613232], [63.207031, 43.627979], [63.047656, 43.608496], [62.846191, 43.583887], [62.634473, 43.558008], [62.459375, 43.536621], [62.237891, 43.50957], [62.071973, 43.489355], [61.990234, 43.492139], [61.887598, 43.577246], [61.723242, 43.713574], [61.623633, 43.796191], [61.525879, 43.877197], [61.385059, 43.993945], [61.271484, 44.082275], [61.160742, 44.168604], [61.09707, 44.248242], [61.065332, 44.348389], [61.00791, 44.393799], [60.879199, 44.455078], [60.741113, 44.52085], [60.60293, 44.586621], [60.464746, 44.652441], [60.32666, 44.718213], [60.188477, 44.783984], [60.050293, 44.849756], [59.912207, 44.915576], [59.774023, 44.981299], [59.635938, 45.04707], [59.497852, 45.112842], [59.35957, 45.178613], [59.221484, 45.244434], [59.083398, 45.310205], [58.945117, 45.375977], [58.807031, 45.441797], [58.668945, 45.507568], [58.555273, 45.555371], [58.449414, 45.54292], [58.291113, 45.509424], [58.125195, 45.474365], [57.961035, 45.439697], [57.666699, 45.377441], [57.477344, 45.337451], [57.329297, 45.303662], [57.17168, 45.267725], [56.965039, 45.220605], [56.791895, 45.181055], [56.58877, 45.134766], [56.40918, 45.093799], [56.25791, 45.059326], [56.100488, 45.023389], [55.975684, 44.994922], [55.975781, 44.765381], [55.975977, 44.53584], [55.976074, 44.306299], [55.976172, 44.076758], [55.97627, 43.847217], [55.976367, 43.617627], [55.976465, 43.388086], [55.976562, 43.158594], [55.97666, 42.929053], [55.976758, 42.699512], [55.976855, 42.469971], [55.976953, 42.24043], [55.977051, 42.010889], [55.977148, 41.781348], [55.977344, 41.551758], [55.977441, 41.322217], [55.934961, 41.324121], [55.839063, 41.310791], [55.678613, 41.278809], [55.545215, 41.262744], [55.487012, 41.272266], [55.434375, 41.296289], [55.388379, 41.346924], [55.319727, 41.408398], [55.249609, 41.458105], [55.162305, 41.560254], [55.101855, 41.638721], [54.952344, 41.81001], [54.931641, 41.864014], [54.903711, 41.919092], [54.853809, 41.965186], [54.67793, 42.078223], [54.472852, 42.180176], [54.271875, 42.27998], [54.214941, 42.304199], [54.120996, 42.335205], [54.005176, 42.335889], [53.926367, 42.329785], [53.685352, 42.296875], [53.500781, 42.258252], [53.250098, 42.205859], [53.055859, 42.147754], [53.0125, 42.130713], [52.870508, 42.060596], [52.696875, 41.944385], [52.493848, 41.780371], [52.467578, 41.885889], [52.458594, 42.04834], [52.462109, 42.100635], [52.517188, 42.237158], [52.573242, 42.330859], [52.618359, 42.428223], [52.638477, 42.555664], [52.596582, 42.760156], [52.55, 42.805469], [52.493945, 42.820264], [52.434277, 42.824463], [52.324414, 42.816162], [52.273047, 42.799805], [52.183691, 42.86875], [52.075586, 42.879785], [52.018555, 42.860547], [51.960742, 42.850586], [51.898242, 42.869629], [51.844141, 42.910449], [51.811035, 42.954443], [51.785156, 43.004346], [51.700391, 43.104053], [51.616016, 43.158447], [51.514063, 43.170508], [51.347852, 43.167383], [51.29541, 43.174121], [51.292383, 43.230713], [51.313379, 43.355664], [51.313867, 43.42085], [51.301758, 43.482373], [51.274121, 43.53291], [51.238965, 43.576709], [51.139648, 43.648779], [51.064844, 43.750146], [50.939844, 43.958545], [50.830762, 44.192773], [50.782617, 44.228027], [50.684961, 44.265088], [50.471777, 44.294775], [50.331152, 44.325488], [50.275586, 44.355127], [50.252539, 44.406494], [50.25293, 44.461523], [50.264551, 44.526562], [50.297461, 44.581543], [50.409473, 44.624023], [50.652441, 44.63335], [50.860352, 44.62876], [51.048828, 44.530469], [51.110742, 44.507812], [51.177148, 44.501367], [51.310742, 44.532422], [51.37666, 44.541211], [51.543555, 44.531006], [51.49375, 44.577539], [51.431055, 44.601953], [51.366309, 44.599854], [51.310254, 44.61875], [51.218164, 44.708984], [51.05791, 44.811572], [51.020703, 44.854004], [51.009375, 44.921826], [51.040332, 44.980322], [51.153711, 45.040234], [51.249902, 45.12168], [51.294043, 45.229785], [51.333398, 45.27959], [51.415723, 45.357861], [51.539648, 45.342871], [51.732617, 45.399463], [52.04873, 45.388379], [52.426758, 45.404639], [52.531055, 45.398633], [52.771973, 45.343506], [52.910742, 45.319727], [53.078906, 45.30752], [53.200391, 45.331982], [53.085742, 45.407373], [52.8375, 45.496729], [52.773828, 45.572754], [52.8875, 45.779541], [53.041602, 45.967871], [53.135254, 46.19165], [53.108984, 46.414062], [53.063965, 46.475293], [53.078516, 46.547461], [53.132422, 46.60835], [53.170215, 46.669043], [53.1375, 46.742041], [53.069434, 46.856055], [53.03457, 46.89292], [52.916016, 46.954395], [52.677637, 46.957129], [52.483203, 46.990674], [52.420313, 46.963672], [52.384863, 46.922119], [52.340332, 46.894775], [52.18877, 46.839502], [52.138281, 46.828613], [52.085547, 46.8396], [52.011133, 46.901904], [51.945117, 46.894873], [51.744531, 46.93374], [51.650098, 47.018066], [51.615234, 47.029932], [51.29082, 47.097314], [51.178027, 47.110156], [50.92002, 47.040674], [50.732715, 46.95166], [50.679883, 46.938721], [50.58291, 46.882275], [50.528418, 46.873291], [50.472266, 46.88291], [50.419336, 46.879492], [50.30625, 46.794922], [50.101562, 46.696436], [49.999805, 46.634277], [49.886328, 46.595654], [49.760547, 46.571484], [49.631543, 46.567578], [49.584375, 46.545215], [49.437207, 46.537256], [49.347461, 46.519141], [49.344238, 46.485547], [49.362109, 46.410205], [49.28584, 46.436816], [49.205664, 46.385693], [49.232227, 46.337158], [49.184277, 46.348828], [48.958984, 46.442139], [48.774316, 46.507959], [48.610156, 46.566455], [48.586035, 46.5771], [48.541211, 46.605615], [48.50918, 46.649951], [48.502344, 46.698633], [48.518555, 46.734326], [48.558398, 46.757129], [48.605273, 46.765918], [48.64707, 46.758691], [48.693555, 46.736816], [48.776367, 46.710352], [48.883594, 46.70542], [48.950293, 46.725781], [48.959375, 46.774609], [48.831836, 46.954932], [48.714355, 47.100488], [48.600684, 47.262305], [48.552539, 47.320996], [48.413086, 47.456494], [48.275684, 47.589941], [48.166992, 47.708789], [48.109961, 47.74541], [47.934668, 47.760693], [47.600195, 47.78999], [47.481934, 47.803906], [47.387305, 47.768652], [47.292383, 47.740918], [47.202051, 47.79248], [47.130762, 47.876758], [47.093262, 47.947705], [47.111523, 48.020117], [47.119043, 48.127002], [47.064648, 48.232471], [47.004297, 48.284473], [46.853125, 48.323584], [46.660938, 48.412256], [46.60918, 48.573877], [46.702637, 48.805566], [46.85293, 48.969629], [46.962207, 49.03833], [47.014258, 49.09834], [47.031348, 49.150293], [47.018164, 49.199902], [46.953418, 49.252588], [46.85293, 49.303857], [46.802051, 49.36709], [46.823145, 49.502246], [46.889551, 49.696973], [46.991992, 49.852734], [47.12959, 49.939062], [47.24834, 50.000879], [47.295215, 50.058496], [47.297656, 50.140234], [47.294727, 50.21748], [47.326465, 50.273535], [47.376367, 50.318115], [47.429199, 50.357959], [47.503613, 50.402734], [47.599609, 50.413574], [47.705762, 50.377979], [47.849609, 50.282324], [48.060742, 50.093604], [48.181348, 49.97002], [48.224805, 49.931934], [48.334961, 49.858252], [48.434277, 49.828516], [48.6, 49.874707], [48.758984, 49.92832], [48.810254, 49.962402], [48.843262, 50.013135], [48.817969, 50.099854], [48.784766, 50.156445], [48.749414, 50.228467], [48.700488, 50.35376], [48.666016, 50.550342], [48.625098, 50.612695], [48.655176, 50.619873], [48.734766, 50.606885], [48.808398, 50.601318], [48.91377, 50.64458], [49.058691, 50.726074], [49.323438, 50.851709], [49.379492, 50.934668], [49.424609, 51.027002], [49.498047, 51.083594], [49.666309, 51.102295], [49.822266, 51.131885], [49.932324, 51.197168], [50.104883, 51.25459], [50.246875, 51.289502], [50.309277, 51.321582], [50.353711, 51.369727], [50.516309, 51.505615], [50.643945, 51.58916], [50.756152, 51.675146], [50.793945, 51.729199], [50.882422, 51.719189], [51.017871, 51.681641], [51.163477, 51.647461], [51.269922, 51.594482], [51.290723, 51.540186], [51.301074, 51.497412], [51.344531, 51.475342], [51.395996, 51.471289], [51.473438, 51.482031], [51.609082, 51.483984], [51.775391, 51.554248], [52.007129, 51.672705], [52.219141, 51.709375], [52.331055, 51.681299], [52.423047, 51.594238], [52.496191, 51.512158], [52.571191, 51.481641], [52.617773, 51.480762], [52.635156, 51.479541], [52.728125, 51.498145], [52.735059, 51.4979], [52.820508, 51.49458], [52.902637, 51.466943], [53.038379, 51.463721], [53.227344, 51.484961], [53.247266, 51.493604], [53.338086, 51.482373], [53.448633, 51.444531], [53.534668, 51.399561], [53.688086, 51.251807], [53.776465, 51.213721], [53.956836, 51.161182], [54.041504, 51.115186], [54.139746, 51.040771], [54.191113, 50.995703], [54.297852, 50.914062], [54.421484, 50.780322], [54.443359, 50.673926], [54.471484, 50.583789], [54.517383, 50.541162], [54.555273, 50.535791], [54.596191, 50.550684], [54.636133, 50.591602], [54.65, 50.660156], [54.637891, 50.781055], [54.60625, 50.879883], [54.565625, 50.911279], [54.546094, 50.946045], [54.572949, 50.990234], [54.641602, 51.011572], [54.727148, 50.998096], [54.867969, 50.941357], [55.014844, 50.869775], [55.195215, 50.744727], [55.361133, 50.665283], [55.542285, 50.601807], [55.68623, 50.582861], [55.797656, 50.602051], [55.929199, 50.65376], [56.049707, 50.713525], [56.104492, 50.77627], [56.143945, 50.844629], [56.325586, 50.936084], [56.491406, 51.019531], [56.566895, 51.004492], [56.620215, 50.980859], [56.790332, 51.031592], [56.849609, 51.045557], [57.011719, 51.065186], [57.179004, 51.036035], [57.3125, 50.946533], [57.442188, 50.888867], [57.557813, 50.895557], [57.653809, 50.925146], [57.716992, 50.980957], [57.764844, 51.046875], [57.828906, 51.089014], [57.838867, 51.09165], [58.045117, 51.068848], [58.174707, 51.072266], [58.188477, 51.081738], [58.35918, 51.063818], [58.547461, 50.971045], [58.664551, 50.868311], [58.814063, 50.737207], [58.883691, 50.694434], [58.984863, 50.676123], [59.064355, 50.668213], [59.170898, 50.6479], [59.452344, 50.62041], [59.495117, 50.604297], [59.523926, 50.582812], [59.497852, 50.511084], [59.523047, 50.492871], [59.751172, 50.543945], [59.812402, 50.582031], [59.887793, 50.690186], [59.955176, 50.799268], [60.005273, 50.839697], [60.058594, 50.850293], [60.112109, 50.83418], [60.186719, 50.769775], [60.288086, 50.70415], [60.424805, 50.67915], [60.508496, 50.669189], [60.637988, 50.663721], [60.942285, 50.695508], [61.226855, 50.774805], [61.389453, 50.861035], [61.465039, 50.990234], [61.512207, 51.137012], [61.585059, 51.229687], [61.554688, 51.324609], [61.411328, 51.414746], [61.363086, 51.441895], [61.014844, 51.492383], [60.993359, 51.528711], [60.973535, 51.537061], [60.630371, 51.616943], [60.464746, 51.651172], [60.418359, 51.703906], [60.3875, 51.772998], [60.280371, 51.834619], [60.06748, 51.890625], [60.030273, 51.933252], [60.065527, 51.976465], [60.233691, 52.024512], [60.425488, 52.125586], [60.499316, 52.146338], [60.670313, 52.15083], [60.828418, 52.233398], [60.937598, 52.280566], [60.994531, 52.336865], [60.979492, 52.394775], [60.821289, 52.569824], [60.774414, 52.675781], [60.802344, 52.744727], [60.893262, 52.819434], [60.944727, 52.860156], [61.006543, 52.93335], [61.047461, 52.972461], [61.206934, 52.989062], [61.400781, 52.995996], [61.533594, 52.978516], [61.719336, 52.969385], [61.888574, 52.955908], [61.974219, 52.94375], [62.037109, 52.966113], [62.082715, 53.00542], [62.081055, 53.057422], [62.014648, 53.107861], [61.766211, 53.173926], [61.659863, 53.228467], [61.576172, 53.222461], [61.436816, 53.239404], [61.310938, 53.275195], [61.199219, 53.287158], [61.162793, 53.336768], [61.185938, 53.406201], [61.228906, 53.445898], [61.311621, 53.465723], [61.400977, 53.455811], [61.498535, 53.484668], [61.526563, 53.501562], [61.534961, 53.523291], [61.519141, 53.554492], [61.474121, 53.580273], [61.409961, 53.587061], [61.336133, 53.565186], [61.247949, 53.550977], [61.098535, 53.583105], [60.979492, 53.621729], [60.985547, 53.657422], [61.073535, 53.710449], [61.113184, 53.753467], [61.113184, 53.812988], [61.113184, 53.882471], [61.14375, 53.963818], [61.231055, 54.019482], [61.333691, 54.049268], [61.598145, 53.994922], [61.928711, 53.946484], [61.985645, 53.954395], [62.002344, 53.979932], [62.040234, 54.002637], [62.499023, 54.013184], [62.588281, 54.044434], [62.632715, 54.069287], [63.073926, 54.105225], [63.126563, 54.139258], [63.191309, 54.171045], [63.292676, 54.170459], [63.413672, 54.183203], [63.582031, 54.221924], [63.701367, 54.243213], [63.721191, 54.24502], [63.84707, 54.236475], [64.003906, 54.26709], [64.037402, 54.279736], [64.062891, 54.30293], [64.199414, 54.347412], [64.46123, 54.38418], [64.525098, 54.362158], [64.649902, 54.352246], [64.809277, 54.368555], [64.926758, 54.396631], [64.99541, 54.36875], [65.088379, 54.340186], [65.157813, 54.364404], [65.192188, 54.441113], [65.237402, 54.516064], [65.315918, 54.551562], [65.378125, 54.564453], [65.434375, 54.593311], [65.476953, 54.623291], [65.707813, 54.618701], [65.914258, 54.693311], [65.954688, 54.659521], [66.222656, 54.667383], [66.555371, 54.71543], [66.754492, 54.737891], [67.09834, 54.788184], [67.257324, 54.828809], [67.484668, 54.854492], [67.693359, 54.872412], [67.829883, 54.943555], [67.939941, 54.953711], [68.073828, 54.95957], [68.155859, 54.976709], [68.209375, 55.003027], [68.244043, 55.052441], [68.225293, 55.115234], [68.20625, 55.160937], [68.301953, 55.186523], [68.438477, 55.194434], [68.524805, 55.204834], [68.712891, 55.308496], [68.842969, 55.35835], [68.977246, 55.3896], [69.246973, 55.37251], [69.493262, 55.356885], [69.740234, 55.307373], [69.870215, 55.245654], [69.981738, 55.199072], [70.087402, 55.176758], [70.182422, 55.162451], [70.293359, 55.183594], [70.371484, 55.212256], [70.417188, 55.253174], [70.486328, 55.282373], [70.738086, 55.305176], [70.790332, 55.261133], [70.910156, 55.127979], [70.991797, 54.950488], [71.12627, 54.715039], [71.185547, 54.599316], [71.15918, 54.538623], [71.159766, 54.45542], [71.152148, 54.364062], [71.052734, 54.260498], [71.093164, 54.212207], [71.336426, 54.15835], [71.677148, 54.178027], [71.887402, 54.221484], [72.004492, 54.205664], [72.065625, 54.231641], [72.105371, 54.308447], [72.186035, 54.325635], [72.269141, 54.272119], [72.329492, 54.181445], [72.387305, 54.123047], [72.383008, 54.053662], [72.404297, 53.964453], [72.446777, 53.941846], [72.530273, 53.975781], [72.585938, 53.995947], [72.599219, 54.023047], [72.575586, 54.056494], [72.564258, 54.09043], [72.582715, 54.121582], [72.622266, 54.134326], [72.741016, 54.124512], [72.914062, 54.107324], [73.119336, 53.980762], [73.229883, 53.957812], [73.276563, 53.955615], [73.380664, 53.962842], [73.505664, 53.999316], [73.589941, 54.044971], [73.617969, 54.067383], [73.666406, 54.063477], [73.712402, 54.042383], [73.715527, 53.996191], [73.678906, 53.929443], [73.554199, 53.868311], [73.399414, 53.811475], [73.305664, 53.707227], [73.285742, 53.598389], [73.326855, 53.543164], [73.361914, 53.506201], [73.371875, 53.454395], [73.406934, 53.447559], [73.469922, 53.468896], [73.642969, 53.57627], [73.731152, 53.602783], [73.858984, 53.619727], [74.068652, 53.611426], [74.209961, 53.576465], [74.277344, 53.527734], [74.351562, 53.487646], [74.402734, 53.504443], [74.429297, 53.550732], [74.430469, 53.603711], [74.451953, 53.647266], [74.681445, 53.754395], [74.83418, 53.825684], [74.886816, 53.834033], [74.988965, 53.819238], [75.052148, 53.826709], [75.220215, 53.893799], [75.377051, 53.970117], [75.392383, 54.021729], [75.398145, 54.068506], [75.437207, 54.089648], [75.656836, 54.106006], [75.692871, 54.114795], [75.880664, 54.167969], [76.140527, 54.258545], [76.266602, 54.311963], [76.496484, 54.335693], [76.53916, 54.351074], [76.615527, 54.387109], [76.759375, 54.436865], [76.837305, 54.442383], [76.788965, 54.321875], [76.703027, 54.182471], [76.65459, 54.145264], [76.42168, 54.151514], [76.42207, 54.113525], [76.458594, 54.055273], [76.484766, 54.022559], [76.513086, 53.993213], [76.575684, 53.942529], [76.820703, 53.822656], [77.132422, 53.670117], [77.469238, 53.498779], [77.704395, 53.37915], [77.799414, 53.317432], [77.859961, 53.269189], [78.033496, 53.094971], [78.198047, 52.929688], [78.475488, 52.638428], [78.721484, 52.357031], [78.99209, 52.047412], [79.14873, 51.868115], [79.468848, 51.493115], [79.554297, 51.377979], [79.716406, 51.16001], [79.859668, 50.955469], [79.98623, 50.774561], [80.065918, 50.758203], [80.07207, 50.807275], [80.086328, 50.83999], [80.127246, 50.85835], [80.220215, 50.911768], [80.27041, 50.924609], [80.345215, 50.919092], [80.423633, 50.946289], [80.452246, 50.997607], [80.433594, 51.092627], [80.421484, 51.136377], [80.448047, 51.18335], [80.491016, 51.201758], [80.550684, 51.216602], [80.605469, 51.224219], [80.650488, 51.277344], [80.735254, 51.293408], [80.813086, 51.283496], [80.877344, 51.281445], [80.934082, 51.242773], [80.965625, 51.189795], [81.026758, 51.185693], [81.127246, 51.191064], [81.141016, 51.146582], [81.112402, 51.072363], [81.077539, 51.014941], [81.071484, 50.96875], [81.124609, 50.946289], [81.319141, 50.966406], [81.388281, 50.956494], [81.410156, 50.909766], [81.437695, 50.871045], [81.451563, 50.823682], [81.431445, 50.771143], [81.465918, 50.739844], [81.633887, 50.739111], [81.752051, 50.764404], [81.933691, 50.766357], [82.098047, 50.71084], [82.211914, 50.719434], [82.326367, 50.741895], [82.493945, 50.727588], [82.611719, 50.771484], [82.692969, 50.826318], [82.718555, 50.869482], [82.76084, 50.893359], [82.919043, 50.893115], [83.019238, 50.897266], [83.092773, 50.960596], [83.160254, 50.989209], [83.27373, 50.99458], [83.357324, 50.99458], [83.581445, 50.935742], [83.717773, 50.887158], [83.859766, 50.818018], [83.945117, 50.774658], [84.002344, 50.676855], [84.099316, 50.604736], [84.175977, 50.520557], [84.194531, 50.437451], [84.257812, 50.288232], [84.323242, 50.23916], [84.400977, 50.23916], [84.499023, 50.21875], [84.607324, 50.202393], [84.838965, 50.091309], [84.924023, 50.087988], [84.989453, 50.061426], [84.999707, 50.010303], [84.975195, 49.951074], [85.000781, 49.894141], [85.076465, 49.821631], [85.136523, 49.750732], [85.210156, 49.664844], [85.232617, 49.61582], [85.291895, 49.599463], [85.371582, 49.623926], [85.498438, 49.605371], [85.880469, 49.556543], [85.933594, 49.550439], [85.974414, 49.499316], [86.02959, 49.503418], [86.092969, 49.505469], [86.180859, 49.499316], [86.242188, 49.546338], [86.292383, 49.5875], [86.417969, 49.638477], [86.522266, 49.707764], [86.610156, 49.769141], [86.675488, 49.777295], [86.728711, 49.748682], [86.730664, 49.695557], [86.665332, 49.656689], [86.614258, 49.609717], [86.626465, 49.562695], [86.714355, 49.558594], [86.812109, 49.487891], [86.95293, 49.32207], [87.000977, 49.287305], [87.070605, 49.25459], [87.148047, 49.239795], [87.233691, 49.216162], [87.296875, 49.147656], [87.322852, 49.085791], [87.22998, 49.105859], [87.048535, 49.109912], [86.937988, 49.097559], [86.885938, 49.090576], [86.808301, 49.049707], [86.753125, 49.008838], [86.728613, 48.939355], [86.757812, 48.860742], [86.717969, 48.697168], [86.66377, 48.635547], [86.549414, 48.528613], [86.483301, 48.505371], [86.372559, 48.48623], [86.265625, 48.454541], [86.056152, 48.42373], [85.829883, 48.408057], [85.749414, 48.385059], [85.692187, 48.311816], [85.651563, 48.250537], [85.626367, 48.204004], [85.562305, 48.051855], [85.525977, 47.915625], [85.561621, 47.746484], [85.588281, 47.558496], [85.586621, 47.493652], [85.641797, 47.397412], [85.669824, 47.338379], [85.656641, 47.254639], [85.577246, 47.188477], [85.529688, 47.100781], [85.484766, 47.063525], [85.355371, 47.046729], [85.233496, 47.036377], [85.110547, 46.96123], [85.012207, 46.909229], [84.858203, 46.843164], [84.786133, 46.830713], [84.745996, 46.864355], [84.719531, 46.939355], [84.666602, 46.972363], [84.592285, 46.974951], [84.532422, 46.975781], [84.338867, 46.996143], [84.215137, 46.994727], [84.12207, 46.978613], [84.016016, 46.970508], [83.832617, 46.997852], [83.713965, 47.021045], [83.634082, 47.043213], [83.443555, 47.108643], [83.193066, 47.186572], [83.090332, 47.209375], [83.029492, 47.185937], [83.020117, 47.141455], [83.004102, 47.033496], [82.974902, 46.966016], [82.8, 46.624463], [82.692187, 46.38667], [82.555078, 46.158691], [82.511719, 46.005811], [82.429688, 45.811914], [82.348145, 45.671533], [82.315234, 45.594922], [82.312207, 45.563721], [82.32666, 45.519922], [82.45166, 45.471973], [82.58252, 45.442578], [82.611621, 45.424268], [82.625781, 45.374414], [82.621094, 45.293115], [82.596973, 45.215967], [82.558984, 45.15542], [82.521484, 45.125488], [82.478711, 45.123584], [82.39668, 45.162451], [82.323438, 45.205859], [82.266602, 45.219092], [82.122754, 45.194873], [81.989258, 45.161865], [81.944922, 45.16084], [81.86748, 45.18208], [81.789648, 45.226025], [81.758887, 45.31084], [81.691992, 45.349365], [81.602051, 45.31084], [81.334766, 45.246191], [81.040332, 45.169141], [80.85332, 45.129297], [80.780078, 45.135547], [80.634766, 45.126514], [80.50918, 45.10498], [80.414941, 45.075098], [80.228223, 45.033984], [80.05918, 45.006445], [79.950195, 44.944092], [79.871875, 44.883789], [79.875293, 44.86084], [79.932129, 44.825195], [79.997168, 44.797217], [80.127832, 44.80376], [80.255078, 44.808105], [80.36084, 44.770312], [80.455469, 44.746094], [80.481543, 44.714648], [80.455469, 44.684082], [80.400586, 44.676904], [80.381445, 44.65542], [80.391016, 44.626807], [80.355078, 44.552002], [80.336328, 44.438379], [80.354883, 44.326514], [80.365332, 44.223291], [80.358984, 44.171289], [80.355273, 44.097266], [80.395801, 44.047168], [80.431543, 43.951758], [80.495996, 43.89209], [80.593457, 43.685107], [80.650781, 43.56416], [80.703809, 43.427051], [80.66543, 43.352979], [80.667773, 43.310059], [80.729785, 43.274268], [80.757031, 43.204346], [80.785742, 43.161572], [80.777734, 43.118945], [80.751172, 43.10249], [80.616992, 43.128271], [80.507031, 43.085791], [80.390234, 43.043115], [80.374512, 43.02041], [80.371289, 42.995605], [80.383398, 42.973779], [80.450684, 42.935547], [80.54375, 42.911719], [80.538965, 42.873486], [80.424023, 42.855762], [80.250293, 42.797266], [80.202246, 42.734473], [80.165039, 42.665527], [80.161914, 42.625537], [80.179297, 42.518359], [80.205762, 42.399414], [80.255078, 42.27417], [80.259082, 42.2354], [80.233008, 42.207812], [80.209375, 42.190039], [80.071289, 42.302979], [79.921094, 42.413135], [79.803418, 42.438477], [79.598437, 42.456641], [79.490137, 42.457568], [79.428223, 42.483496], [79.367773, 42.547217], [79.295508, 42.604834], [79.203027, 42.666016], [79.164844, 42.759033], [79.12666, 42.775732], [79.059863, 42.763818], [78.947949, 42.766699], [78.885156, 42.774902], [78.791504, 42.79082], [78.642285, 42.828711], [78.524219, 42.864648], [78.375977, 42.871484], [78.290039, 42.864355], [78.023145, 42.85752], [77.80166, 42.895215], [77.622461, 42.902246], [77.512207, 42.900049], [77.459277, 42.904736], [77.368555, 42.904443], [77.235547, 42.912646], [77.057324, 42.970654], [76.988086, 42.973584], [76.944043, 42.971484], [76.646484, 42.928809], [76.50918, 42.918896], [76.218164, 42.92373], [75.932227, 42.928516], [75.840332, 42.9375], [75.789551, 42.93291], [75.681738, 42.830469], [75.635645, 42.8146], [75.366211, 42.836963], [75.047656, 42.904395], [74.817578, 42.978174], [74.622266, 43.056201], [74.363867, 43.179443], [74.209082, 43.240381], [74.186816, 43.205273], [74.145898, 43.194092], [74.08623, 43.188623], [73.949219, 43.19502], [73.886035, 43.132568], [73.718555, 43.087891], [73.612012, 43.0479], [73.55625, 43.002783], [73.450195, 42.703027], [73.421875, 42.593506], [73.492969, 42.409033], [73.411621, 42.419775], [73.316016, 42.466992], [73.28291, 42.504102], [73.19082, 42.526855], [72.855078, 42.561133], [72.792383, 42.603467], [72.75293, 42.637891], [72.666113, 42.6604], [72.543164, 42.677734], [72.275781, 42.757666], [72.161816, 42.760693], [71.816797, 42.822168], [71.760547, 42.821484], [71.734766, 42.818896], [71.600781, 42.778662], [71.514258, 42.766943], [71.42207, 42.783154], [71.256641, 42.733545], [71.167383, 42.667432], [71.093555, 42.586523], [71.022754, 42.535449], [71.001953, 42.459082], [70.952344, 42.419385], [70.892871, 42.33999], [70.892871, 42.293701], [70.946777, 42.248682]]]]}}, {"type": "Feature", "properties": {"ADMIN": "Jordan", "ROLE": "background", "ISO2": "JO"}, "geometry": {"type": "Polygon", "coordinates": [[[35.787305, 32.734912], [35.894727, 32.71377], [35.956445, 32.666699], [36.059473, 32.533789], [36.219727, 32.495117], [36.284277, 32.457471], [36.37207, 32.386914], [36.479199, 32.361328], [36.818359, 32.317285], [37.088965, 32.465527], [37.317578, 32.590771], [37.577441, 32.733057], [37.754102, 32.829834], [38.055762, 32.994873], [38.254297, 33.099219], [38.515625, 33.236621], [38.773535, 33.372217], [38.84502, 33.150879], [38.914844, 32.934668], [38.987402, 32.710693], [39.057813, 32.493164], [38.981641, 32.472559], [39.041406, 32.305664], [39.140039, 32.331201], [39.247461, 32.350977], [39.292773, 32.243848], [39.14541, 32.124512], [38.99707, 32.007471], [38.962305, 31.994922], [38.769629, 31.946484], [38.375488, 31.847461], [38.111426, 31.781152], [37.773828, 31.696338], [37.493359, 31.625879], [37.215625, 31.556104], [36.958594, 31.491504], [37.105273, 31.355176], [37.329492, 31.146826], [37.479004, 31.007764], [37.655469, 30.828955], [37.812988, 30.669287], [37.980078, 30.5], [37.862891, 30.442627], [37.669727, 30.348145], [37.649902, 30.330957], [37.633594, 30.313281], [37.553613, 30.14458], [37.490723, 30.011719], [37.469238, 29.995068], [37.199414, 29.946289], [36.927051, 29.89707], [36.755273, 29.866016], [36.703906, 29.831641], [36.591797, 29.666113], [36.476074, 29.495117], [36.282813, 29.355371], [36.068457, 29.200537], [36.01543, 29.190479], [35.860352, 29.214258], [35.595313, 29.254883], [35.33916, 29.294092], [35.16377, 29.320947], [34.950781, 29.353516], [34.982227, 29.484473], [34.973438, 29.555029], [35.023926, 29.787061], [35.053418, 29.896924], [35.068164, 29.977881], [35.141602, 30.141699], [35.132617, 30.195312], [35.148145, 30.384326], [35.140625, 30.420898], [35.174023, 30.523926], [35.236621, 30.673486], [35.297852, 30.802246], [35.320117, 30.860205], [35.383008, 30.982275], [35.439258, 31.132422], [35.409668, 31.214453], [35.400684, 31.230518], [35.423535, 31.324854], [35.422852, 31.325391], [35.450586, 31.479297], [35.46543, 31.562354], [35.499414, 31.672363], [35.558984, 31.765527], [35.531445, 31.984912], [35.534766, 32.103027], [35.57207, 32.237891], [35.551465, 32.395508], [35.569043, 32.619873], [35.572852, 32.640869], [35.594531, 32.668018], [35.61123, 32.68208], [35.734473, 32.728906], [35.787305, 32.734912]]]}}, {"type": "Feature", "properties": {"ADMIN": "Iraq", "ROLE": "background", "ISO2": "IQ"}, "geometry": {"type": "Polygon", "coordinates": [[[42.358984, 37.108594], [42.455859, 37.128711], [42.635449, 37.249268], [42.741113, 37.361914], [42.774609, 37.371875], [42.869141, 37.334912], [42.936621, 37.324756], [43.09248, 37.367383], [43.185156, 37.344873], [43.263086, 37.316504], [43.306738, 37.314648], [43.51582, 37.244531], [43.567969, 37.23584], [43.675781, 37.227246], [43.836426, 37.223535], [43.940039, 37.269287], [44.013184, 37.313525], [44.064648, 37.312451], [44.114453, 37.301855], [44.15625, 37.282959], [44.191797, 37.249854], [44.208398, 37.202637], [44.20166, 37.051807], [44.21748, 37.011865], [44.245703, 36.983301], [44.281836, 36.978027], [44.325586, 37.010742], [44.401953, 37.058496], [44.495996, 37.110547], [44.566016, 37.158252], [44.605957, 37.176025], [44.669336, 37.173584], [44.730957, 37.165283], [44.765137, 37.142432], [44.76543, 37.13501], [44.798438, 37.063867], [44.880859, 36.799316], [44.927832, 36.765918], [44.981445, 36.737695], [45.019238, 36.698389], [45.033984, 36.658887], [45.029395, 36.597559], [45.031055, 36.526074], [45.053125, 36.471631], [45.083789, 36.430029], [45.112402, 36.409277], [45.155273, 36.407373], [45.206543, 36.397168], [45.241113, 36.355957], [45.350879, 36.054639], [45.361621, 36.015332], [45.407715, 36.002783], [45.483789, 36.008545], [45.561621, 35.977197], [45.64502, 35.928369], [45.723438, 35.83667], [45.776367, 35.821826], [45.941406, 35.8354], [46.16748, 35.820557], [46.273438, 35.773242], [46.2625, 35.744141], [46.180957, 35.711377], [46.037402, 35.673145], [45.99502, 35.608105], [45.971094, 35.52417], [45.975391, 35.476807], [46.010645, 35.424805], [46.112109, 35.32168], [46.117773, 35.284277], [46.135742, 35.232275], [46.154688, 35.196729], [46.133789, 35.127637], [46.041797, 35.080176], [45.920898, 35.028516], [45.678125, 34.798437], [45.660059, 34.748779], [45.661523, 34.612695], [45.6375, 34.573828], [45.56084, 34.574512], [45.500781, 34.581592], [45.497754, 34.533887], [45.459375, 34.470361], [45.437598, 34.415137], [45.526855, 34.284668], [45.542773, 34.215527], [45.528613, 34.152539], [45.446094, 34.044043], [45.39707, 33.97085], [45.408984, 33.954492], [45.473242, 33.925488], [45.67373, 33.68667], [45.738281, 33.602832], [45.822852, 33.624805], [45.854492, 33.62334], [45.879395, 33.609766], [45.894727, 33.581543], [45.894727, 33.545654], [45.873242, 33.491992], [45.981055, 33.470117], [46.019922, 33.415723], [46.145898, 33.229639], [46.141113, 33.174414], [46.080762, 33.086523], [46.080469, 33.028223], [46.093066, 32.975879], [46.112793, 32.957666], [46.298242, 32.950244], [46.377051, 32.929248], [46.569922, 32.833936], [46.789062, 32.687988], [46.968555, 32.568408], [47.121387, 32.466602], [47.285156, 32.474023], [47.329785, 32.455518], [47.371289, 32.42373], [47.418164, 32.340088], [47.511914, 32.15083], [47.591504, 32.087988], [47.714551, 31.936426], [47.82998, 31.794434], [47.753906, 31.601367], [47.679492, 31.400586], [47.679492, 31.141504], [47.679492, 31.002393], [47.836328, 30.996436], [48.010645, 30.989795], [48.012012, 30.823633], [48.013477, 30.656445], [48.014941, 30.465625], [48.066113, 30.457666], [48.147559, 30.416846], [48.182422, 30.355029], [48.226172, 30.321338], [48.278906, 30.31582], [48.331055, 30.285449], [48.382617, 30.230176], [48.401367, 30.18833], [48.387598, 30.159863], [48.398633, 30.109619], [48.43457, 30.037598], [48.478516, 30.003809], [48.546484, 29.962354], [48.454199, 29.938477], [48.35459, 29.956738], [48.141699, 30.040918], [48.072754, 30.043213], [47.98252, 30.011328], [47.978711, 29.982812], [47.753906, 30.076611], [47.672754, 30.095605], [47.64375, 30.097314], [47.514844, 30.096484], [47.331348, 30.079687], [47.223242, 30.041504], [47.148242, 30.000977], [47.114355, 29.961328], [47.102051, 29.93999], [47.043652, 29.822998], [46.975977, 29.672852], [46.905859, 29.5375], [46.769336, 29.347461], [46.69375, 29.259668], [46.531445, 29.09624], [46.356445, 29.063672], [45.949707, 29.09585], [45.498926, 29.131543], [45.050293, 29.16709], [44.716504, 29.193604], [44.69082, 29.202344], [44.360742, 29.435254], [44.099609, 29.619336], [43.77373, 29.849219], [43.44082, 30.083984], [43.103125, 30.322217], [42.857715, 30.495215], [42.559766, 30.717773], [42.288574, 30.92041], [42.074414, 31.080371], [41.799707, 31.220361], [41.585059, 31.329736], [41.272461, 31.489014], [41.022461, 31.616357], [40.808398, 31.725439], [40.478906, 31.893359], [40.369336, 31.938965], [40.027832, 31.99502], [39.704102, 32.042529], [39.368652, 32.091748], [39.14541, 32.124512], [39.292773, 32.243848], [39.247461, 32.350977], [39.140039, 32.331201], [39.041406, 32.305664], [38.981641, 32.472559], [39.057813, 32.493164], [38.987402, 32.710693], [38.914844, 32.934668], [38.84502, 33.150879], [38.773535, 33.372217], [39.056738, 33.514014], [39.268359, 33.62002], [39.564453, 33.768359], [39.85, 33.911377], [40.121973, 34.047656], [40.421484, 34.197754], [40.689453, 34.332031], [40.935059, 34.386572], [40.987012, 34.429053], [41.099023, 34.612305], [41.194727, 34.768994], [41.199219, 34.805322], [41.199609, 35.027393], [41.216406, 35.288184], [41.24834, 35.42749], [41.30332, 35.550635], [41.354102, 35.64043], [41.359375, 35.724609], [41.352637, 35.809961], [41.300195, 35.938965], [41.245605, 36.073389], [41.251758, 36.203027], [41.261816, 36.272461], [41.295996, 36.38335], [41.354199, 36.464404], [41.416797, 36.514648], [41.650195, 36.566406], [41.788574, 36.597168], [41.974023, 36.74082], [42.083984, 36.826025], [42.237305, 36.961133], [42.350098, 37.060596], [42.359082, 37.09502], [42.358984, 37.108594]]]}}, {"type": "Feature", "properties": {"ADMIN": "Iran", "ROLE": "background", "ISO2": "IR"}, "geometry": {"type": "MultiPolygon", "coordinates": [[[[56.187988, 26.921143], [56.094922, 26.801172], [55.954297, 26.701123], [55.894141, 26.732275], [55.847656, 26.730811], [55.747266, 26.69248], [55.674609, 26.68584], [55.543164, 26.617529], [55.42373, 26.583105], [55.34043, 26.585742], [55.311523, 26.592627], [55.29502, 26.639209], [55.296484, 26.657568], [55.346973, 26.647949], [55.531738, 26.71001], [55.762598, 26.811963], [55.78457, 26.857178], [55.747461, 26.930957], [55.757617, 26.947656], [55.907129, 26.909814], [56.074121, 26.98335], [56.213965, 27.003271], [56.279395, 26.9521], [56.187988, 26.921143]]], [[[53.91416, 37.343555], [54.191602, 37.332471], [54.299805, 37.353613], [54.458691, 37.407568], [54.578906, 37.440234], [54.639648, 37.444727], [54.699414, 37.470166], [54.745215, 37.501904], [54.848633, 37.722656], [54.900098, 37.77793], [55.075586, 37.90249], [55.224707, 37.981348], [55.380859, 38.051123], [55.578418, 38.099756], [55.841309, 38.094629], [56.050293, 38.077539], [56.171191, 38.078369], [56.228809, 38.073389], [56.27207, 38.08042], [56.296973, 38.094824], [56.324121, 38.191113], [56.366895, 38.22251], [56.440625, 38.249414], [56.544043, 38.249609], [56.669922, 38.256641], [56.774609, 38.250049], [56.906641, 38.213037], [57.079004, 38.209961], [57.193555, 38.216406], [57.260156, 38.17959], [57.308105, 38.130371], [57.331445, 38.089307], [57.336719, 38.03291], [57.335742, 37.989941], [57.353711, 37.97334], [57.423828, 37.947705], [57.520996, 37.928467], [57.710547, 37.905273], [57.888184, 37.86084], [57.980566, 37.830469], [58.108789, 37.783057], [58.261621, 37.66582], [58.318164, 37.647217], [58.386719, 37.635352], [58.435742, 37.638525], [58.550488, 37.688184], [58.650195, 37.651562], [58.700781, 37.65625], [58.81543, 37.683496], [58.937207, 37.649658], [59.24082, 37.520752], [59.274121, 37.52373], [59.301758, 37.510645], [59.326953, 37.481152], [59.344727, 37.444727], [59.367383, 37.33374], [59.45498, 37.252832], [59.562207, 37.178906], [59.687207, 37.138477], [59.948633, 37.041602], [60.062793, 36.962891], [60.17832, 36.829443], [60.320703, 36.653564], [60.341309, 36.637646], [60.70791, 36.642969], [61.119629, 36.642578], [61.169922, 36.572266], [61.160352, 36.432715], [61.175098, 36.289697], [61.212012, 36.190527], [61.212402, 36.099121], [61.182617, 36.052832], [61.159473, 35.999902], [61.15293, 35.976758], [61.205859, 35.943701], [61.252148, 35.867627], [61.258691, 35.761816], [61.235547, 35.705566], [61.238867, 35.659277], [61.262012, 35.61958], [61.281836, 35.553418], [61.278516, 35.51377], [61.245508, 35.474072], [61.225684, 35.424463], [61.199219, 35.361621], [61.189258, 35.312012], [61.139648, 35.288867], [61.1, 35.272314], [61.106641, 35.209473], [61.126465, 35.156543], [61.149609, 35.09375], [61.123145, 35.050732], [61.106641, 35.001123], [61.070215, 34.921729], [61.080078, 34.855615], [61.04043, 34.799365], [60.99082, 34.749756], [60.957813, 34.710059], [60.951172, 34.653857], [60.914746, 34.633984], [60.845313, 34.587695], [60.802344, 34.554639], [60.739453, 34.544727], [60.72627, 34.518262], [60.736133, 34.491797], [60.762598, 34.475244], [60.803906, 34.418018], [60.889453, 34.319434], [60.642676, 34.307178], [60.570215, 34.219629], [60.485742, 34.094775], [60.527051, 33.841992], [60.485938, 33.711914], [60.51084, 33.638916], [60.573828, 33.58833], [60.65459, 33.5604], [60.806445, 33.558691], [60.906934, 33.538965], [60.916992, 33.505225], [60.859277, 33.45625], [60.766895, 33.363818], [60.718066, 33.323535], [60.560547, 33.137842], [60.561914, 33.058789], [60.576563, 32.994873], [60.644531, 32.794385], [60.710449, 32.6], [60.829297, 32.249414], [60.827246, 32.167969], [60.789941, 31.987109], [60.7875, 31.877197], [60.804297, 31.734473], [60.791602, 31.660596], [60.820703, 31.495166], [60.854102, 31.483252], [61.110742, 31.451123], [61.346484, 31.421631], [61.660156, 31.382422], [61.755078, 31.285303], [61.814258, 31.072559], [61.81084, 30.913281], [61.78418, 30.831934], [61.559473, 30.599365], [61.331641, 30.363721], [61.104102, 30.128418], [60.843359, 29.858691], [61.03418, 29.663428], [61.152148, 29.542725], [61.318359, 29.372607], [61.339453, 29.331787], [61.337891, 29.26499], [61.508594, 29.006055], [61.56875, 28.870898], [61.623047, 28.791602], [61.758008, 28.667676], [61.889844, 28.546533], [62.033008, 28.491016], [62.130566, 28.478809], [62.353027, 28.414746], [62.433887, 28.363867], [62.564551, 28.235156], [62.717578, 28.252783], [62.749414, 28.252881], [62.758008, 28.243555], [62.7625, 28.202051], [62.739746, 28.002051], [62.782324, 27.800537], [62.812012, 27.497021], [62.800879, 27.444531], [62.764258, 27.356738], [62.7625, 27.300195], [62.752734, 27.265625], [62.762988, 27.250195], [62.811621, 27.229443], [62.91543, 27.218408], [63.166797, 27.25249], [63.196094, 27.243945], [63.25625, 27.20791], [63.301563, 27.151465], [63.305176, 27.124561], [63.24209, 27.077686], [63.231445, 26.998145], [63.250391, 26.879248], [63.241602, 26.864746], [63.186133, 26.837598], [63.168066, 26.665576], [63.157813, 26.649756], [63.092969, 26.632324], [62.786621, 26.643896], [62.751563, 26.63916], [62.636426, 26.593652], [62.439258, 26.561035], [62.385059, 26.542627], [62.312305, 26.490869], [62.259668, 26.42749], [62.249609, 26.369238], [62.239355, 26.357031], [62.125977, 26.368994], [62.089063, 26.318262], [61.869824, 26.242432], [61.842383, 26.225928], [61.809961, 26.165283], [61.780762, 25.99585], [61.754395, 25.843359], [61.737695, 25.821094], [61.668652, 25.768994], [61.661816, 25.75127], [61.671387, 25.692383], [61.640137, 25.584619], [61.61543, 25.286133], [61.587891, 25.202344], [61.533105, 25.195508], [61.490332, 25.153662], [61.412207, 25.1021], [61.242969, 25.141992], [61.108594, 25.183887], [60.663867, 25.282227], [60.615137, 25.329834], [60.5875, 25.413525], [60.510547, 25.437061], [60.400195, 25.311572], [60.024707, 25.384131], [59.89707, 25.361816], [59.818359, 25.400879], [59.616016, 25.403271], [59.456055, 25.481494], [59.227246, 25.427734], [59.046094, 25.417285], [58.797852, 25.55459], [58.530859, 25.592432], [58.314258, 25.580859], [58.20293, 25.591602], [58.022363, 25.64082], [57.936621, 25.69165], [57.796094, 25.653027], [57.73252, 25.724902], [57.33457, 25.791553], [57.260938, 25.918848], [57.205566, 26.037207], [57.201367, 26.158838], [57.104297, 26.371436], [57.071973, 26.680078], [57.036035, 26.800684], [56.982227, 26.905469], [56.910449, 26.99458], [56.812891, 27.08999], [56.728125, 27.127686], [56.356152, 27.200244], [56.284375, 27.190625], [56.118066, 27.143115], [55.941113, 27.037598], [55.650293, 26.977539], [55.591602, 26.932129], [55.518555, 26.829932], [55.424023, 26.770557], [55.294141, 26.785937], [55.15459, 26.725391], [54.895801, 26.556689], [54.759277, 26.505078], [54.644922, 26.508936], [54.52207, 26.58916], [54.24707, 26.696631], [54.069336, 26.732373], [53.822559, 26.707715], [53.705762, 26.725586], [53.507129, 26.851758], [53.45498, 26.943262], [53.341699, 27.004492], [52.98252, 27.141943], [52.691602, 27.323389], [52.638184, 27.391992], [52.602637, 27.493359], [52.475879, 27.616504], [52.191895, 27.717285], [52.030762, 27.824414], [51.841992, 27.848242], [51.666309, 27.844971], [51.589063, 27.864209], [51.518555, 27.91001], [51.278906, 28.131348], [51.276074, 28.218848], [51.128418, 28.435156], [51.093848, 28.512109], [51.062012, 28.726123], [51.021191, 28.78208], [50.866992, 28.870166], [50.842969, 28.927832], [50.875781, 29.004395], [50.875781, 29.062695], [50.795508, 29.117432], [50.675195, 29.146582], [50.646094, 29.212207], [50.667969, 29.339844], [50.649609, 29.420068], [50.543555, 29.547998], [50.386914, 29.679053], [50.230176, 29.8729], [50.168945, 29.92124], [50.128906, 30.048096], [50.071582, 30.198535], [49.983105, 30.209375], [49.554883, 30.028955], [49.42998, 30.130469], [49.054297, 30.306934], [49.028125, 30.333447], [49.001953, 30.373926], [49.049023, 30.397266], [49.096191, 30.406787], [49.190332, 30.375391], [49.247266, 30.4125], [49.224512, 30.472314], [49.130371, 30.509424], [49.001953, 30.506543], [49.037109, 30.450488], [48.916797, 30.397266], [48.891211, 30.327637], [48.908691, 30.241455], [48.919141, 30.120898], [48.870117, 30.062402], [48.832422, 30.035498], [48.670898, 30.02832], [48.595508, 29.975049], [48.546484, 29.962354], [48.478516, 30.003809], [48.43457, 30.037598], [48.398633, 30.109619], [48.387598, 30.159863], [48.401367, 30.18833], [48.382617, 30.230176], [48.331055, 30.285449], [48.278906, 30.31582], [48.226172, 30.321338], [48.182422, 30.355029], [48.147559, 30.416846], [48.066113, 30.457666], [48.014941, 30.465625], [48.013477, 30.656445], [48.012012, 30.823633], [48.010645, 30.989795], [47.836328, 30.996436], [47.679492, 31.002393], [47.679492, 31.141504], [47.679492, 31.400586], [47.753906, 31.601367], [47.82998, 31.794434], [47.714551, 31.936426], [47.591504, 32.087988], [47.511914, 32.15083], [47.418164, 32.340088], [47.371289, 32.42373], [47.329785, 32.455518], [47.285156, 32.474023], [47.121387, 32.466602], [46.968555, 32.568408], [46.789062, 32.687988], [46.569922, 32.833936], [46.377051, 32.929248], [46.298242, 32.950244], [46.112793, 32.957666], [46.093066, 32.975879], [46.080469, 33.028223], [46.080762, 33.086523], [46.141113, 33.174414], [46.145898, 33.229639], [46.019922, 33.415723], [45.981055, 33.470117], [45.873242, 33.491992], [45.894727, 33.545654], [45.894727, 33.581543], [45.879395, 33.609766], [45.854492, 33.62334], [45.822852, 33.624805], [45.738281, 33.602832], [45.67373, 33.68667], [45.473242, 33.925488], [45.408984, 33.954492], [45.39707, 33.97085], [45.446094, 34.044043], [45.528613, 34.152539], [45.542773, 34.215527], [45.526855, 34.284668], [45.437598, 34.415137], [45.459375, 34.470361], [45.497754, 34.533887], [45.500781, 34.581592], [45.56084, 34.574512], [45.6375, 34.573828], [45.661523, 34.612695], [45.660059, 34.748779], [45.678125, 34.798437], [45.920898, 35.028516], [46.041797, 35.080176], [46.133789, 35.127637], [46.154688, 35.196729], [46.135742, 35.232275], [46.117773, 35.284277], [46.112109, 35.32168], [46.010645, 35.424805], [45.975391, 35.476807], [45.971094, 35.52417], [45.99502, 35.608105], [46.037402, 35.673145], [46.180957, 35.711377], [46.2625, 35.744141], [46.273438, 35.773242], [46.16748, 35.820557], [45.941406, 35.8354], [45.776367, 35.821826], [45.723438, 35.83667], [45.64502, 35.928369], [45.561621, 35.977197], [45.483789, 36.008545], [45.407715, 36.002783], [45.361621, 36.015332], [45.350879, 36.054639], [45.241113, 36.355957], [45.206543, 36.397168], [45.155273, 36.407373], [45.112402, 36.409277], [45.083789, 36.430029], [45.053125, 36.471631], [45.031055, 36.526074], [45.029395, 36.597559], [45.033984, 36.658887], [45.019238, 36.698389], [44.981445, 36.737695], [44.927832, 36.765918], [44.880859, 36.799316], [44.798438, 37.063867], [44.76543, 37.13501], [44.765137, 37.142432], [44.766699, 37.156348], [44.758301, 37.21709], [44.796777, 37.269775], [44.794141, 37.290381], [44.715137, 37.357129], [44.604102, 37.42373], [44.574023, 37.4354], [44.573145, 37.506396], [44.577148, 37.560205], [44.567188, 37.608643], [44.546094, 37.636328], [44.545313, 37.658154], [44.589941, 37.710352], [44.56123, 37.744629], [44.397754, 37.829248], [44.33623, 37.871777], [44.222949, 37.880176], [44.211328, 37.908057], [44.228906, 37.967187], [44.267969, 38.038818], [44.329395, 38.109277], [44.348926, 38.146484], [44.372754, 38.209717], [44.380859, 38.25459], [44.449609, 38.317773], [44.449902, 38.334229], [44.430859, 38.356787], [44.375781, 38.36958], [44.319629, 38.374707], [44.298535, 38.386279], [44.29082, 38.420117], [44.297852, 38.557812], [44.280176, 38.640674], [44.257031, 38.700635], [44.27168, 38.836035], [44.232422, 38.863232], [44.170801, 38.934375], [44.144531, 38.994385], [44.158789, 39.016748], [44.171875, 39.05625], [44.180566, 39.108057], [44.178027, 39.144824], [44.121289, 39.180615], [44.079102, 39.218311], [44.074316, 39.259961], [44.05752, 39.31084], [44.033789, 39.351025], [44.023242, 39.377441], [44.043945, 39.392969], [44.124023, 39.405225], [44.24043, 39.396777], [44.335449, 39.396045], [44.389355, 39.422119], [44.455957, 39.666748], [44.516699, 39.73125], [44.587109, 39.768555], [44.725, 39.681738], [44.782129, 39.651074], [44.817188, 39.650439], [44.838184, 39.629102], [45.000195, 39.423535], [45.07168, 39.362891], [45.113086, 39.311572], [45.141211, 39.254297], [45.190625, 39.215625], [45.255957, 39.194678], [45.335547, 39.13916], [45.389258, 39.095898], [45.479688, 39.00625], [45.575, 38.972803], [45.921875, 38.90791], [46.114453, 38.877783], [46.170117, 38.869043], [46.317773, 38.912646], [46.490625, 38.906689], [46.554785, 38.904395], [46.783203, 39.087402], [46.852539, 39.148438], [46.988867, 39.180176], [47.06543, 39.252881], [47.188379, 39.340967], [47.338477, 39.423877], [47.476172, 39.49834], [47.581836, 39.543359], [47.772852, 39.648584], [47.892285, 39.685059], [47.995898, 39.683936], [48.151074, 39.560547], [48.281738, 39.44834], [48.322168, 39.399072], [48.257227, 39.35498], [48.136035, 39.312354], [48.112891, 39.281104], [48.104395, 39.241113], [48.10918, 39.202832], [48.125488, 39.171631], [48.274121, 39.099121], [48.291016, 39.059277], [48.29209, 39.018848], [48.275098, 38.993604], [48.241992, 38.978955], [48.138574, 38.958643], [48.050098, 38.93501], [48.019336, 38.911816], [47.992676, 38.884277], [47.996484, 38.85376], [48.023242, 38.819043], [48.204688, 38.724121], [48.225195, 38.689209], [48.261328, 38.642285], [48.305566, 38.613477], [48.38125, 38.605615], [48.417383, 38.58623], [48.592676, 38.411084], [48.635547, 38.39873], [48.840332, 38.437256], [48.86875, 38.435498], [48.870703, 38.392529], [48.901367, 38.143652], [48.925098, 38.015137], [48.959961, 37.890137], [49.015332, 37.776074], [49.080957, 37.667578], [49.171191, 37.600586], [49.372461, 37.519971], [49.470117, 37.49668], [49.726953, 37.480518], [49.980664, 37.444873], [50.130469, 37.407129], [50.17627, 37.380518], [50.214063, 37.3396], [50.337891, 37.14917], [50.533203, 37.013672], [50.927441, 36.810205], [51.118555, 36.742578], [51.762012, 36.614502], [52.190137, 36.621729], [53.374121, 36.86875], [53.767676, 36.930322], [53.91543, 36.930322], [53.827441, 36.881201], [53.679492, 36.853125], [53.76875, 36.818457], [53.90625, 36.812695], [53.970117, 36.818311], [54.016211, 36.849658], [54.023828, 36.901318], [54.017188, 36.95249], [53.951953, 37.181738], [53.91416, 37.343555]]]]}}, {"type": "Feature", "properties": {"ADMIN": "Egypt", "ROLE": "background", "ISO2": "EG"}, "geometry": {"type": "Polygon", "coordinates": [[[36.871387, 21.996729], [36.543262, 21.996631], [36.215234, 21.996582], [35.887012, 21.996533], [35.558984, 21.996484], [35.230859, 21.996436], [34.902734, 21.996387], [34.574609, 21.996338], [34.246484, 21.996289], [33.918457, 21.99624], [33.590332, 21.996191], [33.262207, 21.996143], [32.934082, 21.996094], [32.606055, 21.995996], [32.277832, 21.995996], [31.949805, 21.995898], [31.62168, 21.99585], [31.434473, 21.99585], [31.466406, 22.084668], [31.486133, 22.147803], [31.464258, 22.191504], [31.400293, 22.202441], [31.358496, 22.188623], [31.260645, 22.002295], [31.20918, 21.994873], [31.092676, 21.994873], [30.710645, 21.994922], [30.328613, 21.99502], [29.94668, 21.995117], [29.564551, 21.995117], [29.18252, 21.995215], [28.800586, 21.995264], [28.418555, 21.995312], [28.036426, 21.995361], [27.654492, 21.995459], [27.272461, 21.995508], [26.89043, 21.995557], [26.508398, 21.995605], [26.126367, 21.995654], [25.744336, 21.995752], [25.362305, 21.995801], [24.980273, 21.99585], [24.980273, 22.22041], [24.980273, 22.444971], [24.980273, 22.669531], [24.980273, 22.894092], [24.980273, 23.118652], [24.980273, 23.343213], [24.980273, 23.567822], [24.980273, 23.792383], [24.980273, 24.016943], [24.980273, 24.241504], [24.980273, 24.466064], [24.980273, 24.690625], [24.980273, 24.915186], [24.980273, 25.139746], [24.980273, 25.364307], [24.980273, 25.588867], [24.980273, 25.813428], [24.980273, 26.037988], [24.980273, 26.262549], [24.980273, 26.487109], [24.980273, 26.71167], [24.980273, 26.93623], [24.980273, 27.16084], [24.980273, 27.3854], [24.980273, 27.609961], [24.980273, 27.834521], [24.980273, 28.059082], [24.980273, 28.283643], [24.980273, 28.508203], [24.980273, 28.732764], [24.980273, 28.957324], [24.980273, 29.181885], [24.97168, 29.223828], [24.916113, 29.37627], [24.865918, 29.570264], [24.81084, 29.80874], [24.803711, 29.886035], [24.711621, 30.131543], [24.703223, 30.201074], [24.726465, 30.250586], [24.877539, 30.45752], [24.923047, 30.558008], [24.961426, 30.678516], [24.973926, 30.776562], [24.929492, 30.926465], [24.877539, 31.06123], [24.859961, 31.19917], [24.852734, 31.334814], [24.92998, 31.42749], [25.022656, 31.514014], [25.057227, 31.567187], [25.112012, 31.626904], [25.150488, 31.65498], [25.225488, 31.533789], [25.382227, 31.512793], [25.893262, 31.620898], [26.457324, 31.512109], [26.768652, 31.470361], [27.248047, 31.377881], [27.540039, 31.212695], [27.620117, 31.191748], [27.82998, 31.19502], [27.967578, 31.097412], [28.514844, 31.050439], [28.806934, 30.942676], [28.972754, 30.856738], [29.07207, 30.830273], [29.159961, 30.83457], [29.278906, 30.866943], [29.428516, 30.927441], [29.591602, 31.011523], [29.929785, 31.22749], [30.049414, 31.26543], [30.127539, 31.255664], [30.222656, 31.258398], [30.262305, 31.316846], [30.312305, 31.357031], [30.34375, 31.402734], [30.395117, 31.457617], [30.570996, 31.472998], [30.923535, 31.566846], [30.88418, 31.522363], [30.562988, 31.416992], [30.700488, 31.403857], [30.841406, 31.439893], [31.001758, 31.462793], [31.030859, 31.507568], [31.051953, 31.591553], [31.08291, 31.60332], [31.193945, 31.587598], [31.524414, 31.458252], [31.606543, 31.455762], [31.839258, 31.526318], [31.888965, 31.541406], [31.964258, 31.5021], [32.136035, 31.341064], [32.076074, 31.344482], [31.892188, 31.482471], [31.875879, 31.413721], [31.771094, 31.292578], [31.902051, 31.240186], [32.008496, 31.220508], [32.065625, 31.152979], [32.101758, 31.092822], [32.206543, 31.119043], [32.281836, 31.200879], [32.242773, 31.246533], [32.216211, 31.29375], [32.250586, 31.294922], [32.323535, 31.256055], [32.532813, 31.100732], [32.60332, 31.06875], [32.68457, 31.074023], [32.854492, 31.117725], [32.901563, 31.110937], [33.129883, 31.168164], [33.156738, 31.126221], [33.194336, 31.084521], [33.37793, 31.130957], [33.666504, 31.13042], [33.902539, 31.180957], [34.17627, 31.303906], [34.198145, 31.322607], [34.2125, 31.292285], [34.245313, 31.208301], [34.328516, 30.99502], [34.400977, 30.827832], [34.489941, 30.596289], [34.517773, 30.507373], [34.529688, 30.446045], [34.658594, 30.191455], [34.735059, 29.982031], [34.791113, 29.812109], [34.869824, 29.563916], [34.904297, 29.477344], [34.848535, 29.432129], [34.736426, 29.270605], [34.617188, 28.75791], [34.446484, 28.357324], [34.427148, 28.106494], [34.399707, 28.016016], [34.318555, 27.888965], [34.220117, 27.764307], [34.045117, 27.828857], [33.760254, 28.047656], [33.594141, 28.255566], [33.416113, 28.389844], [33.247754, 28.567725], [33.201953, 28.695703], [33.203711, 28.777783], [33.130176, 28.978271], [33.075781, 29.073047], [32.870605, 29.28623], [32.811719, 29.4], [32.766699, 29.45], [32.721484, 29.521777], [32.647168, 29.798437], [32.565723, 29.973975], [32.473047, 29.925439], [32.489453, 29.851514], [32.408594, 29.749316], [32.359766, 29.630664], [32.397266, 29.533789], [32.565039, 29.386328], [32.599023, 29.321924], [32.638086, 29.182178], [32.631836, 28.992236], [32.658887, 28.927734], [32.784473, 28.786621], [32.829492, 28.702881], [32.856543, 28.630615], [32.898242, 28.565234], [33.022852, 28.442285], [33.202148, 28.208301], [33.372266, 28.050586], [33.494922, 27.974463], [33.54707, 27.898145], [33.558789, 27.701221], [33.549805, 27.607373], [33.657422, 27.430566], [33.697266, 27.341113], [33.80166, 27.268164], [33.849316, 27.184912], [33.893066, 27.049463], [33.959082, 26.649023], [34.049512, 26.550732], [34.329297, 26.024365], [34.565137, 25.691162], [34.679297, 25.442529], [34.853223, 25.139795], [35.194141, 24.475146], [35.39707, 24.269971], [35.477832, 24.154785], [35.624707, 24.066016], [35.783887, 23.937793], [35.632031, 23.950342], [35.593848, 23.942578], [35.54082, 23.920654], [35.515234, 23.842871], [35.504395, 23.779297], [35.522754, 23.442529], [35.564355, 23.271094], [35.697852, 22.946191], [35.797363, 22.84873], [35.845801, 22.785693], [35.913379, 22.739648], [36.229688, 22.628809], [36.414551, 22.394189], [36.829688, 22.097656], [36.87041, 22.015771], [36.871387, 21.996729]]]}}, {"type": "Feature", "properties": {"ADMIN": "Greenland", "ROLE": "background", "ISO2": "GL"}, "geometry": {"type": "MultiPolygon", "coordinates": [[[[-29.952881, 83.564844], [-28.991992, 83.504785], [-28.483789, 83.434912], [-28.377051, 83.437207], [-27.688379, 83.4104], [-27.034424, 83.376904], [-25.947412, 83.289648], [-25.795068, 83.260986], [-25.912451, 83.2375], [-26.182715, 83.221387], [-27.571875, 83.192627], [-30.091992, 83.157422], [-31.533984, 83.088916], [-31.992676, 83.085352], [-32.032715, 82.983447], [-31.836768, 82.977881], [-31.515576, 82.99165], [-30.386035, 83.093701], [-29.963574, 83.110498], [-29.175, 83.102002], [-28.151465, 83.063721], [-27.738525, 83.077197], [-27.002051, 83.067188], [-26.14082, 83.096436], [-25.123389, 83.159619], [-24.845166, 83.018555], [-24.470312, 82.877393], [-24.173633, 82.893018], [-23.919531, 82.885107], [-23.833545, 82.83877], [-23.694629, 82.819141], [-23.406934, 82.829688], [-22.524902, 82.78916], [-21.919678, 82.716406], [-21.691797, 82.68252], [-21.58252, 82.63418], [-21.520654, 82.59541], [-21.615771, 82.547705], [-21.993945, 82.462793], [-22.472559, 82.384717], [-23.118066, 82.324707], [-23.862207, 82.287061], [-29.579395, 82.161182], [-29.772754, 82.13125], [-29.887402, 82.054834], [-29.810986, 81.955469], [-29.543848, 81.939941], [-28.919434, 81.995898], [-27.839502, 82.048877], [-27.045947, 82.046338], [-25.148828, 82.001123], [-24.58916, 81.882812], [-24.293066, 81.700977], [-23.636523, 81.741846], [-23.496143, 81.773047], [-23.392969, 81.827197], [-23.310547, 81.885303], [-23.248779, 81.947266], [-23.179834, 81.989453], [-23.103711, 82.011816], [-22.940088, 82.030518], [-22.563379, 82.053027], [-21.575537, 82.074951], [-21.337988, 82.068701], [-21.167383, 81.983838], [-21.130322, 81.934229], [-21.117969, 81.869629], [-21.123437, 81.789941], [-21.146582, 81.695166], [-21.230518, 81.601367], [-21.503906, 81.4375], [-21.723633, 81.348242], [-21.960742, 81.283936], [-22.415283, 81.137109], [-22.572754, 81.0979], [-23.072461, 80.926709], [-23.196387, 80.847363], [-23.203662, 80.789258], [-23.117725, 80.778174], [-22.972852, 80.832813], [-22.918945, 80.871826], [-22.825684, 80.912646], [-22.089404, 81.020215], [-21.931348, 81.050195], [-21.449756, 81.178174], [-21.142432, 81.226172], [-20.889746, 81.276367], [-20.755859, 81.312012], [-20.015723, 81.564355], [-19.629932, 81.639893], [-19.224756, 81.640039], [-19.152979, 81.512207], [-18.667383, 81.492432], [-18.456543, 81.497949], [-18.117871, 81.466846], [-17.969385, 81.441162], [-17.71665, 81.428174], [-17.456055, 81.397705], [-17.226221, 81.43042], [-17.159033, 81.450928], [-16.937061, 81.543896], [-16.637109, 81.626221], [-16.358984, 81.729053], [-16.266797, 81.753955], [-16.120703, 81.776611], [-15.968896, 81.785498], [-15.555518, 81.833594], [-15.450635, 81.836963], [-15.22749, 81.821777], [-14.241992, 81.813867], [-13.704492, 81.789062], [-12.956006, 81.720215], [-12.434424, 81.68252], [-12.192871, 81.649121], [-11.841113, 81.577539], [-11.557471, 81.502637], [-11.425537, 81.480615], [-11.430664, 81.456836], [-11.528809, 81.424023], [-12.231348, 81.309229], [-12.46123, 81.23252], [-13.126221, 81.087793], [-13.451172, 81.038086], [-13.804297, 81.018604], [-14.197363, 81.013916], [-14.452344, 80.993115], [-14.490137, 80.973291], [-14.308496, 80.913232], [-14.228564, 80.870459], [-14.240186, 80.832422], [-14.43125, 80.776074], [-14.503564, 80.763281], [-15.194238, 80.721436], [-15.542676, 80.650391], [-15.99751, 80.641699], [-16.318945, 80.649805], [-16.760596, 80.573389], [-16.587793, 80.51123], [-16.429443, 80.484229], [-15.937256, 80.427637], [-15.932617, 80.395117], [-16.167773, 80.329395], [-16.48877, 80.251953], [-16.868408, 80.198242], [-17.011133, 80.190186], [-17.191162, 80.203662], [-17.357227, 80.200781], [-17.722852, 80.176025], [-18.070947, 80.17207], [-18.692578, 80.20708], [-19.029004, 80.247607], [-19.206006, 80.261621], [-19.429199, 80.257715], [-19.515039, 80.241406], [-19.866797, 80.144727], [-20.039502, 80.078711], [-20.150146, 80.01123], [-20.197412, 79.937646], [-20.181348, 79.857959], [-20.138477, 79.803369], [-20.068848, 79.773779], [-19.9854, 79.755859], [-19.839307, 79.746484], [-19.517871, 79.755371], [-19.391504, 79.750342], [-19.353027, 79.73418], [-19.283594, 79.683154], [-19.295996, 79.63501], [-19.354199, 79.567334], [-19.399316, 79.488379], [-19.431201, 79.398145], [-19.414014, 79.348828], [-19.283984, 79.338037], [-19.222949, 79.341602], [-19.152197, 79.325391], [-19.071777, 79.289453], [-19.011328, 79.251465], [-18.970801, 79.211377], [-18.991992, 79.178369], [-19.074951, 79.152344], [-19.262207, 79.122998], [-19.723047, 79.065039], [-19.769824, 79.047363], [-19.806055, 79.012109], [-19.831592, 78.959131], [-19.887207, 78.910938], [-19.9729, 78.867627], [-20.050488, 78.841797], [-20.199902, 78.830322], [-20.395703, 78.828809], [-20.615576, 78.803906], [-21.13374, 78.658643], [-21.141455, 78.642529], [-20.947461, 78.595898], [-20.955664, 78.555029], [-21.194775, 78.379834], [-21.260205, 78.293018], [-21.312012, 78.173975], [-21.397266, 78.073584], [-21.515967, 77.991846], [-21.632666, 77.897461], [-21.747559, 77.790625], [-21.72959, 77.708545], [-21.578906, 77.651367], [-21.379687, 77.697559], [-21.131885, 77.847217], [-20.862598, 77.911865], [-20.571826, 77.891553], [-20.318604, 77.861963], [-19.995117, 77.803418], [-19.724316, 77.766943], [-19.49043, 77.718896], [-19.393994, 77.678369], [-19.296875, 77.621289], [-19.296094, 77.585254], [-19.467529, 77.56582], [-19.524121, 77.571973], [-19.953223, 77.666357], [-20.162061, 77.689844], [-20.439209, 77.661621], [-20.680811, 77.618994], [-20.46377, 77.447314], [-20.231934, 77.368408], [-19.808643, 77.332373], [-19.587598, 77.294434], [-19.426416, 77.245996], [-19.300293, 77.222363], [-19.131006, 77.232764], [-18.903418, 77.280469], [-18.585889, 77.283057], [-18.442627, 77.259375], [-18.339014, 77.215283], [-18.292383, 77.132861], [-18.302734, 77.012109], [-18.337256, 76.921191], [-18.396045, 76.860059], [-18.510303, 76.778174], [-18.605762, 76.763281], [-18.740283, 76.767725], [-18.865332, 76.784521], [-18.981006, 76.81377], [-19.156348, 76.836572], [-19.508789, 76.861084], [-19.864941, 76.914404], [-20.064355, 76.927588], [-20.486719, 76.920801], [-20.94209, 76.887012], [-20.959912, 76.842676], [-21.614697, 76.687891], [-21.749023, 76.68999], [-21.930811, 76.743164], [-22.185254, 76.794092], [-22.334326, 76.793701], [-22.554541, 76.729248], [-22.609326, 76.704297], [-22.606641, 76.680762], [-22.444434, 76.625049], [-22.378613, 76.612207], [-22.294873, 76.601465], [-22.003711, 76.588086], [-21.877344, 76.573486], [-21.758105, 76.400537], [-21.569092, 76.293701], [-21.488232, 76.271875], [-21.416846, 76.264014], [-21.185449, 76.267969], [-20.887402, 76.304004], [-20.783301, 76.275146], [-20.563818, 76.239844], [-20.4354, 76.231055], [-20.279297, 76.232471], [-20.103613, 76.219092], [-19.862891, 76.120654], [-19.957715, 75.99668], [-19.806885, 75.897363], [-19.566016, 75.794971], [-19.508984, 75.75752], [-19.485693, 75.6896], [-19.480273, 75.644775], [-19.462158, 75.603857], [-19.431445, 75.566895], [-19.399512, 75.494434], [-19.366455, 75.386426], [-19.375293, 75.298193], [-19.425977, 75.229834], [-19.526367, 75.180225], [-19.67627, 75.149365], [-19.798486, 75.157471], [-19.893164, 75.204541], [-20.026562, 75.254688], [-20.198682, 75.307959], [-20.484961, 75.314258], [-20.905859, 75.156934], [-21.093848, 75.149072], [-21.246533, 75.133398], [-21.409424, 75.064795], [-21.649316, 75.023438], [-21.861035, 75.039844], [-22.232861, 75.119727], [-22.097754, 75.066357], [-21.904346, 75.003906], [-21.783936, 74.971484], [-21.695117, 74.964453], [-21.597656, 74.971973], [-21.457324, 74.997559], [-21.140576, 75.068555], [-21.056689, 75.079395], [-20.985791, 75.074365], [-20.927783, 75.053418], [-20.861084, 74.992578], [-20.785693, 74.891748], [-20.795312, 74.805957], [-20.88999, 74.735205], [-20.970996, 74.689844], [-21.038281, 74.669873], [-21.038477, 74.65415], [-20.861572, 74.635937], [-20.611133, 74.728223], [-20.531738, 74.84292], [-20.41709, 74.975195], [-20.214258, 75.019238], [-19.984912, 74.975195], [-19.799707, 74.851709], [-19.537793, 74.624561], [-19.427344, 74.600928], [-19.287012, 74.546387], [-19.225098, 74.479492], [-19.24165, 74.400195], [-19.271582, 74.342627], [-19.314941, 74.306787], [-19.369141, 74.284033], [-19.466748, 74.269482], [-19.64624, 74.257959], [-20.047559, 74.282275], [-20.256445, 74.282813], [-20.230566, 74.204639], [-20.653125, 74.137354], [-21.129443, 74.110889], [-21.580566, 74.163477], [-21.954932, 74.244287], [-21.832031, 74.357275], [-21.761963, 74.482764], [-21.94292, 74.565723], [-21.982617, 74.56748], [-21.920166, 74.439209], [-21.972705, 74.390039], [-22.177197, 74.330176], [-22.321582, 74.302539], [-22.334326, 74.286377], [-22.263525, 74.272412], [-22.217334, 74.245508], [-22.195654, 74.205713], [-22.22002, 74.165527], [-22.290576, 74.125], [-22.328955, 74.090967], [-22.335254, 74.063428], [-22.270557, 74.029883], [-22.134814, 73.990479], [-21.987695, 73.970996], [-21.298291, 73.962451], [-21.022217, 73.94126], [-20.367285, 73.848242], [-20.337988, 73.819678], [-20.448926, 73.653027], [-20.509668, 73.492871], [-20.636719, 73.463574], [-21.325879, 73.456641], [-21.547998, 73.431689], [-21.872852, 73.358105], [-22.185059, 73.269873], [-22.346875, 73.269238], [-22.9875, 73.34624], [-23.233203, 73.397705], [-23.760596, 73.543115], [-24.157715, 73.764453], [-24.339893, 73.672412], [-24.45127, 73.628516], [-24.566309, 73.605762], [-24.677246, 73.602197], [-24.78418, 73.61792], [-24.905469, 73.652783], [-25.108838, 73.733691], [-25.351465, 73.813623], [-25.521289, 73.851611], [-25.527734, 73.84082], [-25.427441, 73.793799], [-25.280518, 73.7396], [-24.908887, 73.580176], [-24.77832, 73.539893], [-24.79126, 73.511279], [-25.025879, 73.485791], [-25.310742, 73.431006], [-25.450098, 73.390674], [-25.66543, 73.292822], [-25.740186, 73.277637], [-26.062305, 73.253027], [-26.168555, 73.259033], [-26.406738, 73.312939], [-26.765479, 73.348193], [-26.976709, 73.379541], [-27.27041, 73.436279], [-27.169385, 73.37417], [-26.603613, 73.279492], [-26.541846, 73.248975], [-26.657617, 73.192139], [-26.728613, 73.171387], [-26.86333, 73.166992], [-27.061865, 73.178906], [-27.264893, 73.176465], [-27.472363, 73.159814], [-27.561621, 73.138477], [-27.532568, 73.112549], [-27.483154, 73.088916], [-27.41333, 73.067627], [-27.348047, 73.067822], [-27.189893, 73.132422], [-27.07002, 73.137012], [-26.753223, 73.121094], [-26.432861, 73.171484], [-26.202002, 73.193213], [-26.02876, 73.198779], [-25.399023, 73.275781], [-25.268311, 73.361963], [-25.057031, 73.396484], [-24.587207, 73.422949], [-24.132666, 73.409375], [-23.898975, 73.398291], [-23.709619, 73.316797], [-23.455762, 73.259082], [-23.244092, 73.193262], [-22.996045, 73.171582], [-22.852295, 73.083984], [-22.450195, 72.986084], [-22.194238, 72.965039], [-22.036328, 72.918457], [-22.023486, 72.720801], [-22.006738, 72.635449], [-22.074805, 72.399219], [-22.280225, 72.344775], [-22.239258, 72.220264], [-22.293213, 72.119531], [-22.49751, 72.157764], [-22.706836, 72.223926], [-23.208008, 72.326562], [-23.674365, 72.392578], [-23.855566, 72.452441], [-24.069043, 72.49873], [-24.358594, 72.687305], [-24.547217, 72.921729], [-24.62998, 73.037646], [-24.788574, 73.044141], [-24.99248, 73.013086], [-25.170557, 72.980273], [-25.255859, 72.924121], [-25.86084, 72.846875], [-26.080469, 72.793994], [-26.205762, 72.795557], [-26.657617, 72.71582], [-26.476562, 72.677637], [-26.39209, 72.672803], [-26.209473, 72.694385], [-26.099805, 72.721924], [-25.687988, 72.797363], [-25.357422, 72.810254], [-25.2375, 72.842773], [-24.984814, 72.889209], [-24.81333, 72.901514], [-24.789453, 72.889746], [-24.771045, 72.868652], [-24.65, 72.58252], [-24.700684, 72.506348], [-24.836914, 72.47334], [-25.128027, 72.419189], [-25.203711, 72.392969], [-25.117871, 72.346973], [-24.844189, 72.390332], [-24.666846, 72.437354], [-24.572363, 72.420215], [-24.417187, 72.348242], [-24.242285, 72.311328], [-23.797705, 72.200732], [-23.587109, 72.139795], [-23.290918, 72.081006], [-22.955762, 71.999414], [-22.868506, 71.970654], [-22.562158, 71.928271], [-22.496875, 71.913818], [-22.370215, 71.769824], [-22.264502, 71.753809], [-21.959668, 71.744678], [-22.01333, 71.688818], [-22.311035, 71.564551], [-22.46499, 71.524902], [-22.503223, 71.500439], [-22.488574, 71.456689], [-22.479639, 71.383447], [-22.417578, 71.248682], [-22.347754, 71.373486], [-22.299023, 71.432324], [-22.233789, 71.449951], [-22.16958, 71.452539], [-21.961426, 71.508203], [-21.752246, 71.47832], [-21.697949, 71.337451], [-21.671191, 71.205957], [-21.689648, 71.092383], [-21.666602, 70.915869], [-21.674512, 70.856299], [-21.625146, 70.804639], [-21.573926, 70.590479], [-21.522656, 70.526221], [-21.625537, 70.468555], [-21.943506, 70.443457], [-22.069287, 70.471875], [-22.384131, 70.462402], [-22.384521, 70.513135], [-22.399854, 70.571289], [-22.401123, 70.611914], [-22.422119, 70.648682], [-22.437012, 70.86001], [-22.526074, 70.807812], [-22.531348, 70.76499], [-22.555029, 70.721436], [-22.609668, 70.493311], [-22.690674, 70.437305], [-22.942578, 70.450781], [-23.190625, 70.44248], [-23.327832, 70.450977], [-23.791797, 70.555176], [-23.971387, 70.649463], [-24.130371, 70.791064], [-24.228516, 70.923389], [-24.265723, 71.046338], [-24.377002, 71.146387], [-24.562207, 71.223535], [-24.781006, 71.286084], [-25.033398, 71.333936], [-25.25498, 71.395703], [-25.445801, 71.47124], [-25.655859, 71.530029], [-25.885156, 71.571924], [-26.211426, 71.589941], [-26.688525, 71.58335], [-27.010645, 71.630566], [-27.087207, 71.626563], [-27.162305, 71.602197], [-27.107031, 71.532666], [-26.737207, 71.500781], [-26.452002, 71.493506], [-26.074072, 71.498047], [-25.842725, 71.480176], [-25.757812, 71.439941], [-25.699414, 71.368311], [-25.667578, 71.265332], [-25.742236, 71.183594], [-26.014111, 71.092822], [-26.15752, 71.050293], [-26.575977, 70.968701], [-26.71792, 70.950488], [-27.067334, 70.944922], [-27.335693, 70.952783], [-27.68877, 70.993457], [-27.888916, 71.001709], [-28.303125, 71.007178], [-28.398438, 70.99292], [-28.291553, 70.949316], [-28.115869, 70.924609], [-27.992188, 70.895215], [-27.979297, 70.839502], [-28.023877, 70.756787], [-28.069873, 70.699023], [-28.145654, 70.655664], [-28.41748, 70.573535], [-28.530078, 70.547559], [-29.036816, 70.461523], [-29.07207, 70.444971], [-28.953467, 70.447217], [-28.633105, 70.477783], [-28.540918, 70.476904], [-28.015039, 70.402246], [-27.596094, 70.406689], [-26.747266, 70.475537], [-26.67749, 70.474219], [-26.621777, 70.463379], [-26.56543, 70.437549], [-26.508398, 70.396631], [-26.576807, 70.35708], [-26.770654, 70.318896], [-27.07251, 70.281201], [-27.203223, 70.255713], [-27.328125, 70.217139], [-27.56084, 70.124463], [-27.628857, 70.028223], [-27.38418, 69.991602], [-27.274219, 70.037939], [-27.144482, 70.14082], [-27.027734, 70.201221], [-26.752148, 70.242188], [-26.415674, 70.221338], [-26.155713, 70.245605], [-25.624854, 70.346973], [-25.529883, 70.353174], [-24.748828, 70.295068], [-24.041016, 70.181201], [-23.667334, 70.139307], [-23.173242, 70.1146], [-22.284473, 70.12583], [-22.206592, 70.10791], [-22.235449, 70.067578], [-22.287061, 70.033398], [-22.435107, 69.985742], [-22.614941, 69.954248], [-22.726221, 69.945361], [-22.820898, 69.922852], [-23.033643, 69.90083], [-23.088232, 69.882959], [-23.014551, 69.804834], [-23.049561, 69.792725], [-23.236963, 69.791455], [-23.552539, 69.740527], [-23.811621, 69.744189], [-23.865723, 69.736719], [-23.816553, 69.717822], [-23.764258, 69.681348], [-23.708984, 69.627246], [-23.739404, 69.588623], [-23.855566, 69.565576], [-23.943652, 69.558057], [-24.24751, 69.590381], [-24.29668, 69.585547], [-24.252295, 69.562354], [-24.227051, 69.526953], [-24.220898, 69.479297], [-24.295557, 69.439307], [-24.451074, 69.40708], [-24.740576, 69.318408], [-24.866602, 69.293066], [-25.13252, 69.272119], [-25.188574, 69.260547], [-25.080469, 69.19248], [-25.092432, 69.165186], [-25.272217, 69.091602], [-25.544043, 69.045703], [-25.581152, 69.020947], [-25.606348, 68.954443], [-25.626123, 68.927979], [-25.697998, 68.889893], [-25.955859, 68.817285], [-26.138623, 68.781152], [-26.229248, 68.751563], [-26.341406, 68.702148], [-26.48291, 68.675928], [-26.653711, 68.672852], [-26.815332, 68.654346], [-27.081152, 68.601807], [-27.26626, 68.584326], [-27.851221, 68.493506], [-28.126465, 68.479004], [-28.364551, 68.446533], [-28.854346, 68.359814], [-29.087695, 68.331934], [-29.249512, 68.298779], [-29.426221, 68.289307], [-29.713574, 68.31084], [-29.868506, 68.311572], [-29.96377, 68.298535], [-30.051123, 68.271924], [-30.195508, 68.198975], [-30.318115, 68.193311], [-30.72002, 68.251172], [-30.711865, 68.224951], [-30.605664, 68.162354], [-30.610742, 68.11792], [-30.849756, 68.072852], [-30.978564, 68.061328], [-31.168457, 68.079834], [-31.419482, 68.128467], [-31.741992, 68.22998], [-32.137256, 68.384912], [-32.327441, 68.437305], [-32.313672, 68.387598], [-32.269629, 68.339014], [-32.195215, 68.29165], [-32.180127, 68.257275], [-32.224219, 68.235986], [-32.282373, 68.225244], [-32.35459, 68.225098], [-32.366846, 68.213037], [-32.248926, 68.139111], [-32.155957, 68.063184], [-32.164551, 67.991113], [-32.274805, 67.922852], [-32.369531, 67.882764], [-32.44873, 67.870947], [-32.918018, 67.700684], [-33.04873, 67.679248], [-33.108154, 67.658203], [-33.156982, 67.626709], [-33.293604, 67.485742], [-33.348877, 67.442725], [-33.458496, 67.386719], [-33.504443, 67.377002], [-33.517578, 67.354199], [-33.497754, 67.318164], [-33.527979, 67.258154], [-33.608203, 67.174219], [-33.881348, 66.942285], [-34.10166, 66.725928], [-34.198242, 66.655078], [-34.268896, 66.625049], [-34.313623, 66.635791], [-34.422852, 66.630176], [-34.475879, 66.592139], [-34.523926, 66.52334], [-34.57627, 66.470898], [-34.632812, 66.434766], [-35.074658, 66.27915], [-35.188574, 66.250293], [-35.290869, 66.268555], [-35.411719, 66.261523], [-35.662061, 66.34375], [-35.705469, 66.373975], [-35.867236, 66.441406], [-35.861865, 66.40625], [-35.834717, 66.386865], [-35.812109, 66.358398], [-35.755518, 66.323535], [-35.630078, 66.139941], [-35.729297, 66.102246], [-35.81792, 66.059229], [-36.044189, 65.986621], [-36.288721, 65.864844], [-36.379199, 65.830811], [-36.399219, 65.930078], [-36.388965, 65.959717], [-36.527246, 66.007715], [-36.522754, 65.973145], [-36.537012, 65.940869], [-36.637256, 65.812305], [-36.665186, 65.790088], [-36.714502, 65.795068], [-36.822168, 65.771338], [-36.932422, 65.782568], [-37.025879, 65.841113], [-37.062793, 65.871436], [-37.233203, 65.788086], [-37.316016, 65.790234], [-37.329834, 65.720166], [-37.410059, 65.656348], [-37.516064, 65.628711], [-37.66377, 65.630859], [-37.754199, 65.593066], [-37.954785, 65.633594], [-38.00127, 65.709619], [-37.842285, 65.813818], [-37.797363, 65.856787], [-37.826514, 65.909668], [-37.787842, 65.977979], [-37.484473, 66.194629], [-37.278711, 66.304395], [-37.290674, 66.323926], [-37.569922, 66.347852], [-37.813916, 66.385498], [-38.05166, 66.398438], [-38.156641, 66.385596], [-37.98916, 66.322656], [-37.752344, 66.261523], [-37.868896, 66.203125], [-37.969434, 66.141113], [-38.073437, 65.972559], [-38.139941, 65.903516], [-38.398145, 65.982861], [-38.520361, 66.009668], [-38.442676, 65.92168], [-38.216357, 65.83833], [-38.201855, 65.810889], [-38.203369, 65.711719], [-38.636719, 65.624365], [-39.088965, 65.611133], [-39.413379, 65.586279], [-39.960938, 65.556201], [-40.173535, 65.556152], [-40.191553, 65.52251], [-39.655957, 65.368896], [-39.57793, 65.340771], [-39.652539, 65.287842], [-39.763184, 65.254932], [-39.937256, 65.141602], [-40.028027, 65.102539], [-40.253125, 65.048877], [-40.667578, 65.10874], [-40.880566, 65.081982], [-41.084424, 65.10083], [-41.088672, 65.035352], [-41.027734, 64.987549], [-40.966016, 64.868848], [-40.829297, 64.878076], [-40.655469, 64.915332], [-40.521094, 64.825488], [-40.432715, 64.673193], [-40.278418, 64.595947], [-40.209863, 64.536279], [-40.182227, 64.479932], [-40.278467, 64.423828], [-40.477637, 64.344434], [-40.698535, 64.329736], [-40.686426, 64.266943], [-40.781738, 64.221777], [-40.98457, 64.23501], [-41.079395, 64.266504], [-41.177734, 64.281445], [-41.581006, 64.29834], [-41.175, 64.177393], [-41.030566, 64.121045], [-40.966309, 64.154443], [-40.825684, 64.162549], [-40.617773, 64.131738], [-40.652344, 63.927734], [-40.561279, 63.762354], [-40.550391, 63.725244], [-40.771533, 63.626172], [-40.775195, 63.533643], [-40.906836, 63.507861], [-41.04873, 63.513818], [-41.056152, 63.412256], [-41.152246, 63.348926], [-41.135205, 63.309277], [-41.107715, 63.273779], [-41.195459, 63.209229], [-41.274707, 63.130664], [-41.387891, 63.061865], [-41.447852, 63.068945], [-41.62793, 63.064502], [-41.844482, 63.070264], [-42.019727, 63.159619], [-42.092383, 63.189355], [-42.174512, 63.208789], [-42.142969, 63.151318], [-42.093994, 63.116748], [-41.932275, 63.052246], [-41.634473, 62.972461], [-41.643604, 62.915869], [-41.723242, 62.89126], [-41.908984, 62.737109], [-41.974902, 62.733789], [-42.058252, 62.693994], [-42.315625, 62.707324], [-42.42373, 62.723145], [-42.741113, 62.713037], [-42.849072, 62.72666], [-42.94165, 62.720215], [-42.855273, 62.676709], [-42.673682, 62.6375], [-42.467139, 62.598193], [-42.152979, 62.568457], [-42.164355, 62.512207], [-42.243164, 62.466064], [-42.197949, 62.397119], [-42.233105, 62.347705], [-42.248145, 62.289062], [-42.321484, 62.152734], [-42.236133, 62.05918], [-42.143066, 62.013525], [-42.153857, 61.953418], [-42.110205, 61.857227], [-42.249707, 61.771387], [-42.36543, 61.774609], [-42.53042, 61.755322], [-42.585303, 61.71748], [-42.323633, 61.681738], [-42.347363, 61.617432], [-42.41875, 61.537012], [-42.49375, 61.362793], [-42.645996, 61.064111], [-42.717041, 60.76748], [-43.044092, 60.523682], [-43.159961, 60.516943], [-43.189063, 60.507275], [-43.34834, 60.519775], [-43.59834, 60.576025], [-43.791992, 60.59458], [-43.922705, 60.595361], [-43.939551, 60.567383], [-43.831152, 60.521973], [-43.665479, 60.502979], [-43.533057, 60.472998], [-43.295654, 60.444971], [-43.212988, 60.390674], [-43.156494, 60.332861], [-43.164844, 60.301025], [-43.165332, 60.263428], [-43.1229, 60.06123], [-43.234814, 59.991309], [-43.320117, 59.928125], [-43.616895, 59.936914], [-43.668506, 59.958936], [-43.955029, 60.025488], [-43.937402, 59.994238], [-43.730127, 59.90376], [-43.65791, 59.858643], [-43.706201, 59.849316], [-43.789844, 59.845947], [-43.906543, 59.815479], [-44.116992, 59.831934], [-44.10542, 59.877734], [-44.065479, 59.924805], [-44.161719, 59.916797], [-44.268945, 59.89292], [-44.33125, 59.901709], [-44.383594, 59.899072], [-44.412939, 59.922607], [-44.453467, 60.014551], [-44.404932, 60.060791], [-44.231348, 60.180273], [-44.176123, 60.244385], [-44.224365, 60.273535], [-44.34834, 60.204785], [-44.476367, 60.095508], [-44.533154, 60.029492], [-44.613281, 60.01665], [-44.812207, 60.049902], [-45.379248, 60.20293], [-45.362354, 60.295947], [-45.367773, 60.372949], [-45.20249, 60.382715], [-45.082275, 60.416211], [-44.974707, 60.457227], [-44.853516, 60.531934], [-44.742432, 60.655273], [-44.756738, 60.6646], [-45.082715, 60.507178], [-45.283301, 60.454541], [-45.380518, 60.444922], [-45.428857, 60.468262], [-45.590283, 60.518848], [-45.695215, 60.541846], [-45.934326, 60.579443], [-45.976514, 60.599707], [-46.046631, 60.615723], [-46.141943, 60.776514], [-46.018652, 60.971777], [-45.93374, 61.028418], [-45.879883, 61.094141], [-45.849414, 61.181152], [-45.870215, 61.218311], [-45.942285, 61.205566], [-45.975684, 61.175781], [-45.97041, 61.129199], [-46.011719, 61.096826], [-46.29668, 61.022363], [-46.582422, 60.962061], [-46.717773, 60.904932], [-46.805664, 60.860303], [-46.874463, 60.816406], [-46.979687, 60.820361], [-47.124854, 60.811328], [-47.224414, 60.782861], [-47.369727, 60.800342], [-47.464648, 60.842627], [-47.579053, 60.847461], [-47.707471, 60.8271], [-47.79624, 60.828857], [-47.788867, 60.800146], [-47.729932, 60.729492], [-47.82793, 60.724756], [-48.013965, 60.721973], [-48.10752, 60.742432], [-48.180811, 60.769238], [-48.241943, 60.806836], [-48.205176, 60.855908], [-47.905957, 60.945752], [-47.770312, 60.997754], [-47.858789, 61.015674], [-48.146143, 60.999463], [-48.193945, 61.012939], [-48.386426, 61.004736], [-48.378125, 61.138477], [-48.424951, 61.17168], [-48.428174, 61.187402], [-48.494824, 61.224707], [-48.55791, 61.233984], [-48.597168, 61.247412], [-48.92207, 61.277441], [-48.964502, 61.352002], [-48.987207, 61.428711], [-49.049219, 61.523877], [-49.204736, 61.548682], [-49.289062, 61.589941], [-49.222266, 61.632129], [-49.193115, 61.685645], [-49.265234, 61.710059], [-49.31123, 61.747803], [-49.304492, 61.772314], [-49.362891, 61.838525], [-49.380273, 61.890186], [-49.313477, 61.938623], [-49.129785, 61.993408], [-49.070557, 62.015479], [-49.039648, 62.039355], [-48.828711, 62.079687], [-49.008154, 62.108203], [-49.120459, 62.112598], [-49.202295, 62.099316], [-49.27793, 62.045752], [-49.348535, 62.010205], [-49.623779, 61.998584], [-49.664258, 62.016943], [-49.683398, 62.092578], [-49.667725, 62.150879], [-49.553467, 62.232715], [-49.685254, 62.27334], [-49.806055, 62.286523], [-49.943359, 62.324463], [-50.070215, 62.364502], [-50.17915, 62.411133], [-50.285205, 62.466211], [-50.319238, 62.473193], [-50.280908, 62.530762], [-50.259326, 62.578076], [-50.256006, 62.679785], [-50.29873, 62.721973], [-50.20376, 62.808789], [-50.076025, 62.90376], [-49.793115, 63.044629], [-50.092236, 62.976758], [-50.33833, 62.82876], [-50.390088, 62.822021], [-50.408203, 62.848828], [-50.501563, 62.944922], [-50.572021, 62.971143], [-50.603516, 63.000049], [-50.743506, 63.05127], [-50.804297, 63.090771], [-50.890479, 63.166943], [-51.013086, 63.257568], [-51.187598, 63.436426], [-51.468848, 63.642285], [-51.538184, 63.758008], [-51.451074, 63.904785], [-51.54751, 64.006104], [-51.280078, 64.052979], [-50.897559, 64.105566], [-50.699365, 64.149268], [-50.58501, 64.162354], [-50.341895, 64.170361], [-50.260693, 64.214258], [-50.395947, 64.203174], [-50.486621, 64.208887], [-50.492285, 64.229346], [-50.45874, 64.26582], [-50.437061, 64.312842], [-50.483398, 64.304346], [-50.721045, 64.22334], [-51.072314, 64.159033], [-51.34668, 64.123096], [-51.391113, 64.125], [-51.487109, 64.103271], [-51.542285, 64.097021], [-51.584912, 64.103174], [-51.682031, 64.164746], [-51.707861, 64.205078], [-51.533789, 64.314209], [-51.40376, 64.463184], [-51.231543, 64.560596], [-51.109912, 64.572803], [-50.906543, 64.567578], [-50.834912, 64.558984], [-50.857715, 64.616797], [-50.849219, 64.644678], [-50.684326, 64.678174], [-50.49209, 64.693164], [-50.355127, 64.682568], [-50.268945, 64.614746], [-50.158203, 64.489551], [-50.008984, 64.447266], [-50.015527, 64.507422], [-50.092969, 64.584912], [-50.121631, 64.70376], [-50.219922, 64.753857], [-50.298877, 64.778564], [-50.516992, 64.766504], [-50.648145, 64.85332], [-50.677881, 64.885205], [-50.681299, 64.927539], [-50.812158, 65.051855], [-50.854248, 65.113965], [-50.92373, 65.196729], [-50.960645, 65.201123], [-50.913721, 65.096973], [-50.852344, 65.023682], [-50.764844, 64.862549], [-50.721582, 64.797607], [-50.780176, 64.746143], [-50.891064, 64.695215], [-50.989062, 64.664844], [-51.220605, 64.628467], [-51.17085, 64.707764], [-51.138965, 64.785742], [-51.255371, 64.758105], [-51.363623, 64.701562], [-51.400928, 64.623096], [-51.470459, 64.551807], [-51.676758, 64.377051], [-51.758105, 64.279932], [-51.834961, 64.231982], [-51.922607, 64.21875], [-51.998682, 64.256787], [-52.063184, 64.346094], [-52.093408, 64.415918], [-52.097021, 64.59707], [-52.088867, 64.681543], [-52.124023, 64.79541], [-52.235449, 65.060547], [-52.259033, 65.154932], [-52.447607, 65.205127], [-52.450342, 65.221338], [-52.499707, 65.275049], [-52.537695, 65.328809], [-52.50625, 65.348486], [-52.461426, 65.362695], [-52.17959, 65.441943], [-51.970703, 65.530713], [-51.721094, 65.669922], [-51.619141, 65.713184], [-51.25293, 65.746484], [-51.090381, 65.751025], [-51.091895, 65.775781], [-51.146387, 65.785645], [-51.393799, 65.77915], [-51.723437, 65.723486], [-51.779883, 65.703418], [-51.924121, 65.616797], [-52.035352, 65.569482], [-52.348242, 65.461328], [-52.55127, 65.461377], [-52.760937, 65.59082], [-52.994922, 65.566016], [-53.15293, 65.574561], [-53.198975, 65.594043], [-53.23374, 65.77085], [-53.106348, 65.977148], [-53.24375, 65.979053], [-53.272217, 65.987402], [-53.344727, 66.034375], [-53.392041, 66.04834], [-53.356934, 66.073291], [-53.017871, 66.170898], [-52.510889, 66.362402], [-52.292627, 66.437646], [-52.15791, 66.470117], [-52.056104, 66.507324], [-51.932178, 66.587891], [-51.891211, 66.623145], [-51.822119, 66.651562], [-51.676367, 66.683594], [-51.51709, 66.732031], [-51.258594, 66.841211], [-51.225, 66.881543], [-51.281055, 66.890967], [-51.401953, 66.85376], [-51.647705, 66.754004], [-51.823047, 66.697852], [-52.42124, 66.44668], [-52.675879, 66.355225], [-52.814453, 66.296875], [-52.921924, 66.241113], [-53.035791, 66.201416], [-53.156055, 66.177734], [-53.412744, 66.159961], [-53.53877, 66.139355], [-53.614697, 66.154492], [-53.648096, 66.273535], [-53.622607, 66.344043], [-53.634717, 66.413672], [-53.570703, 66.513281], [-53.475684, 66.583838], [-53.435791, 66.622168], [-53.41875, 66.648535], [-53.222705, 66.721436], [-53.114648, 66.753809], [-53.038281, 66.826807], [-52.603125, 66.852734], [-52.491064, 66.850146], [-52.431445, 66.859912], [-52.386865, 66.881152], [-52.429736, 66.897559], [-52.560107, 66.909082], [-52.906689, 66.906885], [-53.226953, 66.919385], [-53.373096, 66.931934], [-53.443604, 66.924658], [-53.56001, 66.945947], [-53.687158, 66.986475], [-53.884424, 67.135547], [-53.805469, 67.326904], [-53.798584, 67.418164], [-53.5479, 67.498193], [-53.413867, 67.524707], [-53.223584, 67.584961], [-52.969531, 67.687256], [-52.666455, 67.749707], [-52.512012, 67.761279], [-52.383594, 67.752344], [-51.909082, 67.663721], [-51.665039, 67.646387], [-51.450586, 67.667725], [-51.181445, 67.636523], [-50.705371, 67.508887], [-50.613477, 67.52793], [-50.640137, 67.558838], [-51.171045, 67.693604], [-51.167969, 67.733838], [-51.03208, 67.744385], [-50.887012, 67.783545], [-50.968848, 67.806641], [-51.321484, 67.786572], [-51.423242, 67.754492], [-51.765234, 67.737842], [-51.943848, 67.765186], [-52.104199, 67.778711], [-52.344824, 67.836914], [-52.546191, 67.81792], [-52.673242, 67.794971], [-52.89834, 67.773242], [-52.97959, 67.757764], [-53.418799, 67.574561], [-53.603613, 67.536475], [-53.735205, 67.549023], [-53.642822, 67.668262], [-53.616211, 67.715332], [-53.616357, 67.766602], [-53.577979, 67.836816], [-53.35293, 67.970508], [-53.211377, 68.116943], [-53.151562, 68.207764], [-53.040967, 68.21792], [-52.889844, 68.204541], [-52.436084, 68.145654], [-52.058496, 68.075488], [-51.77998, 68.056738], [-51.596875, 68.054785], [-51.518359, 68.077148], [-51.456494, 68.116064], [-51.432666, 68.143018], [-51.414697, 68.198193], [-51.393701, 68.217773], [-51.33252, 68.241846], [-51.207275, 68.325537], [-51.169141, 68.385205], [-51.210156, 68.419922], [-51.293457, 68.416357], [-51.456104, 68.393506], [-51.478027, 68.383984], [-51.475049, 68.365381], [-51.632422, 68.273047], [-51.804004, 68.251807], [-52.198535, 68.220801], [-52.378516, 68.218604], [-52.698389, 68.261523], [-52.746777, 68.278369], [-52.780029, 68.309863], [-53.17251, 68.302734], [-53.289844, 68.293262], [-53.383154, 68.297363], [-53.337402, 68.352148], [-53.213281, 68.412988], [-53.039453, 68.610889], [-52.893848, 68.661523], [-52.60459, 68.70874], [-52.302783, 68.701123], [-51.780664, 68.548193], [-51.623145, 68.534814], [-51.478711, 68.547168], [-51.133301, 68.598438], [-51.069922, 68.619189], [-50.945703, 68.682666], [-50.800635, 68.79126], [-50.807715, 68.816992], [-51.030225, 68.756299], [-51.148877, 68.739941], [-51.249414, 68.739941], [-51.156055, 68.938428], [-51.119727, 69.090527], [-51.084863, 69.128271], [-50.792285, 69.116846], [-50.392676, 69.137402], [-50.297363, 69.170605], [-50.298877, 69.185352], [-50.459375, 69.205518], [-50.536621, 69.247852], [-50.671045, 69.234473], [-50.851074, 69.20625], [-51.076953, 69.209473], [-51.057812, 69.274805], [-50.892236, 69.411768], [-50.875195, 69.474219], [-50.810596, 69.599023], [-50.804102, 69.663037], [-50.720264, 69.725342], [-50.459082, 69.769727], [-50.349463, 69.79624], [-50.343457, 69.825244], [-50.5, 69.935791], [-50.460254, 69.966309], [-50.3375, 69.994141], [-50.291699, 70.014453], [-50.322949, 70.027148], [-50.436084, 70.039355], [-50.609863, 70.014941], [-50.802344, 70.003223], [-50.972705, 70.039893], [-51.105713, 70.057422], [-51.189941, 70.051904], [-51.418848, 69.989209], [-51.499072, 69.987158], [-51.598096, 70.004541], [-52.254639, 70.058936], [-52.336035, 70.078125], [-52.57124, 70.172119], [-52.765039, 70.234131], [-53.023047, 70.301904], [-53.35752, 70.35332], [-53.768506, 70.388525], [-54.014453, 70.42168], [-54.135645, 70.468408], [-54.343311, 70.571191], [-54.501172, 70.656885], [-54.530762, 70.699268], [-54.437988, 70.751611], [-54.343555, 70.789209], [-54.16582, 70.820117], [-53.85918, 70.809912], [-53.694434, 70.796094], [-53.513086, 70.766602], [-53.376025, 70.761035], [-53.091309, 70.769385], [-52.801953, 70.750586], [-52.63042, 70.729932], [-52.405225, 70.686768], [-51.783789, 70.503223], [-51.524463, 70.439453], [-51.411719, 70.431787], [-50.946875, 70.363623], [-50.872363, 70.364893], [-50.682129, 70.396875], [-50.663281, 70.417578], [-50.727539, 70.437988], [-50.932666, 70.453857], [-51.17334, 70.529102], [-51.322852, 70.58877], [-51.339893, 70.687549], [-51.32041, 70.742871], [-51.282813, 70.768018], [-51.256592, 70.852686], [-51.396094, 70.903027], [-51.493555, 70.918896], [-51.752686, 70.992236], [-51.774316, 71.010449], [-51.650098, 71.019043], [-51.528418, 71.014014], [-51.26709, 70.976855], [-51.130078, 70.971729], [-51.03042, 70.986279], [-51.018945, 71.001318], [-51.177783, 71.043457], [-51.37666, 71.119043], [-51.791895, 71.130127], [-52.061377, 71.121631], [-52.233594, 71.147559], [-52.416895, 71.189697], [-52.53457, 71.200439], [-52.775, 71.174023], [-52.89668, 71.170703], [-53.007568, 71.17998], [-53.117041, 71.312891], [-53.087891, 71.352734], [-53.0021, 71.369971], [-52.937305, 71.412842], [-52.891846, 71.457666], [-52.749414, 71.501514], [-51.967285, 71.599121], [-51.769922, 71.671729], [-51.778613, 71.68291], [-51.911719, 71.669434], [-52.081934, 71.636719], [-52.195801, 71.62998], [-52.656299, 71.672266], [-52.728076, 71.662646], [-52.914551, 71.601904], [-53.167529, 71.535938], [-53.284082, 71.539941], [-53.440088, 71.579004], [-53.464844, 71.606787], [-53.476025, 71.640186], [-53.304736, 71.685889], [-53.249707, 71.710156], [-53.138867, 71.775195], [-53.144531, 71.807422], [-53.333691, 71.789746], [-53.35835, 71.819629], [-53.355273, 71.870898], [-53.373633, 71.935742], [-53.420117, 71.999756], [-53.575391, 72.098047], [-53.639795, 72.12334], [-53.692871, 72.159668], [-53.809863, 72.292578], [-53.775977, 72.32583], [-53.672021, 72.351025], [-53.652148, 72.362646], [-53.900537, 72.341748], [-53.927734, 72.318799], [-53.880908, 72.284961], [-53.847461, 72.239844], [-53.827539, 72.183447], [-53.792871, 72.134082], [-53.70293, 72.080029], [-53.630957, 72.051514], [-53.513672, 71.97627], [-53.4625, 71.893555], [-53.477588, 71.849951], [-53.568652, 71.805566], [-53.71543, 71.757666], [-53.759863, 71.718018], [-53.779687, 71.678516], [-53.894092, 71.641992], [-53.964355, 71.655664], [-54.019922, 71.657861], [-53.954297, 71.592676], [-53.912061, 71.525928], [-53.962988, 71.458984], [-54.098926, 71.418506], [-54.172705, 71.417285], [-54.317725, 71.384473], [-54.689062, 71.367236], [-54.818311, 71.375293], [-55.055371, 71.408594], [-55.336426, 71.426758], [-55.4479, 71.471777], [-55.594043, 71.553516], [-55.667822, 71.626758], [-55.669336, 71.691504], [-55.629785, 71.738623], [-55.549219, 71.768262], [-55.452441, 71.957666], [-55.315576, 72.110693], [-54.970898, 72.268408], [-54.872607, 72.325439], [-54.840137, 72.356104], [-54.840625, 72.379395], [-54.896338, 72.394189], [-55.320117, 72.199561], [-55.581445, 72.178857], [-55.659473, 72.222607], [-55.63584, 72.300439], [-55.589307, 72.318506], [-55.37793, 72.311133], [-55.295703, 72.354395], [-55.427979, 72.419873], [-55.56875, 72.437012], [-55.601709, 72.453467], [-55.456787, 72.503271], [-55.121875, 72.499609], [-55.04624, 72.534424], [-54.924951, 72.571973], [-54.790381, 72.641602], [-54.740039, 72.700195], [-54.728711, 72.750488], [-54.757715, 72.791064], [-54.76084, 72.831738], [-54.737939, 72.87251], [-54.773096, 72.917578], [-54.866211, 72.966846], [-55.073096, 73.015137], [-55.133984, 72.960645], [-55.198437, 72.938232], [-55.288916, 72.933203], [-55.372412, 72.956152], [-55.459521, 72.964404], [-55.545117, 72.984912], [-55.633984, 72.991406], [-55.668555, 73.00791], [-55.69082, 73.054102], [-55.692773, 73.112842], [-55.592285, 73.140283], [-55.452344, 73.161914], [-55.358691, 73.20293], [-55.297168, 73.262305], [-55.288281, 73.3271], [-55.332031, 73.397363], [-55.445703, 73.460498], [-55.656201, 73.399072], [-55.738867, 73.383984], [-55.75791, 73.42793], [-55.787061, 73.460498], [-55.875537, 73.504639], [-55.991992, 73.536816], [-56.104053, 73.558154], [-56.10918, 73.590771], [-56.082617, 73.62749], [-56.033008, 73.670312], [-55.968408, 73.75957], [-55.897314, 73.751611], [-55.838281, 73.759717], [-55.872412, 73.833447], [-55.929492, 73.89541], [-55.996533, 73.930615], [-55.998926, 73.945947], [-56.014453, 73.963867], [-56.066211, 74.007275], [-56.124219, 74.039062], [-56.225391, 74.129102], [-56.298486, 74.163428], [-56.392187, 74.181201], [-56.493164, 74.182178], [-56.655176, 74.158545], [-56.954297, 74.131201], [-57.191113, 74.118213], [-57.230566, 74.125293], [-57.112109, 74.159473], [-56.9375, 74.195068], [-56.706348, 74.219189], [-56.638965, 74.278369], [-56.663916, 74.32959], [-56.654297, 74.378125], [-56.717676, 74.429248], [-56.656006, 74.457568], [-56.445557, 74.486084], [-56.350293, 74.490479], [-56.255469, 74.526807], [-56.52207, 74.614307], [-56.801318, 74.67168], [-56.871143, 74.694971], [-56.932568, 74.73335], [-56.985547, 74.786768], [-57.07168, 74.840234], [-57.190869, 74.89375], [-57.364795, 74.945459], [-57.813184, 75.03999], [-57.96709, 75.105176], [-58.108838, 75.204932], [-58.179688, 75.247461], [-58.25332, 75.278955], [-58.565527, 75.352734], [-58.603467, 75.385303], [-58.281201, 75.47207], [-58.249658, 75.506689], [-58.381299, 75.612012], [-58.516211, 75.689063], [-58.663086, 75.716406], [-58.881445, 75.730469], [-59.081592, 75.764697], [-59.263623, 75.818896], [-59.445312, 75.858594], [-59.717432, 75.896289], [-60.172754, 75.993311], [-60.874609, 76.097168], [-61.188232, 76.157861], [-61.374805, 76.17998], [-61.62085, 76.185645], [-62.09668, 76.242334], [-62.496191, 76.260449], [-62.742871, 76.252148], [-62.823437, 76.261523], [-63.005811, 76.319092], [-63.291309, 76.352051], [-63.438867, 76.339453], [-63.621973, 76.277881], [-63.843066, 76.217139], [-63.960352, 76.208936], [-64.135205, 76.264502], [-64.223193, 76.30332], [-64.307275, 76.316504], [-64.387305, 76.304004], [-64.543408, 76.253076], [-64.69209, 76.21626], [-64.911963, 76.17251], [-65.087646, 76.151514], [-65.313232, 76.146387], [-65.369922, 76.130566], [-65.456787, 76.129834], [-65.57373, 76.144238], [-65.683301, 76.172705], [-65.785449, 76.215332], [-65.875732, 76.23833], [-65.954053, 76.241699], [-66.134033, 76.219629], [-66.361768, 76.154785], [-66.465771, 76.13916], [-66.553223, 76.145947], [-66.659961, 76.166162], [-66.874023, 76.217871], [-66.992578, 76.212939], [-67.078711, 76.194824], [-67.054785, 76.151855], [-66.853906, 76.05], [-66.674805, 75.977393], [-66.826172, 75.968799], [-68.14873, 76.067041], [-68.317285, 76.090771], [-68.560645, 76.150195], [-68.763086, 76.186621], [-69.107568, 76.280859], [-69.3729, 76.331885], [-69.460889, 76.371729], [-69.484082, 76.39917], [-69.399658, 76.436279], [-68.86499, 76.561377], [-68.660742, 76.586621], [-68.24541, 76.616748], [-68.147217, 76.635645], [-68.114258, 76.650635], [-68.223389, 76.677686], [-68.767383, 76.668018], [-69.252051, 76.686133], [-69.673828, 76.735889], [-69.747217, 76.752393], [-69.818652, 76.782764], [-69.888086, 76.827051], [-69.872217, 76.876611], [-69.771045, 76.931445], [-69.711719, 76.969043], [-69.694238, 76.989453], [-70.224463, 76.85459], [-70.441309, 76.807373], [-70.613135, 76.821826], [-70.733691, 76.844189], [-70.792822, 76.869092], [-70.790625, 76.896484], [-70.77124, 76.916504], [-70.734668, 76.929004], [-71.015039, 76.984863], [-71.141455, 77.028662], [-71.154883, 77.073877], [-71.055469, 77.120508], [-70.958105, 77.154346], [-70.862842, 77.175439], [-70.603711, 77.193848], [-69.656543, 77.229004], [-68.97832, 77.195312], [-68.747461, 77.306934], [-68.591602, 77.342529], [-68.135547, 77.37959], [-67.433789, 77.384668], [-66.937988, 77.364209], [-66.705762, 77.338037], [-66.389453, 77.280273], [-66.371289, 77.297705], [-66.447656, 77.349805], [-66.453076, 77.393066], [-66.325293, 77.468213], [-66.266455, 77.515381], [-66.306445, 77.564502], [-66.445361, 77.615674], [-66.691211, 77.681201], [-66.823535, 77.686621], [-66.970654, 77.67085], [-67.147363, 77.634521], [-67.514648, 77.54292], [-67.688086, 77.523779], [-67.977344, 77.518896], [-68.137305, 77.530469], [-68.291895, 77.544189], [-68.533496, 77.592773], [-68.621533, 77.601855], [-68.728223, 77.580566], [-68.853662, 77.528857], [-68.974561, 77.492627], [-69.090918, 77.471924], [-69.199658, 77.462939], [-69.351367, 77.467139], [-69.976758, 77.547656], [-70.118164, 77.583496], [-70.126367, 77.637793], [-70.318311, 77.690381], [-70.5354, 77.699561], [-70.561914, 77.717187], [-70.286621, 77.798242], [-70.081494, 77.831396], [-70.114453, 77.841357], [-70.412402, 77.843115], [-70.613525, 77.8], [-70.728711, 77.792725], [-70.993604, 77.791553], [-71.271631, 77.813135], [-71.389844, 77.832031], [-71.512402, 77.875391], [-71.649902, 77.899805], [-72.064941, 77.936816], [-72.158545, 77.956934], [-72.247266, 77.99043], [-72.586328, 78.085205], [-72.791504, 78.154883], [-72.818066, 78.194336], [-72.581299, 78.279102], [-72.570947, 78.29873], [-72.672461, 78.335303], [-72.714795, 78.362305], [-72.679736, 78.399561], [-72.47251, 78.482031], [-72.395605, 78.504346], [-72.023682, 78.552783], [-71.651318, 78.623145], [-71.515625, 78.638965], [-71.394775, 78.642627], [-70.905762, 78.638477], [-70.754102, 78.655811], [-70.625391, 78.690137], [-70.414209, 78.724902], [-69.973535, 78.777686], [-68.993457, 78.857422], [-68.929639, 78.866797], [-68.923926, 78.881934], [-69.011963, 78.923047], [-69.030518, 78.942871], [-68.829834, 78.979736], [-68.377051, 79.037842], [-68.067529, 79.06582], [-67.868359, 79.067871], [-67.707764, 79.080371], [-67.482227, 79.116895], [-67.354541, 79.12334], [-66.58374, 79.137695], [-66.242773, 79.117822], [-66.075342, 79.118213], [-65.967871, 79.132373], [-65.825537, 79.17373], [-65.559766, 79.276465], [-65.419873, 79.340234], [-65.287793, 79.437305], [-65.116943, 79.589014], [-64.989258, 79.736963], [-64.904639, 79.88125], [-64.838965, 79.969189], [-64.792285, 80.000635], [-64.632422, 80.040576], [-64.465723, 80.07168], [-64.17915, 80.099268], [-64.205273, 80.112109], [-64.326807, 80.133594], [-64.439941, 80.141846], [-64.544629, 80.136914], [-64.735254, 80.104443], [-64.982227, 80.082471], [-65.222119, 80.085938], [-65.394922, 80.077734], [-65.553418, 80.047998], [-65.810449, 80.024072], [-65.981934, 80.029492], [-66.291504, 80.072266], [-66.447705, 80.080273], [-66.843652, 80.076221], [-66.959473, 80.092041], [-67.060645, 80.123145], [-67.141309, 80.166455], [-67.201465, 80.222168], [-67.193164, 80.280078], [-67.050635, 80.384521], [-66.995898, 80.412988], [-66.610059, 80.52959], [-66.372314, 80.58418], [-66.135693, 80.625], [-65.963281, 80.648975], [-65.800977, 80.659717], [-65.645215, 80.685059], [-65.358203, 80.766504], [-65.062158, 80.836328], [-64.693799, 80.966016], [-64.515527, 81], [-63.891553, 81.056445], [-63.721973, 81.057324], [-63.578027, 81.043262], [-63.441699, 81.013867], [-63.058594, 80.885596], [-63.028662, 80.889551], [-63.095459, 80.938086], [-63.235205, 81.08335], [-63.2125, 81.143115], [-62.993262, 81.206982], [-62.903369, 81.218359], [-62.671924, 81.214111], [-62.298877, 81.194385], [-62.049414, 81.172754], [-61.860352, 81.137598], [-61.635596, 81.115723], [-61.519092, 81.116797], [-61.435986, 81.133594], [-61.316992, 81.188477], [-61.162061, 81.281494], [-61.1, 81.396094], [-61.130762, 81.532324], [-61.175977, 81.631885], [-61.235693, 81.69458], [-61.20293, 81.746875], [-61.015039, 81.80957], [-60.842871, 81.855371], [-60.432373, 81.920166], [-60.099463, 81.937354], [-59.901904, 81.933008], [-59.642285, 81.902637], [-59.281934, 81.884033], [-58.956787, 81.825195], [-58.429785, 81.690039], [-58.079932, 81.622217], [-57.790332, 81.591748], [-57.504883, 81.539893], [-57.082861, 81.429932], [-56.862061, 81.382715], [-56.730664, 81.365625], [-56.615137, 81.362891], [-56.658154, 81.394287], [-56.859668, 81.459961], [-57.168408, 81.532178], [-57.853027, 81.662012], [-58.230078, 81.753662], [-58.568213, 81.858203], [-58.816748, 81.92041], [-59.268018, 81.98208], [-59.261816, 82.006641], [-58.717383, 82.093066], [-57.716895, 82.168311], [-56.589355, 82.227148], [-56.211963, 82.221143], [-55.548682, 82.245752], [-55.48623, 82.282861], [-55.343604, 82.299561], [-54.725879, 82.351367], [-54.548877, 82.350635], [-54.277051, 82.326074], [-53.987305, 82.279248], [-53.853223, 82.236865], [-53.671338, 82.164062], [-53.582031, 82.061572], [-53.595508, 81.738037], [-53.590771, 81.676855], [-53.555664, 81.653271], [-53.430127, 81.688379], [-53.27998, 81.753613], [-53.14502, 81.799756], [-53.041211, 81.870996], [-52.968506, 81.967139], [-52.925537, 82.038379], [-53.101953, 82.118945], [-53.110742, 82.251221], [-53.022559, 82.321729], [-52.775586, 82.321729], [-51.754004, 82.078223], [-51.351855, 82.025635], [-50.894434, 81.895215], [-50.360059, 81.909082], [-49.867041, 81.893018], [-49.648828, 81.897803], [-49.541064, 81.918066], [-49.694287, 81.972119], [-50.394824, 82.120703], [-50.713135, 82.237354], [-50.935547, 82.382812], [-50.989941, 82.460156], [-50.819531, 82.474072], [-50.037109, 82.472412], [-48.861182, 82.40542], [-47.357422, 82.173633], [-46.617334, 82.096973], [-45.291064, 81.828809], [-44.890967, 81.788281], [-44.729492, 81.779834], [-44.607617, 81.812939], [-44.532422, 81.848926], [-44.526904, 81.896826], [-44.591016, 81.956689], [-44.627734, 82.025879], [-44.637109, 82.104443], [-44.54707, 82.260059], [-44.333203, 82.310791], [-44.238867, 82.368164], [-44.326562, 82.471729], [-44.577246, 82.542627], [-45.552441, 82.725244], [-45.556543, 82.747021], [-45.359619, 82.770947], [-45.067432, 82.784961], [-42.650732, 82.741455], [-42.232959, 82.725488], [-42.054639, 82.709814], [-41.976562, 82.68916], [-41.876465, 82.680322], [-41.357275, 82.70498], [-41.369629, 82.75], [-41.434424, 82.778613], [-44.239209, 82.856787], [-44.761963, 82.883545], [-45.02793, 82.885596], [-45.302979, 82.865088], [-45.87334, 82.854883], [-46.136816, 82.858838], [-46.478174, 82.951904], [-46.169043, 83.063867], [-45.908887, 83.061328], [-45.4146, 83.017676], [-45.121777, 83.078662], [-44.656934, 83.129053], [-44.197314, 83.146826], [-43.19458, 83.255127], [-43.009277, 83.2646], [-42.775537, 83.258789], [-42.259521, 83.231982], [-42.05459, 83.205176], [-41.819775, 83.147754], [-41.683496, 83.130029], [-41.521973, 83.126758], [-41.300146, 83.100781], [-40.979395, 83.184863], [-40.689453, 83.275195], [-40.356836, 83.332178], [-39.886328, 83.298926], [-39.588428, 83.255566], [-39.316016, 83.203906], [-38.931104, 83.175342], [-38.278369, 82.998877], [-38.15625, 82.998633], [-38.098584, 83.013574], [-38.037012, 83.046289], [-38.014893, 83.094824], [-37.934766, 83.160742], [-37.992773, 83.185107], [-38.539551, 83.258154], [-38.64292, 83.286279], [-38.747803, 83.332568], [-38.749561, 83.37085], [-38.648242, 83.401025], [-38.541455, 83.414795], [-38.187939, 83.402295], [-38.071094, 83.412109], [-37.96084, 83.437646], [-37.828027, 83.485547], [-37.72334, 83.497754], [-37.486914, 83.499121], [-37.122998, 83.468408], [-36.804492, 83.46582], [-36.6896, 83.479932], [-36.672119, 83.509912], [-36.644434, 83.528955], [-36.606494, 83.536963], [-35.451855, 83.538623], [-35.165527, 83.545752], [-34.94165, 83.568457], [-34.667773, 83.571143], [-34.42832, 83.557568], [-34.131934, 83.528662], [-33.837354, 83.52998], [-33.39834, 83.577246], [-32.984424, 83.599609], [-30.70293, 83.593408], [-29.952881, 83.564844]]], [[[-52.731152, 69.944727], [-52.398242, 69.863428], [-52.045312, 69.807227], [-52.010791, 69.781543], [-51.983398, 69.742676], [-51.977051, 69.722412], [-51.985107, 69.703613], [-52.007471, 69.686279], [-51.981689, 69.663965], [-51.907764, 69.63667], [-51.900195, 69.604785], [-51.988428, 69.55], [-52.112598, 69.489111], [-52.770459, 69.363916], [-53.003125, 69.342627], [-53.578418, 69.256641], [-53.754346, 69.260156], [-53.793164, 69.264209], [-53.902051, 69.302002], [-54.051172, 69.337158], [-54.121045, 69.364404], [-54.182715, 69.403516], [-54.158154, 69.427783], [-54.047363, 69.437305], [-53.8896, 69.43667], [-53.658301, 69.465137], [-53.722266, 69.490723], [-53.783057, 69.506299], [-53.825, 69.540332], [-53.921484, 69.533691], [-53.99375, 69.553174], [-54.133203, 69.56543], [-54.496973, 69.577197], [-54.734131, 69.610547], [-54.804102, 69.630518], [-54.865771, 69.665039], [-54.919141, 69.713623], [-54.84126, 69.901904], [-54.787891, 69.949854], [-54.6646, 69.965674], [-54.363086, 69.923828], [-54.322607, 69.941895], [-54.652441, 70.011182], [-54.773633, 70.052539], [-54.809326, 70.085107], [-54.830762, 70.132959], [-54.830469, 70.161084], [-54.815576, 70.189404], [-54.78623, 70.217773], [-54.705957, 70.256152], [-54.371631, 70.317285], [-54.007227, 70.296436], [-53.375146, 70.221289], [-53.296729, 70.205371], [-53.10293, 70.140869], [-52.731152, 69.944727]]], [[[-51.013672, 69.55249], [-51.17041, 69.517139], [-51.202051, 69.525], [-51.233984, 69.551855], [-51.314893, 69.674072], [-51.338867, 69.732031], [-51.318945, 69.804053], [-51.350293, 69.854785], [-51.208887, 69.913916], [-51.09458, 69.92417], [-50.940234, 69.908691], [-50.679004, 69.848535], [-50.6979, 69.829053], [-50.754395, 69.797656], [-50.911719, 69.756689], [-50.967236, 69.664258], [-50.977881, 69.617822], [-50.97041, 69.583008], [-51.013672, 69.55249]]], [[[-53.535205, 71.04082], [-53.628809, 71.034277], [-53.897559, 71.085156], [-53.941162, 71.104297], [-53.957812, 71.127734], [-53.947461, 71.155518], [-53.861865, 71.207227], [-53.700977, 71.283008], [-53.584473, 71.29707], [-53.512354, 71.249609], [-53.441406, 71.18584], [-53.432129, 71.153418], [-53.436914, 71.115234], [-53.455469, 71.08291], [-53.487793, 71.056299], [-53.535205, 71.04082]]], [[[-55.016895, 72.791113], [-55.158203, 72.723291], [-55.273584, 72.684326], [-55.523633, 72.568408], [-55.566602, 72.564355], [-55.634131, 72.579443], [-55.686523, 72.609912], [-55.781006, 72.617236], [-55.813916, 72.636475], [-55.827148, 72.652148], [-55.869043, 72.662109], [-55.935693, 72.668359], [-56.042676, 72.656445], [-56.140869, 72.668457], [-56.214795, 72.719189], [-56.078076, 72.753223], [-55.993555, 72.782275], [-55.666455, 72.793701], [-55.574219, 72.780371], [-55.51626, 72.780713], [-55.42793, 72.788623], [-55.234668, 72.824805], [-55.205811, 72.84165], [-55.033008, 72.820508], [-55.016895, 72.791113]]], [[[-71.667334, 77.325293], [-72.023535, 77.316455], [-72.374414, 77.35542], [-72.494922, 77.385547], [-72.489551, 77.431641], [-72.436426, 77.447559], [-72.246777, 77.463525], [-72.089062, 77.46709], [-71.982764, 77.459961], [-71.73291, 77.431641], [-71.552148, 77.403271], [-71.433447, 77.394385], [-71.46709, 77.353662], [-71.667334, 77.325293]]], [[[-44.864551, 82.083643], [-45.067432, 82.066016], [-45.490771, 82.171826], [-46.161035, 82.277686], [-46.751904, 82.348193], [-47.30752, 82.533398], [-47.351221, 82.599219], [-47.272266, 82.656934], [-46.787207, 82.665723], [-46.39917, 82.692139], [-45.411377, 82.577539], [-44.91748, 82.480518], [-44.749902, 82.401123], [-44.776367, 82.242383], [-44.864551, 82.083643]]], [[[-25.432324, 70.921338], [-25.397217, 70.862451], [-25.393652, 70.834668], [-25.401367, 70.811279], [-25.420801, 70.79458], [-25.467773, 70.779687], [-25.380127, 70.740576], [-25.35166, 70.714307], [-25.346338, 70.693311], [-25.402246, 70.652686], [-25.800586, 70.598926], [-25.911328, 70.573047], [-26.049707, 70.509131], [-26.217871, 70.454053], [-26.273877, 70.454346], [-26.33916, 70.511426], [-26.604687, 70.553369], [-27.104785, 70.531494], [-27.690039, 70.478662], [-27.897998, 70.454004], [-28.003027, 70.467139], [-28.035254, 70.486816], [-28.036816, 70.514355], [-27.967529, 70.594824], [-27.939551, 70.615283], [-27.805273, 70.642041], [-27.714209, 70.712793], [-27.743994, 70.789746], [-27.708936, 70.897119], [-27.617236, 70.91377], [-27.3875, 70.875635], [-27.238867, 70.867578], [-26.975586, 70.862695], [-26.621777, 70.875635], [-26.337451, 70.919238], [-25.818896, 71.043652], [-25.726807, 71.042041], [-25.66084, 70.997949], [-25.612305, 70.976318], [-25.458252, 70.942529], [-25.432324, 70.921338]]], [[[-18.664746, 81.846484], [-18.767676, 81.814307], [-19.031445, 81.827197], [-19.369287, 81.917285], [-19.594482, 81.99126], [-19.610547, 82.078125], [-19.494727, 82.116699], [-19.314551, 82.123193], [-19.066895, 82.04917], [-18.812695, 81.949463], [-18.664746, 81.846484]]], [[[-17.6125, 79.825879], [-18.03584, 79.71123], [-18.662012, 79.72002], [-19.032422, 79.772949], [-19.138281, 79.852344], [-18.997168, 79.940479], [-18.547363, 80.011084], [-17.98291, 80.055176], [-17.471387, 80.028711], [-17.40083, 79.940479], [-17.6125, 79.825879]]], [[[-18.997168, 77.973779], [-19.129492, 77.938525], [-19.217627, 78.044336], [-19.297021, 78.185449], [-19.314697, 78.344189], [-19.111816, 78.423584], [-19.005957, 78.441211], [-18.9354, 78.423584], [-18.953027, 78.352979], [-18.953027, 78.211914], [-18.882471, 78.114893], [-18.997168, 77.973779]]], [[[-18.582617, 76.042334], [-18.697266, 76.015869], [-19.085352, 76.430371], [-19.085352, 76.580273], [-19.058887, 76.694971], [-18.882471, 76.703809], [-18.732617, 76.642041], [-18.662012, 76.403906], [-18.582617, 76.042334]]], [[[-18.000537, 75.407324], [-17.921191, 75.301514], [-17.885889, 75.204443], [-17.762402, 75.142773], [-17.497852, 75.151514], [-17.391992, 75.036914], [-17.586035, 74.992773], [-18.35332, 75.010449], [-18.670801, 75.00166], [-18.891309, 75.072168], [-18.882471, 75.195654], [-18.856055, 75.319141], [-18.635547, 75.389648], [-18.450342, 75.327979], [-18.229883, 75.37207], [-18.000537, 75.407324]]], [[[-17.953711, 77.642334], [-18.147998, 77.642334], [-18.22002, 77.668359], [-18.174023, 77.714355], [-17.903711, 77.862598], [-17.813574, 77.874609], [-17.681445, 77.858594], [-17.641357, 77.782471], [-17.729492, 77.706396], [-17.953711, 77.642334]]], [[[-37.03125, 65.531982], [-37.186816, 65.531348], [-37.238428, 65.609863], [-37.2229, 65.695459], [-37.04751, 65.722266], [-36.953076, 65.66333], [-36.986914, 65.575586], [-37.03125, 65.531982]]], [[[-46.266699, 60.781396], [-46.381543, 60.660303], [-46.496338, 60.68667], [-46.553125, 60.740771], [-46.666211, 60.765918], [-46.788086, 60.758398], [-46.78999, 60.779834], [-46.393896, 60.908789], [-46.205225, 60.943506], [-46.218604, 60.88916], [-46.254492, 60.841553], [-46.266699, 60.781396]]], [[[-51.675146, 70.855225], [-51.808691, 70.852539], [-52.119385, 70.870654], [-52.144189, 70.882275], [-52.148047, 70.904395], [-52.106738, 70.968018], [-51.969824, 70.976465], [-51.806934, 70.94165], [-51.631348, 70.892139], [-51.606934, 70.868848], [-51.675146, 70.855225]]]]}}, {"type": "Feature", "properties": {"ADMIN": "Algeria", "ROLE": "background", "ISO2": "DZ"}, "geometry": {"type": "Polygon", "coordinates": [[[8.576563, 36.937207], [8.597656, 36.883887], [8.60127, 36.833936], [8.506738, 36.7875], [8.444238, 36.760742], [8.369629, 36.63252], [8.230762, 36.545264], [8.207617, 36.518945], [8.208789, 36.495117], [8.302734, 36.455615], [8.333984, 36.418164], [8.34873, 36.367969], [8.306738, 36.18877], [8.280273, 36.050977], [8.245703, 35.870557], [8.24707, 35.801807], [8.28291, 35.719287], [8.318066, 35.654932], [8.329004, 35.582227], [8.316406, 35.403125], [8.359863, 35.299609], [8.394238, 35.203857], [8.312109, 35.084619], [8.276855, 34.979492], [8.254688, 34.828955], [8.245605, 34.734082], [8.192773, 34.646289], [8.123438, 34.563916], [8.045605, 34.512695], [7.949414, 34.468701], [7.838281, 34.410303], [7.748535, 34.254492], [7.554492, 34.125], [7.513867, 34.080518], [7.495605, 33.976514], [7.500195, 33.832471], [7.534375, 33.71792], [7.627539, 33.548633], [7.70918, 33.362305], [7.731348, 33.268506], [7.762695, 33.233105], [7.877246, 33.172119], [8.075586, 33.089062], [8.1125, 33.055322], [8.210938, 32.926709], [8.304199, 32.696289], [8.333398, 32.543604], [8.515137, 32.422314], [8.68291, 32.310449], [8.844043, 32.212109], [9.018945, 32.105371], [9.044043, 32.072363], [9.102344, 31.846143], [9.160254, 31.621338], [9.224023, 31.373682], [9.287891, 31.125342], [9.363281, 30.83291], [9.406055, 30.666797], [9.458008, 30.465381], [9.51875, 30.229395], [9.420996, 30.179297], [9.310254, 30.115234], [9.391016, 29.993652], [9.546191, 29.795947], [9.640137, 29.636426], [9.672656, 29.566992], [9.745898, 29.368945], [9.805273, 29.176953], [9.820703, 29.114795], [9.842578, 28.966992], [9.815625, 28.560205], [9.858203, 28.043311], [9.916016, 27.785693], [9.825293, 27.552979], [9.747559, 27.330859], [9.752539, 27.219336], [9.79541, 27.044775], [9.837109, 26.91582], [9.894434, 26.847949], [9.883203, 26.630811], [9.859375, 26.551953], [9.684961, 26.438232], [9.491406, 26.33374], [9.437891, 26.245508], [9.422363, 26.14707], [9.448242, 26.067139], [9.58125, 25.890137], [9.781055, 25.624268], [10.000684, 25.33208], [10.019043, 25.258545], [10.028125, 25.051025], [10.119531, 24.790234], [10.218652, 24.676221], [10.255859, 24.591016], [10.325781, 24.530225], [10.395898, 24.485596], [10.438965, 24.480225], [10.686133, 24.551367], [11.108203, 24.434033], [11.507617, 24.314355], [11.536914, 24.29082], [11.624219, 24.139697], [11.766992, 23.892578], [11.873047, 23.694824], [11.967871, 23.517871], [11.45, 23.212598], [10.932227, 22.907275], [10.414355, 22.602002], [9.896484, 22.296729], [9.378711, 21.991406], [8.860938, 21.686133], [8.343066, 21.380859], [7.825195, 21.075586], [7.481738, 20.873096], [7.263379, 20.694482], [6.989355, 20.470508], [6.730664, 20.248047], [6.527051, 20.072949], [6.263379, 19.846143], [6.130664, 19.731982], [5.836621, 19.47915], [5.74834, 19.434229], [5.358691, 19.359521], [5.001367, 19.291064], [4.671289, 19.227783], [4.445703, 19.184521], [4.227637, 19.142773], [3.910156, 19.08374], [3.683496, 19.041602], [3.43877, 18.996143], [3.400879, 18.988428], [3.356445, 18.986621], [3.323438, 18.988379], [3.255957, 19.013281], [3.174219, 19.0729], [3.119727, 19.103174], [3.106055, 19.150098], [3.137891, 19.212158], [3.177246, 19.268164], [3.192383, 19.312061], [3.219629, 19.34541], [3.254395, 19.372607], [3.255859, 19.410938], [3.227051, 19.473584], [3.20166, 19.5604], [3.202734, 19.718311], [3.203418, 19.770752], [3.203711, 19.789697], [3.130273, 19.850195], [2.99248, 19.916602], [2.865723, 19.955957], [2.80791, 19.969434], [2.667773, 19.99292], [2.474219, 20.03501], [2.406152, 20.063867], [2.280859, 20.210303], [2.219336, 20.247803], [1.928809, 20.272705], [1.832422, 20.296875], [1.753223, 20.331592], [1.685449, 20.378369], [1.647363, 20.458838], [1.636035, 20.524365], [1.610645, 20.555566], [1.290234, 20.713574], [1.208887, 20.767285], [1.165723, 20.817432], [1.164062, 20.891309], [1.172754, 20.981982], [1.15918, 21.0625], [1.145508, 21.102246], [0.999414, 21.197754], [0.671875, 21.411865], [0.344434, 21.625977], [0.016992, 21.840137], [-0.310547, 22.054199], [-0.637988, 22.268311], [-0.965479, 22.482471], [-1.292969, 22.696533], [-1.62041, 22.910645], [-1.9479, 23.124805], [-2.275391, 23.338867], [-2.60293, 23.553027], [-2.930371, 23.767139], [-3.257861, 23.98125], [-3.585352, 24.195361], [-3.912793, 24.409473], [-4.240332, 24.623535], [-4.516992, 24.804492], [-4.822607, 24.995605], [-5.049512, 25.135449], [-5.275, 25.274512], [-5.516943, 25.423779], [-5.674512, 25.516406], [-5.862549, 25.627002], [-6.050586, 25.737598], [-6.238672, 25.848193], [-6.426709, 25.958789], [-6.614746, 26.069434], [-6.802832, 26.17998], [-6.990869, 26.290576], [-7.178906, 26.401172], [-7.366992, 26.511768], [-7.555078, 26.622363], [-7.743115, 26.732959], [-7.931152, 26.843555], [-8.119238, 26.95415], [-8.307275, 27.064746], [-8.495312, 27.175342], [-8.68335, 27.285937], [-8.68335, 27.490234], [-8.68335, 27.656445], [-8.68335, 27.900391], [-8.68335, 28.112012], [-8.68335, 28.323682], [-8.68335, 28.469238], [-8.68335, 28.620752], [-8.678418, 28.689404], [-8.659912, 28.718604], [-8.55835, 28.767871], [-8.399316, 28.880176], [-8.340479, 28.930176], [-8.265186, 28.980518], [-7.998926, 29.132422], [-7.943848, 29.174756], [-7.685156, 29.349512], [-7.624609, 29.375195], [-7.485742, 29.392236], [-7.427686, 29.425], [-7.349756, 29.494727], [-7.234912, 29.574902], [-7.160205, 29.612646], [-7.142432, 29.61958], [-7.094922, 29.625195], [-6.855566, 29.601611], [-6.755127, 29.583838], [-6.635352, 29.568799], [-6.597754, 29.578955], [-6.565674, 29.603857], [-6.520557, 29.659863], [-6.510693, 29.726025], [-6.50791, 29.783789], [-6.500879, 29.809131], [-6.479736, 29.820361], [-6.427637, 29.816113], [-6.357617, 29.808301], [-6.214795, 29.810693], [-6.166504, 29.818945], [-6.004297, 29.83125], [-5.775, 29.869043], [-5.593311, 29.917969], [-5.448779, 29.956934], [-5.293652, 30.058643], [-5.180127, 30.166162], [-5.061914, 30.326416], [-4.968262, 30.465381], [-4.778516, 30.552393], [-4.619629, 30.604785], [-4.52915, 30.625537], [-4.322852, 30.698877], [-4.148779, 30.80957], [-3.985352, 30.913525], [-3.860059, 30.927246], [-3.702002, 30.944482], [-3.666797, 30.964014], [-3.626904, 31.000928], [-3.624512, 31.065771], [-3.67251, 31.111377], [-3.730176, 31.1354], [-3.770996, 31.161816], [-3.811816, 31.166602], [-3.833398, 31.197803], [-3.821387, 31.255469], [-3.815137, 31.308838], [-3.78916, 31.361816], [-3.796436, 31.437109], [-3.837109, 31.512354], [-3.849561, 31.566406], [-3.84668, 31.619873], [-3.826758, 31.661914], [-3.768164, 31.689551], [-3.700244, 31.700098], [-3.60459, 31.686768], [-3.439795, 31.704541], [-3.017383, 31.834277], [-2.988232, 31.874219], [-2.961133, 31.963965], [-2.930859, 32.042529], [-2.887207, 32.068848], [-2.863428, 32.074707], [-2.722607, 32.095752], [-2.523242, 32.125684], [-2.448389, 32.12998], [-2.23125, 32.121338], [-2.072803, 32.115039], [-1.816992, 32.104785], [-1.635156, 32.099561], [-1.477051, 32.094873], [-1.275342, 32.089014], [-1.225928, 32.107227], [-1.225928, 32.164551], [-1.262109, 32.271143], [-1.240332, 32.337598], [-1.162598, 32.39917], [-1.065527, 32.468311], [-1.111035, 32.552295], [-1.188232, 32.608496], [-1.296387, 32.675684], [-1.352148, 32.703369], [-1.45, 32.784814], [-1.51001, 32.877637], [-1.550732, 33.073584], [-1.625098, 33.18335], [-1.679199, 33.318652], [-1.63125, 33.566748], [-1.702979, 33.716846], [-1.714111, 33.781836], [-1.714697, 33.858203], [-1.692676, 33.990283], [-1.706934, 34.176074], [-1.791797, 34.36792], [-1.751855, 34.433252], [-1.733301, 34.467041], [-1.739453, 34.496094], [-1.816602, 34.55708], [-1.849658, 34.607324], [-1.832422, 34.654639], [-1.792187, 34.723193], [-1.795605, 34.751904], [-1.920898, 34.835547], [-2.131787, 34.97085], [-2.190771, 35.029785], [-2.219629, 35.104199], [-2.017773, 35.085059], [-1.913281, 35.094238], [-1.673633, 35.183105], [-1.48374, 35.303076], [-1.33584, 35.364258], [-1.205371, 35.495752], [-1.087695, 35.578857], [-0.91748, 35.668408], [-0.426123, 35.861523], [-0.350781, 35.863184], [-0.18916, 35.819092], [-0.048242, 35.832812], [0.047949, 35.900537], [0.15166, 36.063135], [0.312207, 36.162354], [0.514941, 36.261816], [0.79082, 36.356543], [0.97168, 36.443945], [1.257227, 36.51958], [1.974512, 36.567578], [2.342871, 36.610303], [2.593359, 36.600684], [2.846484, 36.738867], [2.972852, 36.784473], [3.520508, 36.795117], [3.779004, 36.896191], [4.758105, 36.896338], [4.877832, 36.862402], [4.99541, 36.808057], [5.195605, 36.676807], [5.29541, 36.648242], [5.424609, 36.675439], [5.725488, 36.799609], [6.064746, 36.864258], [6.249121, 36.93833], [6.327832, 37.046045], [6.486523, 37.085742], [6.575879, 37.003027], [6.927539, 36.919434], [7.143457, 36.943359], [7.238477, 36.968506], [7.204297, 37.092383], [7.432422, 37.059277], [7.607715, 36.999756], [7.791602, 36.880273], [7.910449, 36.856348], [8.127148, 36.910352], [8.576563, 36.937207]]]}}, {"type": "Feature", "properties": {"ADMIN": "Afghanistan", "ROLE": "background", "ISO2": "AF"}, "geometry": {"type": "Polygon", "coordinates": [[[66.522266, 37.348486], [66.827734, 37.371289], [67.068848, 37.334814], [67.195508, 37.235205], [67.319727, 37.20957], [67.441699, 37.258008], [67.517285, 37.26665], [67.546484, 37.235645], [67.607422, 37.22251], [67.7, 37.227246], [67.75293, 37.199805], [67.758984, 37.172217], [67.766016, 37.140137], [67.834473, 37.064209], [67.958008, 36.972021], [68.067773, 36.949805], [68.212109, 37.021533], [68.260938, 37.013086], [68.284766, 37.036328], [68.299512, 37.088428], [68.386914, 37.1375], [68.546484, 37.183447], [68.637012, 37.224463], [68.669141, 37.258398], [68.723242, 37.268018], [68.782031, 37.258008], [68.82373, 37.270703], [68.838477, 37.302832], [68.855371, 37.316846], [68.885254, 37.328076], [68.911816, 37.333936], [68.960449, 37.325049], [69.05, 37.266504], [69.180176, 37.158301], [69.264844, 37.108398], [69.303906, 37.116943], [69.353809, 37.150049], [69.414453, 37.207764], [69.429688, 37.290869], [69.399219, 37.399316], [69.420117, 37.486719], [69.49209, 37.553076], [69.625781, 37.594043], [69.820898, 37.60957], [69.940625, 37.600293], [69.984961, 37.566162], [70.044727, 37.547217], [70.119824, 37.543506], [70.188672, 37.582471], [70.251465, 37.66416], [70.25498, 37.765381], [70.199414, 37.886035], [70.214648, 37.924414], [70.23877, 37.941211], [70.313281, 37.984814], [70.417773, 38.075439], [70.518555, 38.191992], [70.61582, 38.334424], [70.735938, 38.422559], [70.878906, 38.456396], [71.052148, 38.417871], [71.255859, 38.306982], [71.332715, 38.170264], [71.282813, 38.00791], [71.278516, 37.918408], [71.319922, 37.901855], [71.389648, 37.906299], [71.487793, 37.931885], [71.551953, 37.933154], [71.582227, 37.910107], [71.580371, 37.864258], [71.546191, 37.795654], [71.505078, 37.60293], [71.479688, 37.436035], [71.454785, 37.271826], [71.43291, 37.127539], [71.471875, 37.015088], [71.530859, 36.845117], [71.597461, 36.73291], [71.665625, 36.696924], [71.733789, 36.684033], [71.802051, 36.694287], [71.941992, 36.766455], [72.153516, 36.900537], [72.358789, 36.98291], [72.657422, 37.029053], [72.757031, 37.172705], [72.895508, 37.267529], [73.211133, 37.408496], [73.38291, 37.462256], [73.481348, 37.47168], [73.604688, 37.446045], [73.632617, 37.437207], [73.657129, 37.430469], [73.720605, 37.41875], [73.733789, 37.375781], [73.717285, 37.329443], [73.648828, 37.291211], [73.627539, 37.261572], [73.653516, 37.239355], [73.749609, 37.231787], [73.948828, 37.283154], [74.077734, 37.316211], [74.16709, 37.329443], [74.203516, 37.372461], [74.259668, 37.41543], [74.349023, 37.41875], [74.444922, 37.395605], [74.524219, 37.382373], [74.659375, 37.394482], [74.730566, 37.357031], [74.830469, 37.285937], [74.875391, 37.241992], [74.891309, 37.231641], [74.840234, 37.225049], [74.767383, 37.24917], [74.738965, 37.285645], [74.72666, 37.290723], [74.668945, 37.266699], [74.558984, 37.236621], [74.372168, 37.157715], [74.376172, 37.137354], [74.497949, 37.057227], [74.526465, 37.030664], [74.541406, 37.022168], [74.431055, 36.983691], [74.194727, 36.896875], [74.038867, 36.825732], [74.001855, 36.823096], [73.907813, 36.85293], [73.769141, 36.888477], [73.731836, 36.887793], [73.411133, 36.881689], [73.116797, 36.868555], [72.99375, 36.851611], [72.766211, 36.83501], [72.622852, 36.82959], [72.531348, 36.802002], [72.431152, 36.76582], [72.326953, 36.742383], [72.249805, 36.734717], [72.156738, 36.700879], [72.095605, 36.63374], [71.920703, 36.53418], [71.822266, 36.486084], [71.772656, 36.431836], [71.716406, 36.426562], [71.620508, 36.436475], [71.545898, 36.377686], [71.463281, 36.293262], [71.312598, 36.171191], [71.23291, 36.121777], [71.185059, 36.04209], [71.220215, 36.000684], [71.342871, 35.938525], [71.397559, 35.880176], [71.427539, 35.83374], [71.483594, 35.7146], [71.519043, 35.59751], [71.571973, 35.546826], [71.587402, 35.46084], [71.600586, 35.40791], [71.571973, 35.37041], [71.545508, 35.328516], [71.545508, 35.288867], [71.577246, 35.247998], [71.605273, 35.211768], [71.620508, 35.183008], [71.60166, 35.150684], [71.545508, 35.101416], [71.51709, 35.051123], [71.455078, 34.966943], [71.358105, 34.909619], [71.294141, 34.867725], [71.225781, 34.779541], [71.113281, 34.681592], [71.065625, 34.599609], [71.016309, 34.554639], [70.965625, 34.530371], [70.978906, 34.486279], [71.022949, 34.431152], [71.095703, 34.369434], [71.092383, 34.273242], [71.089063, 34.204053], [71.091309, 34.120264], [71.051563, 34.049707], [70.848438, 33.981885], [70.654004, 33.952295], [70.415723, 33.950439], [70.325684, 33.961133], [70.253613, 33.975977], [69.994727, 34.051807], [69.889648, 34.007275], [69.868066, 33.897656], [70.056641, 33.719873], [70.13418, 33.620752], [70.219727, 33.454687], [70.28418, 33.369043], [70.261133, 33.289014], [70.090234, 33.198096], [69.920117, 33.1125], [69.703711, 33.094727], [69.567773, 33.06416], [69.501563, 33.020068], [69.453125, 32.832812], [69.40459, 32.764258], [69.405371, 32.682715], [69.359473, 32.590332], [69.289941, 32.530566], [69.241406, 32.433545], [69.256543, 32.249463], [69.279297, 31.936816], [69.186914, 31.838086], [69.083105, 31.738477], [68.973438, 31.667383], [68.868945, 31.634229], [68.782324, 31.646436], [68.713672, 31.708057], [68.673242, 31.759717], [68.597656, 31.802979], [68.520703, 31.794141], [68.443262, 31.754492], [68.319824, 31.767676], [68.213965, 31.807373], [68.161035, 31.802979], [68.130176, 31.763281], [68.017188, 31.677979], [67.739844, 31.548193], [67.626758, 31.53877], [67.578223, 31.506494], [67.597559, 31.45332], [67.64707, 31.409961], [67.733496, 31.379248], [67.737891, 31.343945], [67.661523, 31.312988], [67.596387, 31.277686], [67.452832, 31.234619], [67.287305, 31.217822], [67.115918, 31.24292], [67.027734, 31.300244], [66.924316, 31.305615], [66.829297, 31.263672], [66.731348, 31.194531], [66.624219, 31.046045], [66.595801, 31.019971], [66.566797, 30.996582], [66.497363, 30.964551], [66.397168, 30.912207], [66.346875, 30.802783], [66.286914, 30.60791], [66.300977, 30.502979], [66.305469, 30.321143], [66.281836, 30.193457], [66.238477, 30.109619], [66.247168, 30.043506], [66.313379, 29.968555], [66.286914, 29.92002], [66.23125, 29.865723], [66.177051, 29.835596], [65.961621, 29.778906], [65.666211, 29.701318], [65.470996, 29.651562], [65.180469, 29.577637], [65.095508, 29.559473], [64.918945, 29.552783], [64.827344, 29.56416], [64.703516, 29.567139], [64.521094, 29.564502], [64.39375, 29.544336], [64.266113, 29.506934], [64.172168, 29.460352], [64.117969, 29.414258], [64.09873, 29.391943], [63.970996, 29.430078], [63.567578, 29.497998], [62.476562, 29.40835], [62.373438, 29.425391], [62.000977, 29.53042], [61.521484, 29.665674], [61.224414, 29.749414], [60.843359, 29.858691], [61.104102, 30.128418], [61.331641, 30.363721], [61.559473, 30.599365], [61.78418, 30.831934], [61.81084, 30.913281], [61.814258, 31.072559], [61.755078, 31.285303], [61.660156, 31.382422], [61.346484, 31.421631], [61.110742, 31.451123], [60.854102, 31.483252], [60.820703, 31.495166], [60.791602, 31.660596], [60.804297, 31.734473], [60.7875, 31.877197], [60.789941, 31.987109], [60.827246, 32.167969], [60.829297, 32.249414], [60.710449, 32.6], [60.644531, 32.794385], [60.576563, 32.994873], [60.561914, 33.058789], [60.560547, 33.137842], [60.718066, 33.323535], [60.766895, 33.363818], [60.859277, 33.45625], [60.916992, 33.505225], [60.906934, 33.538965], [60.806445, 33.558691], [60.65459, 33.5604], [60.573828, 33.58833], [60.51084, 33.638916], [60.485938, 33.711914], [60.527051, 33.841992], [60.485742, 34.094775], [60.570215, 34.219629], [60.642676, 34.307178], [60.889453, 34.319434], [60.803906, 34.418018], [60.762598, 34.475244], [60.736133, 34.491797], [60.72627, 34.518262], [60.739453, 34.544727], [60.802344, 34.554639], [60.845313, 34.587695], [60.914746, 34.633984], [60.951172, 34.653857], [60.957813, 34.710059], [60.99082, 34.749756], [61.04043, 34.799365], [61.080078, 34.855615], [61.070215, 34.921729], [61.106641, 35.001123], [61.123145, 35.050732], [61.149609, 35.09375], [61.126465, 35.156543], [61.106641, 35.209473], [61.1, 35.272314], [61.139648, 35.288867], [61.189258, 35.312012], [61.199219, 35.361621], [61.225684, 35.424463], [61.245508, 35.474072], [61.278516, 35.51377], [61.281836, 35.553418], [61.262012, 35.61958], [61.344727, 35.629492], [61.377734, 35.593115], [61.421777, 35.545801], [61.542773, 35.457861], [61.620996, 35.432324], [61.719727, 35.419434], [61.841016, 35.431494], [61.938086, 35.4479], [61.983887, 35.443701], [62.089648, 35.379687], [62.213086, 35.289941], [62.252832, 35.250244], [62.271191, 35.189111], [62.307813, 35.170801], [62.386621, 35.23125], [62.462891, 35.251367], [62.533105, 35.239893], [62.610547, 35.233154], [62.688086, 35.255322], [62.722656, 35.271338], [62.858008, 35.349658], [62.980273, 35.40918], [63.056641, 35.445801], [63.08418, 35.568066], [63.119336, 35.637549], [63.169727, 35.678125], [63.150781, 35.728271], [63.12998, 35.766748], [63.108594, 35.818701], [63.12998, 35.846191], [63.178906, 35.858447], [63.30166, 35.858398], [63.516992, 35.913135], [63.696582, 35.967822], [63.8625, 36.012354], [63.938086, 36.019727], [64.009668, 36.012109], [64.042383, 36.025098], [64.051367, 36.067627], [64.092188, 36.112695], [64.184375, 36.148926], [64.358008, 36.226074], [64.511035, 36.340674], [64.56582, 36.427588], [64.602539, 36.554541], [64.674316, 36.750195], [64.753125, 36.964795], [64.782422, 37.059277], [64.816309, 37.13208], [64.951563, 37.193555], [65.089648, 37.237939], [65.303613, 37.246777], [65.55498, 37.251172], [65.608008, 37.368408], [65.641211, 37.467822], [65.683008, 37.519141], [65.743848, 37.56084], [65.765039, 37.569141], [65.900684, 37.508105], [66.108398, 37.414746], [66.350293, 37.368164], [66.471875, 37.344727], [66.522266, 37.348486]]]}}]}